Campaign,Ad group,Ad ID,Ad type,Ad strength,Headline 1,Headline 2,Final URL,Day,Impr.,Clicks,Cost,Conversions,Conv. value
Search | Brand,Brand,7000000000,Responsive search ad,Good,Biegosfera – oficjalny sklep,Darmowa dostawa od 199 zł,https://www.biegosfera.pl/buty-do-biegania,2026-08-02,135,39,35.87,4.00,"1,210.17"
Search | Brand,Brand,7000000137,Responsive search ad,Average,Biegosfera – oficjalny sklep (B),Darmowa dostawa od 199 zł,https://www.biegosfera.pl/buty-do-biegania,2026-08-02,92,16,14.72,1.00,302.54
Search | Buty do biegania,Damskie,7000000274,Responsive search ad,Good,Buty do biegania – nowa kolekcja,Darmowa dostawa od 199 zł,https://www.biegosfera.pl/buty-do-biegania,2026-08-02,141,12,25.68,0.00,0.00
Search | Buty do biegania,Damskie,7000000411,Responsive search ad,Average,Sprawdź buty do biegania,Darmowa dostawa od 199 zł,https://www.biegosfera.pl/buty-do-biegania,2026-08-02,107,4,8.56,0.00,0.00
Search | Buty do biegania,Męskie,7000000548,Responsive search ad,Good,Buty do biegania – nowa kolekcja,Darmowa dostawa od 199 zł,https://www.biegosfera.pl/buty-do-biegania,2026-08-02,112,11,24.50,0.00,0.00
Search | Buty do biegania,Męskie,7000000685,Responsive search ad,Average,Sprawdź buty do biegania,Darmowa dostawa od 199 zł,https://www.biegosfera.pl/buty-do-biegania,2026-08-02,76,3,6.68,0.00,0.00
Search | Buty do biegania,Ogólne,7000000822,Responsive search ad,Excellent,Buty do biegania | Darmowa dostawa,Darmowa dostawa od 199 zł,https://www.biegosfera.pl/buty-do-biegania,2026-08-02,773,57,113.74,0.00,0.00
Search | Buty do biegania,Ogólne,7000000959,Responsive search ad,Poor,Sklep sportowy online,Darmowa dostawa od 199 zł,https://www.biegosfera.pl/buty-do-biegania,2026-08-02,623,23,45.89,0.00,0.00
Search | Buty trailowe,Trail,7000001096,Responsive search ad,Good,Buty trailowe – przyczepność w terenie,Darmowa dostawa od 199 zł,https://www.biegosfera.pl/buty-trailowe,2026-08-02,543,28,52.20,2.00,607.45
Search | Buty trailowe,Trail,7000001233,Responsive search ad,Average,Wyprzedaż butów – do -50%,Darmowa dostawa od 199 zł,https://www.biegosfera.pl/buty-trailowe,2026-08-02,343,18,33.56,0.00,0.00
Search | Konkurencja,Asics,7000001370,Responsive search ad,Good,Buty do biegania – nowa kolekcja,Darmowa dostawa od 199 zł,https://www.biegosfera.pl/buty-do-biegania,2026-08-02,82,4,13.80,0.00,0.00
Search | Konkurencja,Asics,7000001507,Responsive search ad,Average,Sprawdź buty do biegania,Darmowa dostawa od 199 zł,https://www.biegosfera.pl/buty-do-biegania,2026-08-02,56,3,10.35,0.00,0.00
Search | Konkurencja,Hoka,7000001644,Responsive search ad,Good,Buty do biegania – nowa kolekcja,Darmowa dostawa od 199 zł,https://www.biegosfera.pl/buty-do-biegania,2026-08-02,70,1,3.03,0.00,0.00
Search | Konkurencja,Hoka,7000001781,Responsive search ad,Average,Sprawdź buty do biegania,Darmowa dostawa od 199 zł,https://www.biegosfera.pl/buty-do-biegania,2026-08-02,49,1,3.03,0.00,0.00
Search | Konkurencja,Nike,7000001918,Responsive search ad,Good,Buty do biegania – nowa kolekcja,Darmowa dostawa od 199 zł,https://www.biegosfera.pl/buty-do-biegania,2026-08-02,177,10,27.01,1.00,308.57
Search | Konkurencja,Nike,7000002055,Responsive search ad,Average,Sprawdź buty do biegania,Darmowa dostawa od 199 zł,https://www.biegosfera.pl/buty-do-biegania,2026-08-02,105,7,18.90,0.00,0.00
Search | Konkurencja,Ogólne,7000002192,Responsive search ad,Good,Buty do biegania – nowa kolekcja,Darmowa dostawa od 199 zł,https://www.biegosfera.pl/buty-do-biegania,2026-08-02,122,5,11.68,0.00,0.00
Search | Konkurencja,Ogólne,7000002329,Responsive search ad,Average,Sprawdź buty do biegania,Darmowa dostawa od 199 zł,https://www.biegosfera.pl/buty-do-biegania,2026-08-02,75,6,14.01,0.00,0.00
Search | Brand,Brand,7000000000,Responsive search ad,Good,Biegosfera – oficjalny sklep,Darmowa dostawa od 199 zł,https://www.biegosfera.pl/buty-do-biegania,2026-08-03,132,35,31.76,4.00,"1,440.82"
Search | Brand,Brand,7000000137,Responsive search ad,Average,Biegosfera – oficjalny sklep (B),Darmowa dostawa od 199 zł,https://www.biegosfera.pl/buty-do-biegania,2026-08-03,108,14,12.71,1.00,360.21
Search | Buty do biegania,Damskie,7000000274,Responsive search ad,Good,Buty do biegania – nowa kolekcja,Darmowa dostawa od 199 zł,https://www.biegosfera.pl/buty-do-biegania,2026-08-03,167,12,27.14,0.00,0.00
Search | Buty do biegania,Damskie,7000000411,Responsive search ad,Average,Sprawdź buty do biegania,Darmowa dostawa od 199 zł,https://www.biegosfera.pl/buty-do-biegania,2026-08-03,106,4,9.05,0.00,0.00
Search | Buty do biegania,Męskie,7000000548,Responsive search ad,Good,Buty do biegania – nowa kolekcja,Darmowa dostawa od 199 zł,https://www.biegosfera.pl/buty-do-biegania,2026-08-03,113,14,37.83,1.00,400.76
Search | Buty do biegania,Męskie,7000000685,Responsive search ad,Average,Sprawdź buty do biegania,Darmowa dostawa od 199 zł,https://www.biegosfera.pl/buty-do-biegania,2026-08-03,74,2,5.40,0.00,0.00
Search | Buty do biegania,Ogólne,7000000822,Responsive search ad,Excellent,Buty do biegania | Darmowa dostawa,Darmowa dostawa od 199 zł,https://www.biegosfera.pl/buty-do-biegania,2026-08-03,931,54,102.28,0.00,0.00
Search | Buty do biegania,Ogólne,7000000959,Responsive search ad,Poor,Sklep sportowy online,Darmowa dostawa od 199 zł,https://www.biegosfera.pl/buty-do-biegania,2026-08-03,787,31,58.71,0.00,0.00
Search | Buty trailowe,Trail,7000001096,Responsive search ad,Good,Buty trailowe – przyczepność w terenie,Darmowa dostawa od 199 zł,https://www.biegosfera.pl/buty-trailowe,2026-08-03,625,35,71.31,1.00,339.04
Search | Buty trailowe,Trail,7000001233,Responsive search ad,Average,Wyprzedaż butów – do -50%,Darmowa dostawa od 199 zł,https://www.biegosfera.pl/buty-trailowe,2026-08-03,411,22,44.83,3.00,"1,017.10"
Search | Konkurencja,Asics,7000001370,Responsive search ad,Good,Buty do biegania – nowa kolekcja,Darmowa dostawa od 199 zł,https://www.biegosfera.pl/buty-do-biegania,2026-08-03,130,7,23.84,0.00,0.00
Search | Konkurencja,Asics,7000001507,Responsive search ad,Average,Sprawdź buty do biegania,Darmowa dostawa od 199 zł,https://www.biegosfera.pl/buty-do-biegania,2026-08-03,75,5,17.03,0.00,0.00
Search | Konkurencja,Hoka,7000001644,Responsive search ad,Good,Buty do biegania – nowa kolekcja,Darmowa dostawa od 199 zł,https://www.biegosfera.pl/buty-do-biegania,2026-08-03,76,8,28.61,1.00,284.02
Search | Konkurencja,Hoka,7000001781,Responsive search ad,Average,Sprawdź buty do biegania,Darmowa dostawa od 199 zł,https://www.biegosfera.pl/buty-do-biegania,2026-08-03,49,0,0.00,0.00,0.00
Search | Konkurencja,Nike,7000001918,Responsive search ad,Good,Buty do biegania – nowa kolekcja,Darmowa dostawa od 199 zł,https://www.biegosfera.pl/buty-do-biegania,2026-08-03,193,4,13.39,0.00,0.00
Search | Konkurencja,Nike,7000002055,Responsive search ad,Average,Sprawdź buty do biegania,Darmowa dostawa od 199 zł,https://www.biegosfera.pl/buty-do-biegania,2026-08-03,130,6,20.08,0.00,0.00
Search | Konkurencja,Ogólne,7000002192,Responsive search ad,Good,Buty do biegania – nowa kolekcja,Darmowa dostawa od 199 zł,https://www.biegosfera.pl/buty-do-biegania,2026-08-03,155,7,16.39,0.00,0.00
Search | Konkurencja,Ogólne,7000002329,Responsive search ad,Average,Sprawdź buty do biegania,Darmowa dostawa od 199 zł,https://www.biegosfera.pl/buty-do-biegania,2026-08-03,97,4,9.36,1.00,387.69
Search | Brand,Brand,7000000000,Responsive search ad,Good,Biegosfera – oficjalny sklep,Darmowa dostawa od 199 zł,https://www.biegosfera.pl/buty-do-biegania,2026-08-04,137,50,45.01,2.00,686.10
Search | Brand,Brand,7000000137,Responsive search ad,Average,Biegosfera – oficjalny sklep (B),Darmowa dostawa od 199 zł,https://www.biegosfera.pl/buty-do-biegania,2026-08-04,98,19,17.11,2.00,686.10
Search | Buty do biegania,Damskie,7000000274,Responsive search ad,Good,Buty do biegania – nowa kolekcja,Darmowa dostawa od 199 zł,https://www.biegosfera.pl/buty-do-biegania,2026-08-04,153,15,25.49,1.00,415.17
Search | Buty do biegania,Damskie,7000000411,Responsive search ad,Average,Sprawdź buty do biegania,Darmowa dostawa od 199 zł,https://www.biegosfera.pl/buty-do-biegania,2026-08-04,106,5,8.50,0.00,0.00
Search | Buty do biegania,Męskie,7000000548,Responsive search ad,Good,Buty do biegania – nowa kolekcja,Darmowa dostawa od 199 zł,https://www.biegosfera.pl/buty-do-biegania,2026-08-04,112,10,18.93,0.00,0.00
Search | Buty do biegania,Męskie,7000000685,Responsive search ad,Average,Sprawdź buty do biegania,Darmowa dostawa od 199 zł,https://www.biegosfera.pl/buty-do-biegania,2026-08-04,98,5,9.47,0.00,0.00
Search | Buty do biegania,Ogólne,7000000822,Responsive search ad,Excellent,Buty do biegania | Darmowa dostawa,Darmowa dostawa od 199 zł,https://www.biegosfera.pl/buty-do-biegania,2026-08-04,904,67,118.77,2.00,768.38
Search | Buty do biegania,Ogólne,7000000959,Responsive search ad,Poor,Sklep sportowy online,Darmowa dostawa od 199 zł,https://www.biegosfera.pl/buty-do-biegania,2026-08-04,741,26,46.09,0.00,0.00
Search | Buty trailowe,Trail,7000001096,Responsive search ad,Good,Buty trailowe – przyczepność w terenie,Darmowa dostawa od 199 zł,https://www.biegosfera.pl/buty-trailowe,2026-08-04,649,29,58.16,1.00,264.16
Search | Buty trailowe,Trail,7000001233,Responsive search ad,Average,Wyprzedaż butów – do -50%,Darmowa dostawa od 199 zł,https://www.biegosfera.pl/buty-trailowe,2026-08-04,430,21,42.12,0.00,0.00
Search | Konkurencja,Asics,7000001370,Responsive search ad,Good,Buty do biegania – nowa kolekcja,Darmowa dostawa od 199 zł,https://www.biegosfera.pl/buty-do-biegania,2026-08-04,97,3,9.27,1.00,386.06
Search | Konkurencja,Asics,7000001507,Responsive search ad,Average,Sprawdź buty do biegania,Darmowa dostawa od 199 zł,https://www.biegosfera.pl/buty-do-biegania,2026-08-04,76,3,9.27,1.00,386.06
Search | Konkurencja,Hoka,7000001644,Responsive search ad,Good,Buty do biegania – nowa kolekcja,Darmowa dostawa od 199 zł,https://www.biegosfera.pl/buty-do-biegania,2026-08-04,89,9,30.56,0.00,0.00
Search | Konkurencja,Hoka,7000001781,Responsive search ad,Average,Sprawdź buty do biegania,Darmowa dostawa od 199 zł,https://www.biegosfera.pl/buty-do-biegania,2026-08-04,55,3,10.19,0.00,0.00
Search | Konkurencja,Nike,7000001918,Responsive search ad,Good,Buty do biegania – nowa kolekcja,Darmowa dostawa od 199 zł,https://www.biegosfera.pl/buty-do-biegania,2026-08-04,195,7,17.47,0.00,0.00
Search | Konkurencja,Nike,7000002055,Responsive search ad,Average,Sprawdź buty do biegania,Darmowa dostawa od 199 zł,https://www.biegosfera.pl/buty-do-biegania,2026-08-04,130,3,7.49,0.00,0.00
Search | Konkurencja,Ogólne,7000002192,Responsive search ad,Good,Buty do biegania – nowa kolekcja,Darmowa dostawa od 199 zł,https://www.biegosfera.pl/buty-do-biegania,2026-08-04,131,9,25.31,0.00,0.00
Search | Konkurencja,Ogólne,7000002329,Responsive search ad,Average,Sprawdź buty do biegania,Darmowa dostawa od 199 zł,https://www.biegosfera.pl/buty-do-biegania,2026-08-04,83,1,2.81,0.00,0.00
Search | Brand,Brand,7000000000,Responsive search ad,Good,Biegosfera – oficjalny sklep,Darmowa dostawa od 199 zł,https://www.biegosfera.pl/buty-do-biegania,2026-08-05,171,41,34.29,3.00,"1,300.95"
Search | Brand,Brand,7000000137,Responsive search ad,Average,Biegosfera – oficjalny sklep (B),Darmowa dostawa od 199 zł,https://www.biegosfera.pl/buty-do-biegania,2026-08-05,90,16,13.38,1.00,433.65
Search | Buty do biegania,Damskie,7000000274,Responsive search ad,Good,Buty do biegania – nowa kolekcja,Darmowa dostawa od 199 zł,https://www.biegosfera.pl/buty-do-biegania,2026-08-05,175,15,32.75,0.00,0.00
Search | Buty do biegania,Damskie,7000000411,Responsive search ad,Average,Sprawdź buty do biegania,Darmowa dostawa od 199 zł,https://www.biegosfera.pl/buty-do-biegania,2026-08-05,120,6,13.10,0.00,0.00
Search | Buty do biegania,Męskie,7000000548,Responsive search ad,Good,Buty do biegania – nowa kolekcja,Darmowa dostawa od 199 zł,https://www.biegosfera.pl/buty-do-biegania,2026-08-05,115,5,9.58,0.00,0.00
Search | Buty do biegania,Męskie,7000000685,Responsive search ad,Average,Sprawdź buty do biegania,Darmowa dostawa od 199 zł,https://www.biegosfera.pl/buty-do-biegania,2026-08-05,86,4,7.66,0.00,0.00
Search | Buty do biegania,Ogólne,7000000822,Responsive search ad,Excellent,Buty do biegania | Darmowa dostawa,Darmowa dostawa od 199 zł,https://www.biegosfera.pl/buty-do-biegania,2026-08-05,900,64,124.94,2.00,631.42
Search | Buty do biegania,Ogólne,7000000959,Responsive search ad,Poor,Sklep sportowy online,Darmowa dostawa od 199 zł,https://www.biegosfera.pl/buty-do-biegania,2026-08-05,823,21,41.00,0.00,0.00
Search | Buty trailowe,Trail,7000001096,Responsive search ad,Good,Buty trailowe – przyczepność w terenie,Darmowa dostawa od 199 zł,https://www.biegosfera.pl/buty-trailowe,2026-08-05,634,33,66.29,1.00,325.88
Search | Buty trailowe,Trail,7000001233,Responsive search ad,Average,Wyprzedaż butów – do -50%,Darmowa dostawa od 199 zł,https://www.biegosfera.pl/buty-trailowe,2026-08-05,419,26,52.23,0.00,0.00
Search | Konkurencja,Asics,7000001370,Responsive search ad,Good,Buty do biegania – nowa kolekcja,Darmowa dostawa od 199 zł,https://www.biegosfera.pl/buty-do-biegania,2026-08-05,90,7,22.28,0.00,0.00
Search | Konkurencja,Asics,7000001507,Responsive search ad,Average,Sprawdź buty do biegania,Darmowa dostawa od 199 zł,https://www.biegosfera.pl/buty-do-biegania,2026-08-05,60,5,15.92,0.00,0.00
Search | Konkurencja,Hoka,7000001644,Responsive search ad,Good,Buty do biegania – nowa kolekcja,Darmowa dostawa od 199 zł,https://www.biegosfera.pl/buty-do-biegania,2026-08-05,95,6,23.47,1.00,439.11
Search | Konkurencja,Hoka,7000001781,Responsive search ad,Average,Sprawdź buty do biegania,Darmowa dostawa od 199 zł,https://www.biegosfera.pl/buty-do-biegania,2026-08-05,38,3,11.74,0.00,0.00
Search | Konkurencja,Nike,7000001918,Responsive search ad,Good,Buty do biegania – nowa kolekcja,Darmowa dostawa od 199 zł,https://www.biegosfera.pl/buty-do-biegania,2026-08-05,203,10,25.72,0.00,0.00
Search | Konkurencja,Nike,7000002055,Responsive search ad,Average,Sprawdź buty do biegania,Darmowa dostawa od 199 zł,https://www.biegosfera.pl/buty-do-biegania,2026-08-05,119,2,5.14,0.00,0.00
Search | Konkurencja,Ogólne,7000002192,Responsive search ad,Good,Buty do biegania – nowa kolekcja,Darmowa dostawa od 199 zł,https://www.biegosfera.pl/buty-do-biegania,2026-08-05,135,6,13.99,0.00,0.00
Search | Konkurencja,Ogólne,7000002329,Responsive search ad,Average,Sprawdź buty do biegania,Darmowa dostawa od 199 zł,https://www.biegosfera.pl/buty-do-biegania,2026-08-05,96,4,9.32,0.00,0.00
Search | Brand,Brand,7000000000,Responsive search ad,Good,Biegosfera – oficjalny sklep,Darmowa dostawa od 199 zł,https://www.biegosfera.pl/buty-do-biegania,2026-08-06,157,52,42.17,8.00,"2,975.48"
Search | Brand,Brand,7000000137,Responsive search ad,Average,Biegosfera – oficjalny sklep (B),Darmowa dostawa od 199 zł,https://www.biegosfera.pl/buty-do-biegania,2026-08-06,97,17,13.79,2.00,743.87
Search | Buty do biegania,Damskie,7000000274,Responsive search ad,Good,Buty do biegania – nowa kolekcja,Darmowa dostawa od 199 zł,https://www.biegosfera.pl/buty-do-biegania,2026-08-06,156,9,20.13,0.00,0.00
Search | Buty do biegania,Damskie,7000000411,Responsive search ad,Average,Sprawdź buty do biegania,Darmowa dostawa od 199 zł,https://www.biegosfera.pl/buty-do-biegania,2026-08-06,120,1,2.24,0.00,0.00
Search | Buty do biegania,Męskie,7000000548,Responsive search ad,Good,Buty do biegania – nowa kolekcja,Darmowa dostawa od 199 zł,https://www.biegosfera.pl/buty-do-biegania,2026-08-06,132,9,21.00,0.00,0.00
Search | Buty do biegania,Męskie,7000000685,Responsive search ad,Average,Sprawdź buty do biegania,Darmowa dostawa od 199 zł,https://www.biegosfera.pl/buty-do-biegania,2026-08-06,94,2,4.67,0.00,0.00
Search | Buty do biegania,Ogólne,7000000822,Responsive search ad,Excellent,Buty do biegania | Darmowa dostawa,Darmowa dostawa od 199 zł,https://www.biegosfera.pl/buty-do-biegania,2026-08-06,914,59,119.56,4.00,"1,507.27"
Search | Buty do biegania,Ogólne,7000000959,Responsive search ad,Poor,Sklep sportowy online,Darmowa dostawa od 199 zł,https://www.biegosfera.pl/buty-do-biegania,2026-08-06,758,30,60.80,0.00,0.00
Search | Buty trailowe,Trail,7000001096,Responsive search ad,Good,Buty trailowe – przyczepność w terenie,Darmowa dostawa od 199 zł,https://www.biegosfera.pl/buty-trailowe,2026-08-06,645,33,70.31,0.00,0.00
Search | Buty trailowe,Trail,7000001233,Responsive search ad,Average,Wyprzedaż butów – do -50%,Darmowa dostawa od 199 zł,https://www.biegosfera.pl/buty-trailowe,2026-08-06,418,26,55.39,0.00,0.00
Search | Konkurencja,Asics,7000001370,Responsive search ad,Good,Buty do biegania – nowa kolekcja,Darmowa dostawa od 199 zł,https://www.biegosfera.pl/buty-do-biegania,2026-08-06,110,7,23.53,0.00,0.00
Search | Konkurencja,Asics,7000001507,Responsive search ad,Average,Sprawdź buty do biegania,Darmowa dostawa od 199 zł,https://www.biegosfera.pl/buty-do-biegania,2026-08-06,70,4,13.45,0.00,0.00
Search | Konkurencja,Hoka,7000001644,Responsive search ad,Good,Buty do biegania – nowa kolekcja,Darmowa dostawa od 199 zł,https://www.biegosfera.pl/buty-do-biegania,2026-08-06,85,2,5.86,0.00,0.00
Search | Konkurencja,Hoka,7000001781,Responsive search ad,Average,Sprawdź buty do biegania,Darmowa dostawa od 199 zł,https://www.biegosfera.pl/buty-do-biegania,2026-08-06,43,2,5.86,0.00,0.00
Search | Konkurencja,Nike,7000001918,Responsive search ad,Good,Buty do biegania – nowa kolekcja,Darmowa dostawa od 199 zł,https://www.biegosfera.pl/buty-do-biegania,2026-08-06,169,5,16.81,0.00,0.00
Search | Konkurencja,Nike,7000002055,Responsive search ad,Average,Sprawdź buty do biegania,Darmowa dostawa od 199 zł,https://www.biegosfera.pl/buty-do-biegania,2026-08-06,119,4,13.45,0.00,0.00
Search | Konkurencja,Ogólne,7000002192,Responsive search ad,Good,Buty do biegania – nowa kolekcja,Darmowa dostawa od 199 zł,https://www.biegosfera.pl/buty-do-biegania,2026-08-06,135,5,12.24,0.00,0.00
Search | Konkurencja,Ogólne,7000002329,Responsive search ad,Average,Sprawdź buty do biegania,Darmowa dostawa od 199 zł,https://www.biegosfera.pl/buty-do-biegania,2026-08-06,86,3,7.34,1.00,408.92
Search | Brand,Brand,7000000000,Responsive search ad,Good,Biegosfera – oficjalny sklep,Darmowa dostawa od 199 zł,https://www.biegosfera.pl/buty-do-biegania,2026-08-07,145,35,34.60,4.00,"1,233.57"
Search | Brand,Brand,7000000137,Responsive search ad,Average,Biegosfera – oficjalny sklep (B),Darmowa dostawa od 199 zł,https://www.biegosfera.pl/buty-do-biegania,2026-08-07,99,27,26.69,3.00,925.17
Search | Buty do biegania,Damskie,7000000274,Responsive search ad,Good,Buty do biegania – nowa kolekcja,Darmowa dostawa od 199 zł,https://www.biegosfera.pl/buty-do-biegania,2026-08-07,141,14,28.50,0.00,0.00
Search | Buty do biegania,Damskie,7000000411,Responsive search ad,Average,Sprawdź buty do biegania,Darmowa dostawa od 199 zł,https://www.biegosfera.pl/buty-do-biegania,2026-08-07,114,3,6.11,1.00,428.44
Search | Buty do biegania,Męskie,7000000548,Responsive search ad,Good,Buty do biegania – nowa kolekcja,Darmowa dostawa od 199 zł,https://www.biegosfera.pl/buty-do-biegania,2026-08-07,123,6,11.79,1.00,314.91
Search | Buty do biegania,Męskie,7000000685,Responsive search ad,Average,Sprawdź buty do biegania,Darmowa dostawa od 199 zł,https://www.biegosfera.pl/buty-do-biegania,2026-08-07,85,3,5.89,0.00,0.00
Search | Buty do biegania,Ogólne,7000000822,Responsive search ad,Excellent,Buty do biegania | Darmowa dostawa,Darmowa dostawa od 199 zł,https://www.biegosfera.pl/buty-do-biegania,2026-08-07,933,60,113.24,2.00,532.25
Search | Buty do biegania,Ogólne,7000000959,Responsive search ad,Poor,Sklep sportowy online,Darmowa dostawa od 199 zł,https://www.biegosfera.pl/buty-do-biegania,2026-08-07,785,15,28.31,0.00,0.00
Search | Buty trailowe,Trail,7000001096,Responsive search ad,Good,Buty trailowe – przyczepność w terenie,Darmowa dostawa od 199 zł,https://www.biegosfera.pl/buty-trailowe,2026-08-07,682,39,75.42,3.00,952.01
Search | Buty trailowe,Trail,7000001233,Responsive search ad,Average,Wyprzedaż butów – do -50%,Darmowa dostawa od 199 zł,https://www.biegosfera.pl/buty-trailowe,2026-08-07,425,17,32.88,0.00,0.00
Search | Konkurencja,Asics,7000001370,Responsive search ad,Good,Buty do biegania – nowa kolekcja,Darmowa dostawa od 199 zł,https://www.biegosfera.pl/buty-do-biegania,2026-08-07,127,8,27.56,0.00,0.00
Search | Konkurencja,Asics,7000001507,Responsive search ad,Average,Sprawdź buty do biegania,Darmowa dostawa od 199 zł,https://www.biegosfera.pl/buty-do-biegania,2026-08-07,103,5,17.23,0.00,0.00
Search | Konkurencja,Hoka,7000001644,Responsive search ad,Good,Buty do biegania – nowa kolekcja,Darmowa dostawa od 199 zł,https://www.biegosfera.pl/buty-do-biegania,2026-08-07,78,5,20.36,1.00,262.55
Search | Konkurencja,Hoka,7000001781,Responsive search ad,Average,Sprawdź buty do biegania,Darmowa dostawa od 199 zł,https://www.biegosfera.pl/buty-do-biegania,2026-08-07,62,3,12.21,0.00,0.00
Search | Konkurencja,Nike,7000001918,Responsive search ad,Good,Buty do biegania – nowa kolekcja,Darmowa dostawa od 199 zł,https://www.biegosfera.pl/buty-do-biegania,2026-08-07,197,6,17.81,0.00,0.00
Search | Konkurencja,Nike,7000002055,Responsive search ad,Average,Sprawdź buty do biegania,Darmowa dostawa od 199 zł,https://www.biegosfera.pl/buty-do-biegania,2026-08-07,141,4,11.87,0.00,0.00
Search | Konkurencja,Ogólne,7000002192,Responsive search ad,Good,Buty do biegania – nowa kolekcja,Darmowa dostawa od 199 zł,https://www.biegosfera.pl/buty-do-biegania,2026-08-07,158,10,21.90,0.00,0.00
Search | Konkurencja,Ogólne,7000002329,Responsive search ad,Average,Sprawdź buty do biegania,Darmowa dostawa od 199 zł,https://www.biegosfera.pl/buty-do-biegania,2026-08-07,106,3,6.57,0.00,0.00
Search | Brand,Brand,7000000000,Responsive search ad,Good,Biegosfera – oficjalny sklep,Darmowa dostawa od 199 zł,https://www.biegosfera.pl/buty-do-biegania,2026-08-08,138,31,24.39,1.00,338.42
Search | Brand,Brand,7000000137,Responsive search ad,Average,Biegosfera – oficjalny sklep (B),Darmowa dostawa od 199 zł,https://www.biegosfera.pl/buty-do-biegania,2026-08-08,91,17,13.37,2.00,676.83
Search | Buty do biegania,Damskie,7000000274,Responsive search ad,Good,Buty do biegania – nowa kolekcja,Darmowa dostawa od 199 zł,https://www.biegosfera.pl/buty-do-biegania,2026-08-08,140,12,22.96,0.00,0.00
Search | Buty do biegania,Damskie,7000000411,Responsive search ad,Average,Sprawdź buty do biegania,Darmowa dostawa od 199 zł,https://www.biegosfera.pl/buty-do-biegania,2026-08-08,88,5,9.57,2.00,625.40
Search | Buty do biegania,Męskie,7000000548,Responsive search ad,Good,Buty do biegania – nowa kolekcja,Darmowa dostawa od 199 zł,https://www.biegosfera.pl/buty-do-biegania,2026-08-08,146,5,11.13,0.00,0.00
Search | Buty do biegania,Męskie,7000000685,Responsive search ad,Average,Sprawdź buty do biegania,Darmowa dostawa od 199 zł,https://www.biegosfera.pl/buty-do-biegania,2026-08-08,72,4,8.90,0.00,0.00
Search | Buty do biegania,Ogólne,7000000822,Responsive search ad,Excellent,Buty do biegania | Darmowa dostawa,Darmowa dostawa od 199 zł,https://www.biegosfera.pl/buty-do-biegania,2026-08-08,810,67,128.39,0.00,0.00
Search | Buty do biegania,Ogólne,7000000959,Responsive search ad,Poor,Sklep sportowy online,Darmowa dostawa od 199 zł,https://www.biegosfera.pl/buty-do-biegania,2026-08-08,664,18,34.49,2.00,687.86
Search | Buty trailowe,Trail,7000001096,Responsive search ad,Good,Buty trailowe – przyczepność w terenie,Darmowa dostawa od 199 zł,https://www.biegosfera.pl/buty-trailowe,2026-08-08,536,30,61.25,2.00,798.62
Search | Buty trailowe,Trail,7000001233,Responsive search ad,Average,Wyprzedaż butów – do -50%,Darmowa dostawa od 199 zł,https://www.biegosfera.pl/buty-trailowe,2026-08-08,354,14,28.58,1.00,399.31
Search | Konkurencja,Asics,7000001370,Responsive search ad,Good,Buty do biegania – nowa kolekcja,Darmowa dostawa od 199 zł,https://www.biegosfera.pl/buty-do-biegania,2026-08-08,86,2,4.81,0.00,0.00
Search | Konkurencja,Asics,7000001507,Responsive search ad,Average,Sprawdź buty do biegania,Darmowa dostawa od 199 zł,https://www.biegosfera.pl/buty-do-biegania,2026-08-08,66,3,7.22,0.00,0.00
Search | Konkurencja,Hoka,7000001644,Responsive search ad,Good,Buty do biegania – nowa kolekcja,Darmowa dostawa od 199 zł,https://www.biegosfera.pl/buty-do-biegania,2026-08-08,57,3,11.47,0.00,0.00
Search | Konkurencja,Hoka,7000001781,Responsive search ad,Average,Sprawdź buty do biegania,Darmowa dostawa od 199 zł,https://www.biegosfera.pl/buty-do-biegania,2026-08-08,36,2,7.64,0.00,0.00
Search | Konkurencja,Nike,7000001918,Responsive search ad,Good,Buty do biegania – nowa kolekcja,Darmowa dostawa od 199 zł,https://www.biegosfera.pl/buty-do-biegania,2026-08-08,153,9,24.30,0.00,0.00
Search | Konkurencja,Nike,7000002055,Responsive search ad,Average,Sprawdź buty do biegania,Darmowa dostawa od 199 zł,https://www.biegosfera.pl/buty-do-biegania,2026-08-08,113,1,2.70,0.00,0.00
Search | Konkurencja,Ogólne,7000002192,Responsive search ad,Good,Buty do biegania – nowa kolekcja,Darmowa dostawa od 199 zł,https://www.biegosfera.pl/buty-do-biegania,2026-08-08,136,5,12.69,0.00,0.00
Search | Konkurencja,Ogólne,7000002329,Responsive search ad,Average,Sprawdź buty do biegania,Darmowa dostawa od 199 zł,https://www.biegosfera.pl/buty-do-biegania,2026-08-08,81,3,7.62,2.00,664.03
Search | Brand,Brand,7000000000,Responsive search ad,Good,Biegosfera – oficjalny sklep,Darmowa dostawa od 199 zł,https://www.biegosfera.pl/buty-do-biegania,2026-08-09,135,45,37.44,2.00,732.28
Search | Brand,Brand,7000000137,Responsive search ad,Average,Biegosfera – oficjalny sklep (B),Darmowa dostawa od 199 zł,https://www.biegosfera.pl/buty-do-biegania,2026-08-09,85,18,14.97,3.00,"1,098.41"
Search | Buty do biegania,Damskie,7000000274,Responsive search ad,Good,Buty do biegania – nowa kolekcja,Darmowa dostawa od 199 zł,https://www.biegosfera.pl/buty-do-biegania,2026-08-09,144,19,34.64,0.00,0.00
Search | Buty do biegania,Damskie,7000000411,Responsive search ad,Average,Sprawdź buty do biegania,Darmowa dostawa od 199 zł,https://www.biegosfera.pl/buty-do-biegania,2026-08-09,107,8,14.58,1.00,418.73
Search | Buty do biegania,Męskie,7000000548,Responsive search ad,Good,Buty do biegania – nowa kolekcja,Darmowa dostawa od 199 zł,https://www.biegosfera.pl/buty-do-biegania,2026-08-09,102,9,23.00,1.00,311.35
Search | Buty do biegania,Męskie,7000000685,Responsive search ad,Average,Sprawdź buty do biegania,Darmowa dostawa od 199 zł,https://www.biegosfera.pl/buty-do-biegania,2026-08-09,77,2,5.11,0.00,0.00
Search | Buty do biegania,Ogólne,7000000822,Responsive search ad,Excellent,Buty do biegania | Darmowa dostawa,Darmowa dostawa od 199 zł,https://www.biegosfera.pl/buty-do-biegania,2026-08-09,801,59,112.89,1.00,434.64
Search | Buty do biegania,Ogólne,7000000959,Responsive search ad,Poor,Sklep sportowy online,Darmowa dostawa od 199 zł,https://www.biegosfera.pl/buty-do-biegania,2026-08-09,693,18,34.44,0.00,0.00
Search | Buty trailowe,Trail,7000001096,Responsive search ad,Good,Buty trailowe – przyczepność w terenie,Darmowa dostawa od 199 zł,https://www.biegosfera.pl/buty-trailowe,2026-08-09,531,35,72.08,0.00,0.00
Search | Buty trailowe,Trail,7000001233,Responsive search ad,Average,Wyprzedaż butów – do -50%,Darmowa dostawa od 199 zł,https://www.biegosfera.pl/buty-trailowe,2026-08-09,341,11,22.66,0.00,0.00
Search | Konkurencja,Asics,7000001370,Responsive search ad,Good,Buty do biegania – nowa kolekcja,Darmowa dostawa od 199 zł,https://www.biegosfera.pl/buty-do-biegania,2026-08-09,88,3,9.51,0.00,0.00
Search | Konkurencja,Asics,7000001507,Responsive search ad,Average,Sprawdź buty do biegania,Darmowa dostawa od 199 zł,https://www.biegosfera.pl/buty-do-biegania,2026-08-09,55,3,9.51,0.00,0.00
Search | Konkurencja,Hoka,7000001644,Responsive search ad,Good,Buty do biegania – nowa kolekcja,Darmowa dostawa od 199 zł,https://www.biegosfera.pl/buty-do-biegania,2026-08-09,71,4,14.99,0.00,0.00
Search | Konkurencja,Hoka,7000001781,Responsive search ad,Average,Sprawdź buty do biegania,Darmowa dostawa od 199 zł,https://www.biegosfera.pl/buty-do-biegania,2026-08-09,42,2,7.50,0.00,0.00
Search | Konkurencja,Nike,7000001918,Responsive search ad,Good,Buty do biegania – nowa kolekcja,Darmowa dostawa od 199 zł,https://www.biegosfera.pl/buty-do-biegania,2026-08-09,185,3,8.40,1.00,424.44
Search | Konkurencja,Nike,7000002055,Responsive search ad,Average,Sprawdź buty do biegania,Darmowa dostawa od 199 zł,https://www.biegosfera.pl/buty-do-biegania,2026-08-09,118,4,11.21,0.00,0.00
Search | Konkurencja,Ogólne,7000002192,Responsive search ad,Good,Buty do biegania – nowa kolekcja,Darmowa dostawa od 199 zł,https://www.biegosfera.pl/buty-do-biegania,2026-08-09,111,5,13.93,0.00,0.00
Search | Konkurencja,Ogólne,7000002329,Responsive search ad,Average,Sprawdź buty do biegania,Darmowa dostawa od 199 zł,https://www.biegosfera.pl/buty-do-biegania,2026-08-09,89,5,13.93,0.00,0.00
Search | Brand,Brand,7000000000,Responsive search ad,Good,Biegosfera – oficjalny sklep,Darmowa dostawa od 199 zł,https://www.biegosfera.pl/buty-do-biegania,2026-08-10,160,47,34.71,3.00,827.77
Search | Brand,Brand,7000000137,Responsive search ad,Average,Biegosfera – oficjalny sklep (B),Darmowa dostawa od 199 zł,https://www.biegosfera.pl/buty-do-biegania,2026-08-10,104,25,18.46,1.00,275.92
Search | Buty do biegania,Damskie,7000000274,Responsive search ad,Good,Buty do biegania – nowa kolekcja,Darmowa dostawa od 199 zł,https://www.biegosfera.pl/buty-do-biegania,2026-08-10,163,11,19.56,0.00,0.00
Search | Buty do biegania,Damskie,7000000411,Responsive search ad,Average,Sprawdź buty do biegania,Darmowa dostawa od 199 zł,https://www.biegosfera.pl/buty-do-biegania,2026-08-10,118,3,5.34,0.00,0.00
Search | Buty do biegania,Męskie,7000000548,Responsive search ad,Good,Buty do biegania – nowa kolekcja,Darmowa dostawa od 199 zł,https://www.biegosfera.pl/buty-do-biegania,2026-08-10,125,8,16.20,0.00,0.00
Search | Buty do biegania,Męskie,7000000685,Responsive search ad,Average,Sprawdź buty do biegania,Darmowa dostawa od 199 zł,https://www.biegosfera.pl/buty-do-biegania,2026-08-10,80,9,18.23,2.00,516.68
Search | Buty do biegania,Ogólne,7000000822,Responsive search ad,Excellent,Buty do biegania | Darmowa dostawa,Darmowa dostawa od 199 zł,https://www.biegosfera.pl/buty-do-biegania,2026-08-10,917,77,154.38,1.00,343.35
Search | Buty do biegania,Ogólne,7000000959,Responsive search ad,Poor,Sklep sportowy online,Darmowa dostawa od 199 zł,https://www.biegosfera.pl/buty-do-biegania,2026-08-10,748,23,46.11,0.00,0.00
Search | Buty trailowe,Trail,7000001096,Responsive search ad,Good,Buty trailowe – przyczepność w terenie,Darmowa dostawa od 199 zł,https://www.biegosfera.pl/buty-trailowe,2026-08-10,622,21,44.23,3.00,840.13
Search | Buty trailowe,Trail,7000001233,Responsive search ad,Average,Wyprzedaż butów – do -50%,Darmowa dostawa od 199 zł,https://www.biegosfera.pl/buty-trailowe,2026-08-10,401,18,37.92,1.00,280.04
Search | Konkurencja,Asics,7000001370,Responsive search ad,Good,Buty do biegania – nowa kolekcja,Darmowa dostawa od 199 zł,https://www.biegosfera.pl/buty-do-biegania,2026-08-10,97,6,18.52,0.00,0.00
Search | Konkurencja,Asics,7000001507,Responsive search ad,Average,Sprawdź buty do biegania,Darmowa dostawa od 199 zł,https://www.biegosfera.pl/buty-do-biegania,2026-08-10,87,6,18.52,0.00,0.00
Search | Konkurencja,Hoka,7000001644,Responsive search ad,Good,Buty do biegania – nowa kolekcja,Darmowa dostawa od 199 zł,https://www.biegosfera.pl/buty-do-biegania,2026-08-10,86,6,17.33,0.00,0.00
Search | Konkurencja,Hoka,7000001781,Responsive search ad,Average,Sprawdź buty do biegania,Darmowa dostawa od 199 zł,https://www.biegosfera.pl/buty-do-biegania,2026-08-10,53,1,2.89,0.00,0.00
Search | Konkurencja,Nike,7000001918,Responsive search ad,Good,Buty do biegania – nowa kolekcja,Darmowa dostawa od 199 zł,https://www.biegosfera.pl/buty-do-biegania,2026-08-10,171,7,20.01,0.00,0.00
Search | Konkurencja,Nike,7000002055,Responsive search ad,Average,Sprawdź buty do biegania,Darmowa dostawa od 199 zł,https://www.biegosfera.pl/buty-do-biegania,2026-08-10,135,2,5.72,0.00,0.00
Search | Konkurencja,Ogólne,7000002192,Responsive search ad,Good,Buty do biegania – nowa kolekcja,Darmowa dostawa od 199 zł,https://www.biegosfera.pl/buty-do-biegania,2026-08-10,132,10,25.49,0.00,0.00
Search | Konkurencja,Ogólne,7000002329,Responsive search ad,Average,Sprawdź buty do biegania,Darmowa dostawa od 199 zł,https://www.biegosfera.pl/buty-do-biegania,2026-08-10,95,4,10.20,0.00,0.00
Search | Brand,Brand,7000000000,Responsive search ad,Good,Biegosfera – oficjalny sklep,Darmowa dostawa od 199 zł,https://www.biegosfera.pl/buty-do-biegania,2026-08-11,169,48,37.90,7.00,"2,768.66"
Search | Brand,Brand,7000000137,Responsive search ad,Average,Biegosfera – oficjalny sklep (B),Darmowa dostawa od 199 zł,https://www.biegosfera.pl/buty-do-biegania,2026-08-11,101,15,11.84,2.00,791.05
Search | Buty do biegania,Damskie,7000000274,Responsive search ad,Good,Buty do biegania – nowa kolekcja,Darmowa dostawa od 199 zł,https://www.biegosfera.pl/buty-do-biegania,2026-08-11,199,14,31.49,1.00,340.72
Search | Buty do biegania,Damskie,7000000411,Responsive search ad,Average,Sprawdź buty do biegania,Darmowa dostawa od 199 zł,https://www.biegosfera.pl/buty-do-biegania,2026-08-11,116,9,20.24,1.00,340.72
Search | Buty do biegania,Męskie,7000000548,Responsive search ad,Good,Buty do biegania – nowa kolekcja,Darmowa dostawa od 199 zł,https://www.biegosfera.pl/buty-do-biegania,2026-08-11,145,9,18.70,1.00,277.19
Search | Buty do biegania,Męskie,7000000685,Responsive search ad,Average,Sprawdź buty do biegania,Darmowa dostawa od 199 zł,https://www.biegosfera.pl/buty-do-biegania,2026-08-11,84,5,10.39,0.00,0.00
Search | Buty do biegania,Ogólne,7000000822,Responsive search ad,Excellent,Buty do biegania | Darmowa dostawa,Darmowa dostawa od 199 zł,https://www.biegosfera.pl/buty-do-biegania,2026-08-11,995,59,123.67,1.00,368.22
Search | Buty do biegania,Ogólne,7000000959,Responsive search ad,Poor,Sklep sportowy online,Darmowa dostawa od 199 zł,https://www.biegosfera.pl/buty-do-biegania,2026-08-11,773,14,29.34,1.00,368.22
Search | Buty trailowe,Trail,7000001096,Responsive search ad,Good,Buty trailowe – przyczepność w terenie,Darmowa dostawa od 199 zł,https://www.biegosfera.pl/buty-trailowe,2026-08-11,675,36,68.41,3.00,"1,139.93"
Search | Buty trailowe,Trail,7000001233,Responsive search ad,Average,Wyprzedaż butów – do -50%,Darmowa dostawa od 199 zł,https://www.biegosfera.pl/buty-trailowe,2026-08-11,431,15,28.50,0.00,0.00
Search | Konkurencja,Asics,7000001370,Responsive search ad,Good,Buty do biegania – nowa kolekcja,Darmowa dostawa od 199 zł,https://www.biegosfera.pl/buty-do-biegania,2026-08-11,119,5,16.96,0.00,0.00
Search | Konkurencja,Asics,7000001507,Responsive search ad,Average,Sprawdź buty do biegania,Darmowa dostawa od 199 zł,https://www.biegosfera.pl/buty-do-biegania,2026-08-11,67,3,10.18,0.00,0.00
Search | Konkurencja,Hoka,7000001644,Responsive search ad,Good,Buty do biegania – nowa kolekcja,Darmowa dostawa od 199 zł,https://www.biegosfera.pl/buty-do-biegania,2026-08-11,96,4,13.97,0.00,0.00
Search | Konkurencja,Hoka,7000001781,Responsive search ad,Average,Sprawdź buty do biegania,Darmowa dostawa od 199 zł,https://www.biegosfera.pl/buty-do-biegania,2026-08-11,56,3,10.47,0.00,0.00
Search | Konkurencja,Nike,7000001918,Responsive search ad,Good,Buty do biegania – nowa kolekcja,Darmowa dostawa od 199 zł,https://www.biegosfera.pl/buty-do-biegania,2026-08-11,183,14,37.88,0.00,0.00
Search | Konkurencja,Nike,7000002055,Responsive search ad,Average,Sprawdź buty do biegania,Darmowa dostawa od 199 zł,https://www.biegosfera.pl/buty-do-biegania,2026-08-11,115,6,16.23,0.00,0.00
Search | Konkurencja,Ogólne,7000002192,Responsive search ad,Good,Buty do biegania – nowa kolekcja,Darmowa dostawa od 199 zł,https://www.biegosfera.pl/buty-do-biegania,2026-08-11,140,7,16.77,0.00,0.00
Search | Konkurencja,Ogólne,7000002329,Responsive search ad,Average,Sprawdź buty do biegania,Darmowa dostawa od 199 zł,https://www.biegosfera.pl/buty-do-biegania,2026-08-11,97,0,0.00,0.00,0.00
Search | Brand,Brand,7000000000,Responsive search ad,Good,Biegosfera – oficjalny sklep,Darmowa dostawa od 199 zł,https://www.biegosfera.pl/buty-do-biegania,2026-08-12,160,46,41.55,3.00,"1,018.48"
Search | Brand,Brand,7000000137,Responsive search ad,Average,Biegosfera – oficjalny sklep (B),Darmowa dostawa od 199 zł,https://www.biegosfera.pl/buty-do-biegania,2026-08-12,113,25,22.58,1.00,339.49
Search | Buty do biegania,Damskie,7000000274,Responsive search ad,Good,Buty do biegania – nowa kolekcja,Darmowa dostawa od 199 zł,https://www.biegosfera.pl/buty-do-biegania,2026-08-12,145,16,34.41,0.00,0.00
Search | Buty do biegania,Damskie,7000000411,Responsive search ad,Average,Sprawdź buty do biegania,Darmowa dostawa od 199 zł,https://www.biegosfera.pl/buty-do-biegania,2026-08-12,110,5,10.75,1.00,389.33
Search | Buty do biegania,Męskie,7000000548,Responsive search ad,Good,Buty do biegania – nowa kolekcja,Darmowa dostawa od 199 zł,https://www.biegosfera.pl/buty-do-biegania,2026-08-12,139,11,28.43,1.00,404.73
Search | Buty do biegania,Męskie,7000000685,Responsive search ad,Average,Sprawdź buty do biegania,Darmowa dostawa od 199 zł,https://www.biegosfera.pl/buty-do-biegania,2026-08-12,99,6,15.50,1.00,404.73
Search | Buty do biegania,Ogólne,7000000822,Responsive search ad,Excellent,Buty do biegania | Darmowa dostawa,Darmowa dostawa od 199 zł,https://www.biegosfera.pl/buty-do-biegania,2026-08-12,969,67,116.60,4.00,"1,518.90"
Search | Buty do biegania,Ogólne,7000000959,Responsive search ad,Poor,Sklep sportowy online,Darmowa dostawa od 199 zł,https://www.biegosfera.pl/buty-do-biegania,2026-08-12,816,24,41.77,0.00,0.00
Search | Buty trailowe,Trail,7000001096,Responsive search ad,Good,Buty trailowe – przyczepność w terenie,Darmowa dostawa od 199 zł,https://www.biegosfera.pl/buty-trailowe,2026-08-12,689,31,61.38,2.00,608.79
Search | Buty trailowe,Trail,7000001233,Responsive search ad,Average,Wyprzedaż butów – do -50%,Darmowa dostawa od 199 zł,https://www.biegosfera.pl/buty-trailowe,2026-08-12,411,21,41.58,0.00,0.00
Search | Konkurencja,Asics,7000001370,Responsive search ad,Good,Buty do biegania – nowa kolekcja,Darmowa dostawa od 199 zł,https://www.biegosfera.pl/buty-do-biegania,2026-08-12,119,8,24.43,0.00,0.00
Search | Konkurencja,Asics,7000001507,Responsive search ad,Average,Sprawdź buty do biegania,Darmowa dostawa od 199 zł,https://www.biegosfera.pl/buty-do-biegania,2026-08-12,70,4,12.22,0.00,0.00
Search | Konkurencja,Hoka,7000001644,Responsive search ad,Good,Buty do biegania – nowa kolekcja,Darmowa dostawa od 199 zł,https://www.biegosfera.pl/buty-do-biegania,2026-08-12,103,6,16.53,1.00,269.35
Search | Konkurencja,Hoka,7000001781,Responsive search ad,Average,Sprawdź buty do biegania,Darmowa dostawa od 199 zł,https://www.biegosfera.pl/buty-do-biegania,2026-08-12,57,7,19.29,0.00,0.00
Search | Konkurencja,Nike,7000001918,Responsive search ad,Good,Buty do biegania – nowa kolekcja,Darmowa dostawa od 199 zł,https://www.biegosfera.pl/buty-do-biegania,2026-08-12,192,8,20.26,0.00,0.00
Search | Konkurencja,Nike,7000002055,Responsive search ad,Average,Sprawdź buty do biegania,Darmowa dostawa od 199 zł,https://www.biegosfera.pl/buty-do-biegania,2026-08-12,141,3,7.60,0.00,0.00
Search | Konkurencja,Ogólne,7000002192,Responsive search ad,Good,Buty do biegania – nowa kolekcja,Darmowa dostawa od 199 zł,https://www.biegosfera.pl/buty-do-biegania,2026-08-12,147,8,21.51,0.00,0.00
Search | Konkurencja,Ogólne,7000002329,Responsive search ad,Average,Sprawdź buty do biegania,Darmowa dostawa od 199 zł,https://www.biegosfera.pl/buty-do-biegania,2026-08-12,89,4,10.75,0.00,0.00
Search | Brand,Brand,7000000000,Responsive search ad,Good,Biegosfera – oficjalny sklep,Darmowa dostawa od 199 zł,https://www.biegosfera.pl/buty-do-biegania,2026-08-13,157,47,44.12,4.00,"1,638.10"
Search | Brand,Brand,7000000137,Responsive search ad,Average,Biegosfera – oficjalny sklep (B),Darmowa dostawa od 199 zł,https://www.biegosfera.pl/buty-do-biegania,2026-08-13,108,25,23.47,2.00,819.05
Search | Buty do biegania,Damskie,7000000274,Responsive search ad,Good,Buty do biegania – nowa kolekcja,Darmowa dostawa od 199 zł,https://www.biegosfera.pl/buty-do-biegania,2026-08-13,183,15,29.13,2.00,710.12
Search | Buty do biegania,Damskie,7000000411,Responsive search ad,Average,Sprawdź buty do biegania,Darmowa dostawa od 199 zł,https://www.biegosfera.pl/buty-do-biegania,2026-08-13,95,2,3.88,0.00,0.00
Search | Buty do biegania,Męskie,7000000548,Responsive search ad,Good,Buty do biegania – nowa kolekcja,Darmowa dostawa od 199 zł,https://www.biegosfera.pl/buty-do-biegania,2026-08-13,115,11,24.74,0.00,0.00
Search | Buty do biegania,Męskie,7000000685,Responsive search ad,Average,Sprawdź buty do biegania,Darmowa dostawa od 199 zł,https://www.biegosfera.pl/buty-do-biegania,2026-08-13,87,3,6.75,0.00,0.00
Search | Buty do biegania,Ogólne,7000000822,Responsive search ad,Excellent,Buty do biegania | Darmowa dostawa,Darmowa dostawa od 199 zł,https://www.biegosfera.pl/buty-do-biegania,2026-08-13,939,70,125.39,1.00,308.35
Search | Buty do biegania,Ogólne,7000000959,Responsive search ad,Poor,Sklep sportowy online,Darmowa dostawa od 199 zł,https://www.biegosfera.pl/buty-do-biegania,2026-08-13,798,20,35.82,0.00,0.00
Search | Buty trailowe,Trail,7000001096,Responsive search ad,Good,Buty trailowe – przyczepność w terenie,Darmowa dostawa od 199 zł,https://www.biegosfera.pl/buty-trailowe,2026-08-13,651,28,54.52,1.00,378.76
Search | Buty trailowe,Trail,7000001233,Responsive search ad,Average,Wyprzedaż butów – do -50%,Darmowa dostawa od 199 zł,https://www.biegosfera.pl/buty-trailowe,2026-08-13,437,28,54.52,2.00,757.52
Search | Konkurencja,Asics,7000001370,Responsive search ad,Good,Buty do biegania – nowa kolekcja,Darmowa dostawa od 199 zł,https://www.biegosfera.pl/buty-do-biegania,2026-08-13,98,6,21.04,0.00,0.00
Search | Konkurencja,Asics,7000001507,Responsive search ad,Average,Sprawdź buty do biegania,Darmowa dostawa od 199 zł,https://www.biegosfera.pl/buty-do-biegania,2026-08-13,81,2,7.02,0.00,0.00
Search | Konkurencja,Hoka,7000001644,Responsive search ad,Good,Buty do biegania – nowa kolekcja,Darmowa dostawa od 199 zł,https://www.biegosfera.pl/buty-do-biegania,2026-08-13,93,7,26.05,0.00,0.00
Search | Konkurencja,Hoka,7000001781,Responsive search ad,Average,Sprawdź buty do biegania,Darmowa dostawa od 199 zł,https://www.biegosfera.pl/buty-do-biegania,2026-08-13,52,3,11.16,0.00,0.00
Search | Konkurencja,Nike,7000001918,Responsive search ad,Good,Buty do biegania – nowa kolekcja,Darmowa dostawa od 199 zł,https://www.biegosfera.pl/buty-do-biegania,2026-08-13,190,8,22.06,0.00,0.00
Search | Konkurencja,Nike,7000002055,Responsive search ad,Average,Sprawdź buty do biegania,Darmowa dostawa od 199 zł,https://www.biegosfera.pl/buty-do-biegania,2026-08-13,121,1,2.76,0.00,0.00
Search | Konkurencja,Ogólne,7000002192,Responsive search ad,Good,Buty do biegania – nowa kolekcja,Darmowa dostawa od 199 zł,https://www.biegosfera.pl/buty-do-biegania,2026-08-13,149,5,13.09,0.00,0.00
Search | Konkurencja,Ogólne,7000002329,Responsive search ad,Average,Sprawdź buty do biegania,Darmowa dostawa od 199 zł,https://www.biegosfera.pl/buty-do-biegania,2026-08-13,93,4,10.47,0.00,0.00
Search | Brand,Brand,7000000000,Responsive search ad,Good,Biegosfera – oficjalny sklep,Darmowa dostawa od 199 zł,https://www.biegosfera.pl/buty-do-biegania,2026-08-14,156,34,28.44,4.00,"1,047.10"
Search | Brand,Brand,7000000137,Responsive search ad,Average,Biegosfera – oficjalny sklep (B),Darmowa dostawa od 199 zł,https://www.biegosfera.pl/buty-do-biegania,2026-08-14,79,19,15.89,1.00,261.77
Search | Buty do biegania,Damskie,7000000274,Responsive search ad,Good,Buty do biegania – nowa kolekcja,Darmowa dostawa od 199 zł,https://www.biegosfera.pl/buty-do-biegania,2026-08-14,170,7,16.17,0.00,0.00
Search | Buty do biegania,Damskie,7000000411,Responsive search ad,Average,Sprawdź buty do biegania,Darmowa dostawa od 199 zł,https://www.biegosfera.pl/buty-do-biegania,2026-08-14,107,10,23.10,0.00,0.00
Search | Buty do biegania,Męskie,7000000548,Responsive search ad,Good,Buty do biegania – nowa kolekcja,Darmowa dostawa od 199 zł,https://www.biegosfera.pl/buty-do-biegania,2026-08-14,126,3,7.02,3.00,769.20
Search | Buty do biegania,Męskie,7000000685,Responsive search ad,Average,Sprawdź buty do biegania,Darmowa dostawa od 199 zł,https://www.biegosfera.pl/buty-do-biegania,2026-08-14,85,5,11.69,0.00,0.00
Search | Buty do biegania,Ogólne,7000000822,Responsive search ad,Excellent,Buty do biegania | Darmowa dostawa,Darmowa dostawa od 199 zł,https://www.biegosfera.pl/buty-do-biegania,2026-08-14,964,61,110.92,2.00,722.36
Search | Buty do biegania,Ogólne,7000000959,Responsive search ad,Poor,Sklep sportowy online,Darmowa dostawa od 199 zł,https://www.biegosfera.pl/buty-do-biegania,2026-08-14,770,21,38.18,1.00,361.18
Search | Buty trailowe,Trail,7000001096,Responsive search ad,Good,Buty trailowe – przyczepność w terenie,Darmowa dostawa od 199 zł,https://www.biegosfera.pl/buty-trailowe,2026-08-14,660,30,65.03,1.00,329.58
Search | Buty trailowe,Trail,7000001233,Responsive search ad,Average,Wyprzedaż butów – do -50%,Darmowa dostawa od 199 zł,https://www.biegosfera.pl/buty-trailowe,2026-08-14,462,8,17.34,1.00,329.58
Search | Konkurencja,Asics,7000001370,Responsive search ad,Good,Buty do biegania – nowa kolekcja,Darmowa dostawa od 199 zł,https://www.biegosfera.pl/buty-do-biegania,2026-08-14,106,5,13.47,0.00,0.00
Search | Konkurencja,Asics,7000001507,Responsive search ad,Average,Sprawdź buty do biegania,Darmowa dostawa od 199 zł,https://www.biegosfera.pl/buty-do-biegania,2026-08-14,73,3,8.08,1.00,324.92
Search | Konkurencja,Hoka,7000001644,Responsive search ad,Good,Buty do biegania – nowa kolekcja,Darmowa dostawa od 199 zł,https://www.biegosfera.pl/buty-do-biegania,2026-08-14,79,3,11.15,0.00,0.00
Search | Konkurencja,Hoka,7000001781,Responsive search ad,Average,Sprawdź buty do biegania,Darmowa dostawa od 199 zł,https://www.biegosfera.pl/buty-do-biegania,2026-08-14,66,2,7.43,0.00,0.00
Search | Konkurencja,Nike,7000001918,Responsive search ad,Good,Buty do biegania – nowa kolekcja,Darmowa dostawa od 199 zł,https://www.biegosfera.pl/buty-do-biegania,2026-08-14,200,7,21.08,0.00,0.00
Search | Konkurencja,Nike,7000002055,Responsive search ad,Average,Sprawdź buty do biegania,Darmowa dostawa od 199 zł,https://www.biegosfera.pl/buty-do-biegania,2026-08-14,164,7,21.08,0.00,0.00
Search | Konkurencja,Ogólne,7000002192,Responsive search ad,Good,Buty do biegania – nowa kolekcja,Darmowa dostawa od 199 zł,https://www.biegosfera.pl/buty-do-biegania,2026-08-14,151,8,17.85,0.00,0.00
Search | Konkurencja,Ogólne,7000002329,Responsive search ad,Average,Sprawdź buty do biegania,Darmowa dostawa od 199 zł,https://www.biegosfera.pl/buty-do-biegania,2026-08-14,112,6,13.38,0.00,0.00
Search | Brand,Brand,7000000000,Responsive search ad,Good,Biegosfera – oficjalny sklep,Darmowa dostawa od 199 zł,https://www.biegosfera.pl/buty-do-biegania,2026-08-15,117,40,32.09,1.00,277.37
Search | Brand,Brand,7000000137,Responsive search ad,Average,Biegosfera – oficjalny sklep (B),Darmowa dostawa od 199 zł,https://www.biegosfera.pl/buty-do-biegania,2026-08-15,88,15,12.04,2.00,554.73
Search | Buty do biegania,Damskie,7000000274,Responsive search ad,Good,Buty do biegania – nowa kolekcja,Darmowa dostawa od 199 zł,https://www.biegosfera.pl/buty-do-biegania,2026-08-15,125,11,26.28,1.00,387.91
Search | Buty do biegania,Damskie,7000000411,Responsive search ad,Average,Sprawdź buty do biegania,Darmowa dostawa od 199 zł,https://www.biegosfera.pl/buty-do-biegania,2026-08-15,104,5,11.95,0.00,0.00
Search | Buty do biegania,Męskie,7000000548,Responsive search ad,Good,Buty do biegania – nowa kolekcja,Darmowa dostawa od 199 zł,https://www.biegosfera.pl/buty-do-biegania,2026-08-15,111,9,23.45,0.00,0.00
Search | Buty do biegania,Męskie,7000000685,Responsive search ad,Average,Sprawdź buty do biegania,Darmowa dostawa od 199 zł,https://www.biegosfera.pl/buty-do-biegania,2026-08-15,77,3,7.82,0.00,0.00
Search | Buty do biegania,Ogólne,7000000822,Responsive search ad,Excellent,Buty do biegania | Darmowa dostawa,Darmowa dostawa od 199 zł,https://www.biegosfera.pl/buty-do-biegania,2026-08-15,859,48,103.86,1.00,335.20
Search | Buty do biegania,Ogólne,7000000959,Responsive search ad,Poor,Sklep sportowy online,Darmowa dostawa od 199 zł,https://www.biegosfera.pl/buty-do-biegania,2026-08-15,692,12,25.96,1.00,335.20
Search | Buty trailowe,Trail,7000001096,Responsive search ad,Good,Buty trailowe – przyczepność w terenie,Darmowa dostawa od 199 zł,https://www.biegosfera.pl/buty-trailowe,2026-08-15,554,20,41.38,2.00,778.35
Search | Buty trailowe,Trail,7000001233,Responsive search ad,Average,Wyprzedaż butów – do -50%,Darmowa dostawa od 199 zł,https://www.biegosfera.pl/buty-trailowe,2026-08-15,360,13,26.89,0.00,0.00
Search | Konkurencja,Asics,7000001370,Responsive search ad,Good,Buty do biegania – nowa kolekcja,Darmowa dostawa od 199 zł,https://www.biegosfera.pl/buty-do-biegania,2026-08-15,96,5,17.09,0.00,0.00
Search | Konkurencja,Asics,7000001507,Responsive search ad,Average,Sprawdź buty do biegania,Darmowa dostawa od 199 zł,https://www.biegosfera.pl/buty-do-biegania,2026-08-15,69,2,6.84,0.00,0.00
Search | Konkurencja,Hoka,7000001644,Responsive search ad,Good,Buty do biegania – nowa kolekcja,Darmowa dostawa od 199 zł,https://www.biegosfera.pl/buty-do-biegania,2026-08-15,100,3,9.15,0.00,0.00
Search | Konkurencja,Hoka,7000001781,Responsive search ad,Average,Sprawdź buty do biegania,Darmowa dostawa od 199 zł,https://www.biegosfera.pl/buty-do-biegania,2026-08-15,49,0,0.00,0.00,0.00
Search | Konkurencja,Nike,7000001918,Responsive search ad,Good,Buty do biegania – nowa kolekcja,Darmowa dostawa od 199 zł,https://www.biegosfera.pl/buty-do-biegania,2026-08-15,154,4,9.16,0.00,0.00
Search | Konkurencja,Nike,7000002055,Responsive search ad,Average,Sprawdź buty do biegania,Darmowa dostawa od 199 zł,https://www.biegosfera.pl/buty-do-biegania,2026-08-15,117,2,4.58,0.00,0.00
Search | Konkurencja,Ogólne,7000002192,Responsive search ad,Good,Buty do biegania – nowa kolekcja,Darmowa dostawa od 199 zł,https://www.biegosfera.pl/buty-do-biegania,2026-08-15,137,4,9.99,0.00,0.00
Search | Konkurencja,Ogólne,7000002329,Responsive search ad,Average,Sprawdź buty do biegania,Darmowa dostawa od 199 zł,https://www.biegosfera.pl/buty-do-biegania,2026-08-15,88,3,7.50,0.00,0.00
Search | Brand,Brand,7000000000,Responsive search ad,Good,Biegosfera – oficjalny sklep,Darmowa dostawa od 199 zł,https://www.biegosfera.pl/buty-do-biegania,2026-08-16,130,34,29.68,2.00,693.48
Search | Brand,Brand,7000000137,Responsive search ad,Average,Biegosfera – oficjalny sklep (B),Darmowa dostawa od 199 zł,https://www.biegosfera.pl/buty-do-biegania,2026-08-16,79,17,14.84,2.00,693.48
Search | Buty do biegania,Damskie,7000000274,Responsive search ad,Good,Buty do biegania – nowa kolekcja,Darmowa dostawa od 199 zł,https://www.biegosfera.pl/buty-do-biegania,2026-08-16,118,8,16.55,0.00,0.00
Search | Buty do biegania,Damskie,7000000411,Responsive search ad,Average,Sprawdź buty do biegania,Darmowa dostawa od 199 zł,https://www.biegosfera.pl/buty-do-biegania,2026-08-16,96,7,14.48,2.00,559.74
Search | Buty do biegania,Męskie,7000000548,Responsive search ad,Good,Buty do biegania – nowa kolekcja,Darmowa dostawa od 199 zł,https://www.biegosfera.pl/buty-do-biegania,2026-08-16,118,7,17.12,0.00,0.00
Search | Buty do biegania,Męskie,7000000685,Responsive search ad,Average,Sprawdź buty do biegania,Darmowa dostawa od 199 zł,https://www.biegosfera.pl/buty-do-biegania,2026-08-16,90,4,9.79,0.00,0.00
Search | Buty do biegania,Ogólne,7000000822,Responsive search ad,Excellent,Buty do biegania | Darmowa dostawa,Darmowa dostawa od 199 zł,https://www.biegosfera.pl/buty-do-biegania,2026-08-16,840,45,89.81,1.00,384.38
Search | Buty do biegania,Ogólne,7000000959,Responsive search ad,Poor,Sklep sportowy online,Darmowa dostawa od 199 zł,https://www.biegosfera.pl/buty-do-biegania,2026-08-16,650,22,43.91,0.00,0.00
Search | Buty trailowe,Trail,7000001096,Responsive search ad,Good,Buty trailowe – przyczepność w terenie,Darmowa dostawa od 199 zł,https://www.biegosfera.pl/buty-trailowe,2026-08-16,575,21,41.56,2.00,663.66
Search | Buty trailowe,Trail,7000001233,Responsive search ad,Average,Wyprzedaż butów – do -50%,Darmowa dostawa od 199 zł,https://www.biegosfera.pl/buty-trailowe,2026-08-16,341,13,25.73,0.00,0.00
Search | Konkurencja,Asics,7000001370,Responsive search ad,Good,Buty do biegania – nowa kolekcja,Darmowa dostawa od 199 zł,https://www.biegosfera.pl/buty-do-biegania,2026-08-16,118,7,22.77,0.00,0.00
Search | Konkurencja,Asics,7000001507,Responsive search ad,Average,Sprawdź buty do biegania,Darmowa dostawa od 199 zł,https://www.biegosfera.pl/buty-do-biegania,2026-08-16,66,2,6.51,0.00,0.00
Search | Konkurencja,Hoka,7000001644,Responsive search ad,Good,Buty do biegania – nowa kolekcja,Darmowa dostawa od 199 zł,https://www.biegosfera.pl/buty-do-biegania,2026-08-16,82,3,11.27,0.00,0.00
Search | Konkurencja,Hoka,7000001781,Responsive search ad,Average,Sprawdź buty do biegania,Darmowa dostawa od 199 zł,https://www.biegosfera.pl/buty-do-biegania,2026-08-16,43,2,7.51,0.00,0.00
Search | Konkurencja,Nike,7000001918,Responsive search ad,Good,Buty do biegania – nowa kolekcja,Darmowa dostawa od 199 zł,https://www.biegosfera.pl/buty-do-biegania,2026-08-16,190,8,21.19,0.00,0.00
Search | Konkurencja,Nike,7000002055,Responsive search ad,Average,Sprawdź buty do biegania,Darmowa dostawa od 199 zł,https://www.biegosfera.pl/buty-do-biegania,2026-08-16,123,4,10.59,0.00,0.00
Search | Konkurencja,Ogólne,7000002192,Responsive search ad,Good,Buty do biegania – nowa kolekcja,Darmowa dostawa od 199 zł,https://www.biegosfera.pl/buty-do-biegania,2026-08-16,143,6,16.93,0.00,0.00
Search | Konkurencja,Ogólne,7000002329,Responsive search ad,Average,Sprawdź buty do biegania,Darmowa dostawa od 199 zł,https://www.biegosfera.pl/buty-do-biegania,2026-08-16,78,6,16.93,0.00,0.00
Search | Brand,Brand,7000000000,Responsive search ad,Good,Biegosfera – oficjalny sklep,Darmowa dostawa od 199 zł,https://www.biegosfera.pl/buty-do-biegania,2026-08-17,164,59,49.70,4.00,"1,393.10"
Search | Brand,Brand,7000000137,Responsive search ad,Average,Biegosfera – oficjalny sklep (B),Darmowa dostawa od 199 zł,https://www.biegosfera.pl/buty-do-biegania,2026-08-17,119,27,22.75,1.00,348.28
Search | Buty do biegania,Damskie,7000000274,Responsive search ad,Good,Buty do biegania – nowa kolekcja,Darmowa dostawa od 199 zł,https://www.biegosfera.pl/buty-do-biegania,2026-08-17,173,17,37.10,1.00,335.66
Search | Buty do biegania,Damskie,7000000411,Responsive search ad,Average,Sprawdź buty do biegania,Darmowa dostawa od 199 zł,https://www.biegosfera.pl/buty-do-biegania,2026-08-17,122,2,4.36,0.00,0.00
Search | Buty do biegania,Męskie,7000000548,Responsive search ad,Good,Buty do biegania – nowa kolekcja,Darmowa dostawa od 199 zł,https://www.biegosfera.pl/buty-do-biegania,2026-08-17,141,9,17.68,0.00,0.00
Search | Buty do biegania,Męskie,7000000685,Responsive search ad,Average,Sprawdź buty do biegania,Darmowa dostawa od 199 zł,https://www.biegosfera.pl/buty-do-biegania,2026-08-17,92,6,11.78,1.00,424.59
Search | Buty do biegania,Ogólne,7000000822,Responsive search ad,Excellent,Buty do biegania | Darmowa dostawa,Darmowa dostawa od 199 zł,https://www.biegosfera.pl/buty-do-biegania,2026-08-17,965,63,114.54,1.00,419.24
Search | Buty do biegania,Ogólne,7000000959,Responsive search ad,Poor,Sklep sportowy online,Darmowa dostawa od 199 zł,https://www.biegosfera.pl/buty-do-biegania,2026-08-17,815,19,34.55,0.00,0.00
Search | Buty trailowe,Trail,7000001096,Responsive search ad,Good,Buty trailowe – przyczepność w terenie,Darmowa dostawa od 199 zł,https://www.biegosfera.pl/buty-trailowe,2026-08-17,648,26,52.00,2.00,649.45
Search | Buty trailowe,Trail,7000001233,Responsive search ad,Average,Wyprzedaż butów – do -50%,Darmowa dostawa od 199 zł,https://www.biegosfera.pl/buty-trailowe,2026-08-17,446,26,52.00,2.00,649.45
Search | Konkurencja,Asics,7000001370,Responsive search ad,Good,Buty do biegania – nowa kolekcja,Darmowa dostawa od 199 zł,https://www.biegosfera.pl/buty-do-biegania,2026-08-17,110,4,12.30,0.00,0.00
Search | Konkurencja,Asics,7000001507,Responsive search ad,Average,Sprawdź buty do biegania,Darmowa dostawa od 199 zł,https://www.biegosfera.pl/buty-do-biegania,2026-08-17,74,2,6.15,0.00,0.00
Search | Konkurencja,Hoka,7000001644,Responsive search ad,Good,Buty do biegania – nowa kolekcja,Darmowa dostawa od 199 zł,https://www.biegosfera.pl/buty-do-biegania,2026-08-17,98,6,16.45,0.00,0.00
Search | Konkurencja,Hoka,7000001781,Responsive search ad,Average,Sprawdź buty do biegania,Darmowa dostawa od 199 zł,https://www.biegosfera.pl/buty-do-biegania,2026-08-17,61,1,2.74,0.00,0.00
Search | Konkurencja,Nike,7000001918,Responsive search ad,Good,Buty do biegania – nowa kolekcja,Darmowa dostawa od 199 zł,https://www.biegosfera.pl/buty-do-biegania,2026-08-17,230,8,20.41,0.00,0.00
Search | Konkurencja,Nike,7000002055,Responsive search ad,Average,Sprawdź buty do biegania,Darmowa dostawa od 199 zł,https://www.biegosfera.pl/buty-do-biegania,2026-08-17,145,4,10.21,0.00,0.00
Search | Konkurencja,Ogólne,7000002192,Responsive search ad,Good,Buty do biegania – nowa kolekcja,Darmowa dostawa od 199 zł,https://www.biegosfera.pl/buty-do-biegania,2026-08-17,153,9,20.92,0.00,0.00
Search | Konkurencja,Ogólne,7000002329,Responsive search ad,Average,Sprawdź buty do biegania,Darmowa dostawa od 199 zł,https://www.biegosfera.pl/buty-do-biegania,2026-08-17,107,1,2.32,0.00,0.00
Search | Brand,Brand,7000000000,Responsive search ad,Good,Biegosfera – oficjalny sklep,Darmowa dostawa od 199 zł,https://www.biegosfera.pl/buty-do-biegania,2026-08-18,172,48,46.30,3.00,954.88
Search | Brand,Brand,7000000137,Responsive search ad,Average,Biegosfera – oficjalny sklep (B),Darmowa dostawa od 199 zł,https://www.biegosfera.pl/buty-do-biegania,2026-08-18,97,30,28.93,3.00,954.88
Search | Buty do biegania,Damskie,7000000274,Responsive search ad,Good,Buty do biegania – nowa kolekcja,Darmowa dostawa od 199 zł,https://www.biegosfera.pl/buty-do-biegania,2026-08-18,171,13,23.98,0.00,0.00
Search | Buty do biegania,Damskie,7000000411,Responsive search ad,Average,Sprawdź buty do biegania,Darmowa dostawa od 199 zł,https://www.biegosfera.pl/buty-do-biegania,2026-08-18,116,4,7.38,0.00,0.00
Search | Buty do biegania,Męskie,7000000548,Responsive search ad,Good,Buty do biegania – nowa kolekcja,Darmowa dostawa od 199 zł,https://www.biegosfera.pl/buty-do-biegania,2026-08-18,132,14,30.58,1.00,407.01
Search | Buty do biegania,Męskie,7000000685,Responsive search ad,Average,Sprawdź buty do biegania,Darmowa dostawa od 199 zł,https://www.biegosfera.pl/buty-do-biegania,2026-08-18,104,0,0.00,0.00,0.00
Search | Buty do biegania,Ogólne,7000000822,Responsive search ad,Excellent,Buty do biegania | Darmowa dostawa,Darmowa dostawa od 199 zł,https://www.biegosfera.pl/buty-do-biegania,2026-08-18,973,63,121.59,3.00,"1,027.37"
Search | Buty do biegania,Ogólne,7000000959,Responsive search ad,Poor,Sklep sportowy online,Darmowa dostawa od 199 zł,https://www.biegosfera.pl/buty-do-biegania,2026-08-18,786,23,44.39,1.00,342.46
Search | Buty trailowe,Trail,7000001096,Responsive search ad,Good,Buty trailowe – przyczepność w terenie,Darmowa dostawa od 199 zł,https://www.biegosfera.pl/buty-trailowe,2026-08-18,593,34,62.53,1.00,300.06
Search | Buty trailowe,Trail,7000001233,Responsive search ad,Average,Wyprzedaż butów – do -50%,Darmowa dostawa od 199 zł,https://www.biegosfera.pl/buty-trailowe,2026-08-18,449,19,34.94,0.00,0.00
Search | Konkurencja,Asics,7000001370,Responsive search ad,Good,Buty do biegania – nowa kolekcja,Darmowa dostawa od 199 zł,https://www.biegosfera.pl/buty-do-biegania,2026-08-18,105,8,20.50,1.00,344.86
Search | Konkurencja,Asics,7000001507,Responsive search ad,Average,Sprawdź buty do biegania,Darmowa dostawa od 199 zł,https://www.biegosfera.pl/buty-do-biegania,2026-08-18,101,4,10.25,0.00,0.00
Search | Konkurencja,Hoka,7000001644,Responsive search ad,Good,Buty do biegania – nowa kolekcja,Darmowa dostawa od 199 zł,https://www.biegosfera.pl/buty-do-biegania,2026-08-18,76,4,12.87,0.00,0.00
Search | Konkurencja,Hoka,7000001781,Responsive search ad,Average,Sprawdź buty do biegania,Darmowa dostawa od 199 zł,https://www.biegosfera.pl/buty-do-biegania,2026-08-18,64,2,6.44,0.00,0.00
Search | Konkurencja,Nike,7000001918,Responsive search ad,Good,Buty do biegania – nowa kolekcja,Darmowa dostawa od 199 zł,https://www.biegosfera.pl/buty-do-biegania,2026-08-18,210,7,20.12,1.00,325.84
Search | Konkurencja,Nike,7000002055,Responsive search ad,Average,Sprawdź buty do biegania,Darmowa dostawa od 199 zł,https://www.biegosfera.pl/buty-do-biegania,2026-08-18,127,4,11.50,0.00,0.00
Search | Konkurencja,Ogólne,7000002192,Responsive search ad,Good,Buty do biegania – nowa kolekcja,Darmowa dostawa od 199 zł,https://www.biegosfera.pl/buty-do-biegania,2026-08-18,148,6,16.83,0.00,0.00
Search | Konkurencja,Ogólne,7000002329,Responsive search ad,Average,Sprawdź buty do biegania,Darmowa dostawa od 199 zł,https://www.biegosfera.pl/buty-do-biegania,2026-08-18,108,5,14.02,1.00,386.58
Search | Brand,Brand,7000000000,Responsive search ad,Good,Biegosfera – oficjalny sklep,Darmowa dostawa od 199 zł,https://www.biegosfera.pl/buty-do-biegania,2026-08-19,154,49,39.66,5.00,"2,044.48"
Search | Brand,Brand,7000000137,Responsive search ad,Average,Biegosfera – oficjalny sklep (B),Darmowa dostawa od 199 zł,https://www.biegosfera.pl/buty-do-biegania,2026-08-19,123,25,20.23,1.00,408.90
Search | Buty do biegania,Damskie,7000000274,Responsive search ad,Good,Buty do biegania – nowa kolekcja,Darmowa dostawa od 199 zł,https://www.biegosfera.pl/buty-do-biegania,2026-08-19,168,10,18.29,0.00,0.00
Search | Buty do biegania,Damskie,7000000411,Responsive search ad,Average,Sprawdź buty do biegania,Darmowa dostawa od 199 zł,https://www.biegosfera.pl/buty-do-biegania,2026-08-19,124,5,9.14,1.00,387.63
Search | Buty do biegania,Męskie,7000000548,Responsive search ad,Good,Buty do biegania – nowa kolekcja,Darmowa dostawa od 199 zł,https://www.biegosfera.pl/buty-do-biegania,2026-08-19,136,9,16.83,0.00,0.00
Search | Buty do biegania,Męskie,7000000685,Responsive search ad,Average,Sprawdź buty do biegania,Darmowa dostawa od 199 zł,https://www.biegosfera.pl/buty-do-biegania,2026-08-19,102,6,11.22,0.00,0.00
Search | Buty do biegania,Ogólne,7000000822,Responsive search ad,Excellent,Buty do biegania | Darmowa dostawa,Darmowa dostawa od 199 zł,https://www.biegosfera.pl/buty-do-biegania,2026-08-19,986,55,109.44,0.00,0.00
Search | Buty do biegania,Ogólne,7000000959,Responsive search ad,Poor,Sklep sportowy online,Darmowa dostawa od 199 zł,https://www.biegosfera.pl/buty-do-biegania,2026-08-19,826,20,39.79,1.00,334.93
Search | Buty trailowe,Trail,7000001096,Responsive search ad,Good,Buty trailowe – przyczepność w terenie,Darmowa dostawa od 199 zł,https://www.biegosfera.pl/buty-trailowe,2026-08-19,620,38,77.69,1.00,385.85
Search | Buty trailowe,Trail,7000001233,Responsive search ad,Average,Wyprzedaż butów – do -50%,Darmowa dostawa od 199 zł,https://www.biegosfera.pl/buty-trailowe,2026-08-19,446,19,38.84,1.00,385.85
Search | Konkurencja,Asics,7000001370,Responsive search ad,Good,Buty do biegania – nowa kolekcja,Darmowa dostawa od 199 zł,https://www.biegosfera.pl/buty-do-biegania,2026-08-19,114,10,25.88,1.00,295.46
Search | Konkurencja,Asics,7000001507,Responsive search ad,Average,Sprawdź buty do biegania,Darmowa dostawa od 199 zł,https://www.biegosfera.pl/buty-do-biegania,2026-08-19,83,4,10.35,0.00,0.00
Search | Konkurencja,Hoka,7000001644,Responsive search ad,Good,Buty do biegania – nowa kolekcja,Darmowa dostawa od 199 zł,https://www.biegosfera.pl/buty-do-biegania,2026-08-19,76,2,7.04,0.00,0.00
Search | Konkurencja,Hoka,7000001781,Responsive search ad,Average,Sprawdź buty do biegania,Darmowa dostawa od 199 zł,https://www.biegosfera.pl/buty-do-biegania,2026-08-19,53,2,7.04,0.00,0.00
Search | Konkurencja,Nike,7000001918,Responsive search ad,Good,Buty do biegania – nowa kolekcja,Darmowa dostawa od 199 zł,https://www.biegosfera.pl/buty-do-biegania,2026-08-19,197,7,19.91,0.00,0.00
Search | Konkurencja,Nike,7000002055,Responsive search ad,Average,Sprawdź buty do biegania,Darmowa dostawa od 199 zł,https://www.biegosfera.pl/buty-do-biegania,2026-08-19,134,8,22.76,0.00,0.00
Search | Konkurencja,Ogólne,7000002192,Responsive search ad,Good,Buty do biegania – nowa kolekcja,Darmowa dostawa od 199 zł,https://www.biegosfera.pl/buty-do-biegania,2026-08-19,154,4,10.42,0.00,0.00
Search | Konkurencja,Ogólne,7000002329,Responsive search ad,Average,Sprawdź buty do biegania,Darmowa dostawa od 199 zł,https://www.biegosfera.pl/buty-do-biegania,2026-08-19,96,5,13.03,0.00,0.00
Search | Brand,Brand,7000000000,Responsive search ad,Good,Biegosfera – oficjalny sklep,Darmowa dostawa od 199 zł,https://www.biegosfera.pl/buty-do-biegania,2026-08-20,171,58,42.87,5.00,"1,917.61"
Search | Brand,Brand,7000000137,Responsive search ad,Average,Biegosfera – oficjalny sklep (B),Darmowa dostawa od 199 zł,https://www.biegosfera.pl/buty-do-biegania,2026-08-20,110,21,15.52,0.00,0.00
Search | Buty do biegania,Damskie,7000000274,Responsive search ad,Good,Buty do biegania – nowa kolekcja,Darmowa dostawa od 199 zł,https://www.biegosfera.pl/buty-do-biegania,2026-08-20,156,13,29.43,0.00,0.00
Search | Buty do biegania,Damskie,7000000411,Responsive search ad,Average,Sprawdź buty do biegania,Darmowa dostawa od 199 zł,https://www.biegosfera.pl/buty-do-biegania,2026-08-20,129,6,13.58,2.00,623.41
Search | Buty do biegania,Męskie,7000000548,Responsive search ad,Good,Buty do biegania – nowa kolekcja,Darmowa dostawa od 199 zł,https://www.biegosfera.pl/buty-do-biegania,2026-08-20,139,11,21.90,2.00,639.75
Search | Buty do biegania,Męskie,7000000685,Responsive search ad,Average,Sprawdź buty do biegania,Darmowa dostawa od 199 zł,https://www.biegosfera.pl/buty-do-biegania,2026-08-20,80,4,7.96,0.00,0.00
Search | Buty do biegania,Ogólne,7000000822,Responsive search ad,Excellent,Buty do biegania | Darmowa dostawa,Darmowa dostawa od 199 zł,https://www.biegosfera.pl/buty-do-biegania,2026-08-20,980,60,115.47,0.00,0.00
Search | Buty do biegania,Ogólne,7000000959,Responsive search ad,Poor,Sklep sportowy online,Darmowa dostawa od 199 zł,https://www.biegosfera.pl/buty-do-biegania,2026-08-20,788,21,40.42,0.00,0.00
Search | Buty trailowe,Trail,7000001096,Responsive search ad,Good,Buty trailowe – przyczepność w terenie,Darmowa dostawa od 199 zł,https://www.biegosfera.pl/buty-trailowe,2026-08-20,624,36,74.66,1.00,402.81
Search | Buty trailowe,Trail,7000001233,Responsive search ad,Average,Wyprzedaż butów – do -50%,Darmowa dostawa od 199 zł,https://www.biegosfera.pl/buty-trailowe,2026-08-20,448,13,26.96,0.00,0.00
Search | Konkurencja,Asics,7000001370,Responsive search ad,Good,Buty do biegania – nowa kolekcja,Darmowa dostawa od 199 zł,https://www.biegosfera.pl/buty-do-biegania,2026-08-20,118,8,25.74,0.00,0.00
Search | Konkurencja,Asics,7000001507,Responsive search ad,Average,Sprawdź buty do biegania,Darmowa dostawa od 199 zł,https://www.biegosfera.pl/buty-do-biegania,2026-08-20,85,4,12.87,0.00,0.00
Search | Konkurencja,Hoka,7000001644,Responsive search ad,Good,Buty do biegania – nowa kolekcja,Darmowa dostawa od 199 zł,https://www.biegosfera.pl/buty-do-biegania,2026-08-20,98,2,6.75,0.00,0.00
Search | Konkurencja,Hoka,7000001781,Responsive search ad,Average,Sprawdź buty do biegania,Darmowa dostawa od 199 zł,https://www.biegosfera.pl/buty-do-biegania,2026-08-20,62,8,27.00,0.00,0.00
Search | Konkurencja,Nike,7000001918,Responsive search ad,Good,Buty do biegania – nowa kolekcja,Darmowa dostawa od 199 zł,https://www.biegosfera.pl/buty-do-biegania,2026-08-20,222,8,19.23,0.00,0.00
Search | Konkurencja,Nike,7000002055,Responsive search ad,Average,Sprawdź buty do biegania,Darmowa dostawa od 199 zł,https://www.biegosfera.pl/buty-do-biegania,2026-08-20,136,4,9.61,0.00,0.00
Search | Konkurencja,Ogólne,7000002192,Responsive search ad,Good,Buty do biegania – nowa kolekcja,Darmowa dostawa od 199 zł,https://www.biegosfera.pl/buty-do-biegania,2026-08-20,152,7,18.80,0.00,0.00
Search | Konkurencja,Ogólne,7000002329,Responsive search ad,Average,Sprawdź buty do biegania,Darmowa dostawa od 199 zł,https://www.biegosfera.pl/buty-do-biegania,2026-08-20,111,1,2.69,0.00,0.00
Search | Brand,Brand,7000000000,Responsive search ad,Good,Biegosfera – oficjalny sklep,Darmowa dostawa od 199 zł,https://www.biegosfera.pl/buty-do-biegania,2026-08-21,163,50,43.05,5.00,"1,697.39"
Search | Brand,Brand,7000000137,Responsive search ad,Average,Biegosfera – oficjalny sklep (B),Darmowa dostawa od 199 zł,https://www.biegosfera.pl/buty-do-biegania,2026-08-21,112,23,19.81,2.00,678.96
Search | Buty do biegania,Damskie,7000000274,Responsive search ad,Good,Buty do biegania – nowa kolekcja,Darmowa dostawa od 199 zł,https://www.biegosfera.pl/buty-do-biegania,2026-08-21,161,14,32.85,0.00,0.00
Search | Buty do biegania,Damskie,7000000411,Responsive search ad,Average,Sprawdź buty do biegania,Darmowa dostawa od 199 zł,https://www.biegosfera.pl/buty-do-biegania,2026-08-21,127,5,11.73,1.00,423.23
Search | Buty do biegania,Męskie,7000000548,Responsive search ad,Good,Buty do biegania – nowa kolekcja,Darmowa dostawa od 199 zł,https://www.biegosfera.pl/buty-do-biegania,2026-08-21,134,12,25.69,0.00,0.00
Search | Buty do biegania,Męskie,7000000685,Responsive search ad,Average,Sprawdź buty do biegania,Darmowa dostawa od 199 zł,https://www.biegosfera.pl/buty-do-biegania,2026-08-21,75,5,10.70,1.00,338.10
Search | Buty do biegania,Ogólne,7000000822,Responsive search ad,Excellent,Buty do biegania | Darmowa dostawa,Darmowa dostawa od 199 zł,https://www.biegosfera.pl/buty-do-biegania,2026-08-21,933,56,102.97,0.00,0.00
Search | Buty do biegania,Ogólne,7000000959,Responsive search ad,Poor,Sklep sportowy online,Darmowa dostawa od 199 zł,https://www.biegosfera.pl/buty-do-biegania,2026-08-21,771,20,36.77,1.00,295.22
Search | Buty trailowe,Trail,7000001096,Responsive search ad,Good,Buty trailowe – przyczepność w terenie,Darmowa dostawa od 199 zł,https://www.biegosfera.pl/buty-trailowe,2026-08-21,613,35,72.07,0.00,0.00
Search | Buty trailowe,Trail,7000001233,Responsive search ad,Average,Wyprzedaż butów – do -50%,Darmowa dostawa od 199 zł,https://www.biegosfera.pl/buty-trailowe,2026-08-21,429,12,24.71,1.00,423.52
Search | Konkurencja,Asics,7000001370,Responsive search ad,Good,Buty do biegania – nowa kolekcja,Darmowa dostawa od 199 zł,https://www.biegosfera.pl/buty-do-biegania,2026-08-21,110,7,20.48,0.00,0.00
Search | Konkurencja,Asics,7000001507,Responsive search ad,Average,Sprawdź buty do biegania,Darmowa dostawa od 199 zł,https://www.biegosfera.pl/buty-do-biegania,2026-08-21,84,3,8.78,0.00,0.00
Search | Konkurencja,Hoka,7000001644,Responsive search ad,Good,Buty do biegania – nowa kolekcja,Darmowa dostawa od 199 zł,https://www.biegosfera.pl/buty-do-biegania,2026-08-21,93,8,28.77,0.00,0.00
Search | Konkurencja,Hoka,7000001781,Responsive search ad,Average,Sprawdź buty do biegania,Darmowa dostawa od 199 zł,https://www.biegosfera.pl/buty-do-biegania,2026-08-21,60,2,7.19,0.00,0.00
Search | Konkurencja,Nike,7000001918,Responsive search ad,Good,Buty do biegania – nowa kolekcja,Darmowa dostawa od 199 zł,https://www.biegosfera.pl/buty-do-biegania,2026-08-21,223,15,38.64,1.00,348.81
Search | Konkurencja,Nike,7000002055,Responsive search ad,Average,Sprawdź buty do biegania,Darmowa dostawa od 199 zł,https://www.biegosfera.pl/buty-do-biegania,2026-08-21,122,6,15.46,0.00,0.00
Search | Konkurencja,Ogólne,7000002192,Responsive search ad,Good,Buty do biegania – nowa kolekcja,Darmowa dostawa od 199 zł,https://www.biegosfera.pl/buty-do-biegania,2026-08-21,142,6,16.69,1.00,364.45
Search | Konkurencja,Ogólne,7000002329,Responsive search ad,Average,Sprawdź buty do biegania,Darmowa dostawa od 199 zł,https://www.biegosfera.pl/buty-do-biegania,2026-08-21,107,1,2.78,0.00,0.00
Search | Brand,Brand,7000000000,Responsive search ad,Good,Biegosfera – oficjalny sklep,Darmowa dostawa od 199 zł,https://www.biegosfera.pl/buty-do-biegania,2026-08-22,119,37,30.67,3.00,"1,065.65"
Search | Brand,Brand,7000000137,Responsive search ad,Average,Biegosfera – oficjalny sklep (B),Darmowa dostawa od 199 zł,https://www.biegosfera.pl/buty-do-biegania,2026-08-22,102,15,12.43,2.00,710.44
Search | Buty do biegania,Damskie,7000000274,Responsive search ad,Good,Buty do biegania – nowa kolekcja,Darmowa dostawa od 199 zł,https://www.biegosfera.pl/buty-do-biegania,2026-08-22,153,14,29.23,1.00,305.76
Search | Buty do biegania,Damskie,7000000411,Responsive search ad,Average,Sprawdź buty do biegania,Darmowa dostawa od 199 zł,https://www.biegosfera.pl/buty-do-biegania,2026-08-22,96,2,4.18,0.00,0.00
Search | Buty do biegania,Męskie,7000000548,Responsive search ad,Good,Buty do biegania – nowa kolekcja,Darmowa dostawa od 199 zł,https://www.biegosfera.pl/buty-do-biegania,2026-08-22,128,7,14.68,0.00,0.00
Search | Buty do biegania,Męskie,7000000685,Responsive search ad,Average,Sprawdź buty do biegania,Darmowa dostawa od 199 zł,https://www.biegosfera.pl/buty-do-biegania,2026-08-22,83,2,4.20,0.00,0.00
Search | Buty do biegania,Ogólne,7000000822,Responsive search ad,Excellent,Buty do biegania | Darmowa dostawa,Darmowa dostawa od 199 zł,https://www.biegosfera.pl/buty-do-biegania,2026-08-22,839,62,112.33,2.00,639.05
Search | Buty do biegania,Ogólne,7000000959,Responsive search ad,Poor,Sklep sportowy online,Darmowa dostawa od 199 zł,https://www.biegosfera.pl/buty-do-biegania,2026-08-22,755,16,28.99,1.00,319.52
Search | Buty trailowe,Trail,7000001096,Responsive search ad,Good,Buty trailowe – przyczepność w terenie,Darmowa dostawa od 199 zł,https://www.biegosfera.pl/buty-trailowe,2026-08-22,546,29,58.71,1.00,297.60
Search | Buty trailowe,Trail,7000001233,Responsive search ad,Average,Wyprzedaż butów – do -50%,Darmowa dostawa od 199 zł,https://www.biegosfera.pl/buty-trailowe,2026-08-22,377,21,42.52,0.00,0.00
Search | Konkurencja,Asics,7000001370,Responsive search ad,Good,Buty do biegania – nowa kolekcja,Darmowa dostawa od 199 zł,https://www.biegosfera.pl/buty-do-biegania,2026-08-22,104,3,7.36,0.00,0.00
Search | Konkurencja,Asics,7000001507,Responsive search ad,Average,Sprawdź buty do biegania,Darmowa dostawa od 199 zł,https://www.biegosfera.pl/buty-do-biegania,2026-08-22,67,3,7.36,0.00,0.00
Search | Konkurencja,Hoka,7000001644,Responsive search ad,Good,Buty do biegania – nowa kolekcja,Darmowa dostawa od 199 zł,https://www.biegosfera.pl/buty-do-biegania,2026-08-22,81,6,18.24,0.00,0.00
Search | Konkurencja,Hoka,7000001781,Responsive search ad,Average,Sprawdź buty do biegania,Darmowa dostawa od 199 zł,https://www.biegosfera.pl/buty-do-biegania,2026-08-22,52,1,3.04,0.00,0.00
Search | Konkurencja,Nike,7000001918,Responsive search ad,Good,Buty do biegania – nowa kolekcja,Darmowa dostawa od 199 zł,https://www.biegosfera.pl/buty-do-biegania,2026-08-22,175,8,21.42,0.00,0.00
Search | Konkurencja,Nike,7000002055,Responsive search ad,Average,Sprawdź buty do biegania,Darmowa dostawa od 199 zł,https://www.biegosfera.pl/buty-do-biegania,2026-08-22,115,4,10.71,0.00,0.00
Search | Konkurencja,Ogólne,7000002192,Responsive search ad,Good,Buty do biegania – nowa kolekcja,Darmowa dostawa od 199 zł,https://www.biegosfera.pl/buty-do-biegania,2026-08-22,132,7,19.40,0.00,0.00
Search | Konkurencja,Ogólne,7000002329,Responsive search ad,Average,Sprawdź buty do biegania,Darmowa dostawa od 199 zł,https://www.biegosfera.pl/buty-do-biegania,2026-08-22,99,5,13.86,1.00,372.72
Search | Brand,Brand,7000000000,Responsive search ad,Good,Biegosfera – oficjalny sklep,Darmowa dostawa od 199 zł,https://www.biegosfera.pl/buty-do-biegania,2026-08-23,120,29,23.50,0.00,0.00
Search | Brand,Brand,7000000137,Responsive search ad,Average,Biegosfera – oficjalny sklep (B),Darmowa dostawa od 199 zł,https://www.biegosfera.pl/buty-do-biegania,2026-08-23,80,15,12.15,3.00,"1,086.59"
Search | Buty do biegania,Damskie,7000000274,Responsive search ad,Good,Buty do biegania – nowa kolekcja,Darmowa dostawa od 199 zł,https://www.biegosfera.pl/buty-do-biegania,2026-08-23,142,9,17.39,1.00,319.27
Search | Buty do biegania,Damskie,7000000411,Responsive search ad,Average,Sprawdź buty do biegania,Darmowa dostawa od 199 zł,https://www.biegosfera.pl/buty-do-biegania,2026-08-23,101,7,13.53,0.00,0.00
Search | Buty do biegania,Męskie,7000000548,Responsive search ad,Good,Buty do biegania – nowa kolekcja,Darmowa dostawa od 199 zł,https://www.biegosfera.pl/buty-do-biegania,2026-08-23,114,13,33.05,1.00,360.33
Search | Buty do biegania,Męskie,7000000685,Responsive search ad,Average,Sprawdź buty do biegania,Darmowa dostawa od 199 zł,https://www.biegosfera.pl/buty-do-biegania,2026-08-23,83,2,5.08,0.00,0.00
Search | Buty do biegania,Ogólne,7000000822,Responsive search ad,Excellent,Buty do biegania | Darmowa dostawa,Darmowa dostawa od 199 zł,https://www.biegosfera.pl/buty-do-biegania,2026-08-23,811,44,90.59,2.00,660.94
Search | Buty do biegania,Ogólne,7000000959,Responsive search ad,Poor,Sklep sportowy online,Darmowa dostawa od 199 zł,https://www.biegosfera.pl/buty-do-biegania,2026-08-23,667,23,47.36,0.00,0.00
Search | Buty trailowe,Trail,7000001096,Responsive search ad,Good,Buty trailowe – przyczepność w terenie,Darmowa dostawa od 199 zł,https://www.biegosfera.pl/buty-trailowe,2026-08-23,580,29,54.56,1.00,259.24
Search | Buty trailowe,Trail,7000001233,Responsive search ad,Average,Wyprzedaż butów – do -50%,Darmowa dostawa od 199 zł,https://www.biegosfera.pl/buty-trailowe,2026-08-23,396,15,28.22,0.00,0.00
Search | Konkurencja,Asics,7000001370,Responsive search ad,Good,Buty do biegania – nowa kolekcja,Darmowa dostawa od 199 zł,https://www.biegosfera.pl/buty-do-biegania,2026-08-23,98,4,11.01,0.00,0.00
Search | Konkurencja,Asics,7000001507,Responsive search ad,Average,Sprawdź buty do biegania,Darmowa dostawa od 199 zł,https://www.biegosfera.pl/buty-do-biegania,2026-08-23,65,1,2.75,0.00,0.00
Search | Konkurencja,Hoka,7000001644,Responsive search ad,Good,Buty do biegania – nowa kolekcja,Darmowa dostawa od 199 zł,https://www.biegosfera.pl/buty-do-biegania,2026-08-23,75,7,20.96,0.00,0.00
Search | Konkurencja,Hoka,7000001781,Responsive search ad,Average,Sprawdź buty do biegania,Darmowa dostawa od 199 zł,https://www.biegosfera.pl/buty-do-biegania,2026-08-23,53,0,0.00,0.00,0.00
Search | Konkurencja,Nike,7000001918,Responsive search ad,Good,Buty do biegania – nowa kolekcja,Darmowa dostawa od 199 zł,https://www.biegosfera.pl/buty-do-biegania,2026-08-23,184,13,36.11,0.00,0.00
Search | Konkurencja,Nike,7000002055,Responsive search ad,Average,Sprawdź buty do biegania,Darmowa dostawa od 199 zł,https://www.biegosfera.pl/buty-do-biegania,2026-08-23,114,4,11.11,0.00,0.00
Search | Konkurencja,Ogólne,7000002192,Responsive search ad,Good,Buty do biegania – nowa kolekcja,Darmowa dostawa od 199 zł,https://www.biegosfera.pl/buty-do-biegania,2026-08-23,142,9,23.39,0.00,0.00
Search | Konkurencja,Ogólne,7000002329,Responsive search ad,Average,Sprawdź buty do biegania,Darmowa dostawa od 199 zł,https://www.biegosfera.pl/buty-do-biegania,2026-08-23,90,0,0.00,0.00,0.00
Search | Brand,Brand,7000000000,Responsive search ad,Good,Biegosfera – oficjalny sklep,Darmowa dostawa od 199 zł,https://www.biegosfera.pl/buty-do-biegania,2026-08-24,146,42,39.22,3.00,"1,070.11"
Search | Brand,Brand,7000000137,Responsive search ad,Average,Biegosfera – oficjalny sklep (B),Darmowa dostawa od 199 zł,https://www.biegosfera.pl/buty-do-biegania,2026-08-24,103,21,19.61,2.00,713.41
Search | Buty do biegania,Damskie,7000000274,Responsive search ad,Good,Buty do biegania – nowa kolekcja,Darmowa dostawa od 199 zł,https://www.biegosfera.pl/buty-do-biegania,2026-08-24,175,10,20.16,0.00,0.00
Search | Buty do biegania,Damskie,7000000411,Responsive search ad,Average,Sprawdź buty do biegania,Darmowa dostawa od 199 zł,https://www.biegosfera.pl/buty-do-biegania,2026-08-24,122,5,10.08,1.00,384.98
Search | Buty do biegania,Męskie,7000000548,Responsive search ad,Good,Buty do biegania – nowa kolekcja,Darmowa dostawa od 199 zł,https://www.biegosfera.pl/buty-do-biegania,2026-08-24,139,9,18.82,0.00,0.00
Search | Buty do biegania,Męskie,7000000685,Responsive search ad,Average,Sprawdź buty do biegania,Darmowa dostawa od 199 zł,https://www.biegosfera.pl/buty-do-biegania,2026-08-24,96,5,10.46,0.00,0.00
Search | Buty do biegania,Ogólne,7000000822,Responsive search ad,Excellent,Buty do biegania | Darmowa dostawa,Darmowa dostawa od 199 zł,https://www.biegosfera.pl/buty-do-biegania,2026-08-24,974,67,130.55,4.00,"1,452.40"
Search | Buty do biegania,Ogólne,7000000959,Responsive search ad,Poor,Sklep sportowy online,Darmowa dostawa od 199 zł,https://www.biegosfera.pl/buty-do-biegania,2026-08-24,821,27,52.61,1.00,363.10
Search | Buty trailowe,Trail,7000001096,Responsive search ad,Good,Buty trailowe – przyczepność w terenie,Darmowa dostawa od 199 zł,https://www.biegosfera.pl/buty-trailowe,2026-08-24,694,32,67.89,0.00,0.00
Search | Buty trailowe,Trail,7000001233,Responsive search ad,Average,Wyprzedaż butów – do -50%,Darmowa dostawa od 199 zł,https://www.biegosfera.pl/buty-trailowe,2026-08-24,421,16,33.95,0.00,0.00
Search | Konkurencja,Asics,7000001370,Responsive search ad,Good,Buty do biegania – nowa kolekcja,Darmowa dostawa od 199 zł,https://www.biegosfera.pl/buty-do-biegania,2026-08-24,103,3,8.52,1.00,425.65
Search | Konkurencja,Asics,7000001507,Responsive search ad,Average,Sprawdź buty do biegania,Darmowa dostawa od 199 zł,https://www.biegosfera.pl/buty-do-biegania,2026-08-24,45,3,8.52,0.00,0.00
Search | Konkurencja,Hoka,7000001644,Responsive search ad,Good,Buty do biegania – nowa kolekcja,Darmowa dostawa od 199 zł,https://www.biegosfera.pl/buty-do-biegania,2026-08-24,108,5,18.68,0.00,0.00
Search | Konkurencja,Hoka,7000001781,Responsive search ad,Average,Sprawdź buty do biegania,Darmowa dostawa od 199 zł,https://www.biegosfera.pl/buty-do-biegania,2026-08-24,61,3,11.20,0.00,0.00
Search | Konkurencja,Nike,7000001918,Responsive search ad,Good,Buty do biegania – nowa kolekcja,Darmowa dostawa od 199 zł,https://www.biegosfera.pl/buty-do-biegania,2026-08-24,244,10,25.19,0.00,0.00
Search | Konkurencja,Nike,7000002055,Responsive search ad,Average,Sprawdź buty do biegania,Darmowa dostawa od 199 zł,https://www.biegosfera.pl/buty-do-biegania,2026-08-24,145,7,17.63,0.00,0.00
Search | Konkurencja,Ogólne,7000002192,Responsive search ad,Good,Buty do biegania – nowa kolekcja,Darmowa dostawa od 199 zł,https://www.biegosfera.pl/buty-do-biegania,2026-08-24,135,11,24.09,0.00,0.00
Search | Konkurencja,Ogólne,7000002329,Responsive search ad,Average,Sprawdź buty do biegania,Darmowa dostawa od 199 zł,https://www.biegosfera.pl/buty-do-biegania,2026-08-24,110,2,4.38,0.00,0.00
Search | Brand,Brand,7000000000,Responsive search ad,Good,Biegosfera – oficjalny sklep,Darmowa dostawa od 199 zł,https://www.biegosfera.pl/buty-do-biegania,2026-08-25,166,54,42.86,11.00,"4,312.39"
Search | Brand,Brand,7000000137,Responsive search ad,Average,Biegosfera – oficjalny sklep (B),Darmowa dostawa od 199 zł,https://www.biegosfera.pl/buty-do-biegania,2026-08-25,106,31,24.60,3.00,"1,176.11"
Search | Buty do biegania,Damskie,7000000274,Responsive search ad,Good,Buty do biegania – nowa kolekcja,Darmowa dostawa od 199 zł,https://www.biegosfera.pl/buty-do-biegania,2026-08-25,173,9,15.80,0.00,0.00
Search | Buty do biegania,Damskie,7000000411,Responsive search ad,Average,Sprawdź buty do biegania,Darmowa dostawa od 199 zł,https://www.biegosfera.pl/buty-do-biegania,2026-08-25,101,4,7.02,0.00,0.00
Search | Buty do biegania,Męskie,7000000548,Responsive search ad,Good,Buty do biegania – nowa kolekcja,Darmowa dostawa od 199 zł,https://www.biegosfera.pl/buty-do-biegania,2026-08-25,139,13,30.76,0.00,0.00
Search | Buty do biegania,Męskie,7000000685,Responsive search ad,Average,Sprawdź buty do biegania,Darmowa dostawa od 199 zł,https://www.biegosfera.pl/buty-do-biegania,2026-08-25,93,11,26.03,2.00,791.30
Search | Buty do biegania,Ogólne,7000000822,Responsive search ad,Excellent,Buty do biegania | Darmowa dostawa,Darmowa dostawa od 199 zł,https://www.biegosfera.pl/buty-do-biegania,2026-08-25,"1,026",68,126.06,2.00,694.55
Search | Buty do biegania,Ogólne,7000000959,Responsive search ad,Poor,Sklep sportowy online,Darmowa dostawa od 199 zł,https://www.biegosfera.pl/buty-do-biegania,2026-08-25,801,19,35.22,1.00,347.27
Search | Buty trailowe,Trail,7000001096,Responsive search ad,Good,Buty trailowe – przyczepność w terenie,Darmowa dostawa od 199 zł,https://www.biegosfera.pl/buty-trailowe,2026-08-25,656,36,79.65,0.00,0.00
Search | Buty trailowe,Trail,7000001233,Responsive search ad,Average,Wyprzedaż butów – do -50%,Darmowa dostawa od 199 zł,https://www.biegosfera.pl/buty-trailowe,2026-08-25,457,21,46.47,0.00,0.00
Search | Konkurencja,Asics,7000001370,Responsive search ad,Good,Buty do biegania – nowa kolekcja,Darmowa dostawa od 199 zł,https://www.biegosfera.pl/buty-do-biegania,2026-08-25,124,9,29.94,0.00,0.00
Search | Konkurencja,Asics,7000001507,Responsive search ad,Average,Sprawdź buty do biegania,Darmowa dostawa od 199 zł,https://www.biegosfera.pl/buty-do-biegania,2026-08-25,88,2,6.65,0.00,0.00
Search | Konkurencja,Hoka,7000001644,Responsive search ad,Good,Buty do biegania – nowa kolekcja,Darmowa dostawa od 199 zł,https://www.biegosfera.pl/buty-do-biegania,2026-08-25,100,4,15.37,1.00,273.39
Search | Konkurencja,Hoka,7000001781,Responsive search ad,Average,Sprawdź buty do biegania,Darmowa dostawa od 199 zł,https://www.biegosfera.pl/buty-do-biegania,2026-08-25,60,2,7.69,1.00,273.39
Search | Konkurencja,Nike,7000001918,Responsive search ad,Good,Buty do biegania – nowa kolekcja,Darmowa dostawa od 199 zł,https://www.biegosfera.pl/buty-do-biegania,2026-08-25,205,10,30.86,0.00,0.00
Search | Konkurencja,Nike,7000002055,Responsive search ad,Average,Sprawdź buty do biegania,Darmowa dostawa od 199 zł,https://www.biegosfera.pl/buty-do-biegania,2026-08-25,129,4,12.35,0.00,0.00
Search | Konkurencja,Ogólne,7000002192,Responsive search ad,Good,Buty do biegania – nowa kolekcja,Darmowa dostawa od 199 zł,https://www.biegosfera.pl/buty-do-biegania,2026-08-25,144,7,16.22,0.00,0.00
Search | Konkurencja,Ogólne,7000002329,Responsive search ad,Average,Sprawdź buty do biegania,Darmowa dostawa od 199 zł,https://www.biegosfera.pl/buty-do-biegania,2026-08-25,103,4,9.27,0.00,0.00
Search | Brand,Brand,7000000000,Responsive search ad,Good,Biegosfera – oficjalny sklep,Darmowa dostawa od 199 zł,https://www.biegosfera.pl/buty-do-biegania,2026-08-26,180,61,48.86,9.00,"3,193.42"
Search | Brand,Brand,7000000137,Responsive search ad,Average,Biegosfera – oficjalny sklep (B),Darmowa dostawa od 199 zł,https://www.biegosfera.pl/buty-do-biegania,2026-08-26,111,20,16.02,1.00,354.82
Search | Buty do biegania,Damskie,7000000274,Responsive search ad,Good,Buty do biegania – nowa kolekcja,Darmowa dostawa od 199 zł,https://www.biegosfera.pl/buty-do-biegania,2026-08-26,177,16,36.10,2.00,533.39
Search | Buty do biegania,Damskie,7000000411,Responsive search ad,Average,Sprawdź buty do biegania,Darmowa dostawa od 199 zł,https://www.biegosfera.pl/buty-do-biegania,2026-08-26,112,7,15.80,0.00,0.00
Search | Buty do biegania,Męskie,7000000548,Responsive search ad,Good,Buty do biegania – nowa kolekcja,Darmowa dostawa od 199 zł,https://www.biegosfera.pl/buty-do-biegania,2026-08-26,161,4,9.72,1.00,352.92
Search | Buty do biegania,Męskie,7000000685,Responsive search ad,Average,Sprawdź buty do biegania,Darmowa dostawa od 199 zł,https://www.biegosfera.pl/buty-do-biegania,2026-08-26,83,6,14.58,0.00,0.00
Search | Buty do biegania,Ogólne,7000000822,Responsive search ad,Excellent,Buty do biegania | Darmowa dostawa,Darmowa dostawa od 199 zł,https://www.biegosfera.pl/buty-do-biegania,2026-08-26,"1,021",61,115.51,1.00,397.17
Search | Buty do biegania,Ogólne,7000000959,Responsive search ad,Poor,Sklep sportowy online,Darmowa dostawa od 199 zł,https://www.biegosfera.pl/buty-do-biegania,2026-08-26,810,26,49.24,0.00,0.00
Search | Buty trailowe,Trail,7000001096,Responsive search ad,Good,Buty trailowe – przyczepność w terenie,Darmowa dostawa od 199 zł,https://www.biegosfera.pl/buty-trailowe,2026-08-26,640,36,69.11,1.00,276.80
Search | Buty trailowe,Trail,7000001233,Responsive search ad,Average,Wyprzedaż butów – do -50%,Darmowa dostawa od 199 zł,https://www.biegosfera.pl/buty-trailowe,2026-08-26,472,17,32.63,0.00,0.00
Search | Konkurencja,Asics,7000001370,Responsive search ad,Good,Buty do biegania – nowa kolekcja,Darmowa dostawa od 199 zł,https://www.biegosfera.pl/buty-do-biegania,2026-08-26,119,7,17.18,0.00,0.00
Search | Konkurencja,Asics,7000001507,Responsive search ad,Average,Sprawdź buty do biegania,Darmowa dostawa od 199 zł,https://www.biegosfera.pl/buty-do-biegania,2026-08-26,72,2,4.91,0.00,0.00
Search | Konkurencja,Hoka,7000001644,Responsive search ad,Good,Buty do biegania – nowa kolekcja,Darmowa dostawa od 199 zł,https://www.biegosfera.pl/buty-do-biegania,2026-08-26,83,7,21.98,0.00,0.00
Search | Konkurencja,Hoka,7000001781,Responsive search ad,Average,Sprawdź buty do biegania,Darmowa dostawa od 199 zł,https://www.biegosfera.pl/buty-do-biegania,2026-08-26,72,3,9.42,0.00,0.00
Search | Konkurencja,Nike,7000001918,Responsive search ad,Good,Buty do biegania – nowa kolekcja,Darmowa dostawa od 199 zł,https://www.biegosfera.pl/buty-do-biegania,2026-08-26,173,7,19.02,0.00,0.00
Search | Konkurencja,Nike,7000002055,Responsive search ad,Average,Sprawdź buty do biegania,Darmowa dostawa od 199 zł,https://www.biegosfera.pl/buty-do-biegania,2026-08-26,125,1,2.72,0.00,0.00
Search | Konkurencja,Ogólne,7000002192,Responsive search ad,Good,Buty do biegania – nowa kolekcja,Darmowa dostawa od 199 zł,https://www.biegosfera.pl/buty-do-biegania,2026-08-26,157,12,27.66,0.00,0.00
Search | Konkurencja,Ogólne,7000002329,Responsive search ad,Average,Sprawdź buty do biegania,Darmowa dostawa od 199 zł,https://www.biegosfera.pl/buty-do-biegania,2026-08-26,99,3,6.92,0.00,0.00
Search | Brand,Brand,7000000000,Responsive search ad,Good,Biegosfera – oficjalny sklep,Darmowa dostawa od 199 zł,https://www.biegosfera.pl/buty-do-biegania,2026-08-27,159,50,41.07,5.00,"1,639.68"
Search | Brand,Brand,7000000137,Responsive search ad,Average,Biegosfera – oficjalny sklep (B),Darmowa dostawa od 199 zł,https://www.biegosfera.pl/buty-do-biegania,2026-08-27,101,23,18.89,1.00,327.94
Search | Buty do biegania,Damskie,7000000274,Responsive search ad,Good,Buty do biegania – nowa kolekcja,Darmowa dostawa od 199 zł,https://www.biegosfera.pl/buty-do-biegania,2026-08-27,180,13,21.42,0.00,0.00
Search | Buty do biegania,Damskie,7000000411,Responsive search ad,Average,Sprawdź buty do biegania,Darmowa dostawa od 199 zł,https://www.biegosfera.pl/buty-do-biegania,2026-08-27,128,2,3.29,0.00,0.00
Search | Buty do biegania,Męskie,7000000548,Responsive search ad,Good,Buty do biegania – nowa kolekcja,Darmowa dostawa od 199 zł,https://www.biegosfera.pl/buty-do-biegania,2026-08-27,149,9,19.63,0.00,0.00
Search | Buty do biegania,Męskie,7000000685,Responsive search ad,Average,Sprawdź buty do biegania,Darmowa dostawa od 199 zł,https://www.biegosfera.pl/buty-do-biegania,2026-08-27,105,8,17.45,0.00,0.00
Search | Buty do biegania,Ogólne,7000000822,Responsive search ad,Excellent,Buty do biegania | Darmowa dostawa,Darmowa dostawa od 199 zł,https://www.biegosfera.pl/buty-do-biegania,2026-08-27,"1,011",57,111.88,1.00,354.90
Search | Buty do biegania,Ogólne,7000000959,Responsive search ad,Poor,Sklep sportowy online,Darmowa dostawa od 199 zł,https://www.biegosfera.pl/buty-do-biegania,2026-08-27,805,16,31.41,1.00,354.90
Search | Buty trailowe,Trail,7000001096,Responsive search ad,Good,Buty trailowe – przyczepność w terenie,Darmowa dostawa od 199 zł,https://www.biegosfera.pl/buty-trailowe,2026-08-27,681,32,63.71,2.00,750.19
Search | Buty trailowe,Trail,7000001233,Responsive search ad,Average,Wyprzedaż butów – do -50%,Darmowa dostawa od 199 zł,https://www.biegosfera.pl/buty-trailowe,2026-08-27,453,26,51.77,1.00,375.09
Search | Konkurencja,Asics,7000001370,Responsive search ad,Good,Buty do biegania – nowa kolekcja,Darmowa dostawa od 199 zł,https://www.biegosfera.pl/buty-do-biegania,2026-08-27,125,6,15.46,0.00,0.00
Search | Konkurencja,Asics,7000001507,Responsive search ad,Average,Sprawdź buty do biegania,Darmowa dostawa od 199 zł,https://www.biegosfera.pl/buty-do-biegania,2026-08-27,73,1,2.58,0.00,0.00
Search | Konkurencja,Hoka,7000001644,Responsive search ad,Good,Buty do biegania – nowa kolekcja,Darmowa dostawa od 199 zł,https://www.biegosfera.pl/buty-do-biegania,2026-08-27,82,8,22.11,0.00,0.00
Search | Konkurencja,Hoka,7000001781,Responsive search ad,Average,Sprawdź buty do biegania,Darmowa dostawa od 199 zł,https://www.biegosfera.pl/buty-do-biegania,2026-08-27,64,3,8.29,0.00,0.00
Search | Konkurencja,Nike,7000001918,Responsive search ad,Good,Buty do biegania – nowa kolekcja,Darmowa dostawa od 199 zł,https://www.biegosfera.pl/buty-do-biegania,2026-08-27,214,8,24.20,0.00,0.00
Search | Konkurencja,Nike,7000002055,Responsive search ad,Average,Sprawdź buty do biegania,Darmowa dostawa od 199 zł,https://www.biegosfera.pl/buty-do-biegania,2026-08-27,141,6,18.15,0.00,0.00
Search | Konkurencja,Ogólne,7000002192,Responsive search ad,Good,Buty do biegania – nowa kolekcja,Darmowa dostawa od 199 zł,https://www.biegosfera.pl/buty-do-biegania,2026-08-27,142,6,14.17,0.00,0.00
Search | Konkurencja,Ogólne,7000002329,Responsive search ad,Average,Sprawdź buty do biegania,Darmowa dostawa od 199 zł,https://www.biegosfera.pl/buty-do-biegania,2026-08-27,116,3,7.08,0.00,0.00
Search | Brand,Brand,7000000000,Responsive search ad,Good,Biegosfera – oficjalny sklep,Darmowa dostawa od 199 zł,https://www.biegosfera.pl/buty-do-biegania,2026-08-28,186,37,31.93,2.00,642.39
Search | Brand,Brand,7000000137,Responsive search ad,Average,Biegosfera – oficjalny sklep (B),Darmowa dostawa od 199 zł,https://www.biegosfera.pl/buty-do-biegania,2026-08-28,116,19,16.40,1.00,321.19
Search | Buty do biegania,Damskie,7000000274,Responsive search ad,Good,Buty do biegania – nowa kolekcja,Darmowa dostawa od 199 zł,https://www.biegosfera.pl/buty-do-biegania,2026-08-28,187,18,35.18,2.00,586.45
Search | Buty do biegania,Damskie,7000000411,Responsive search ad,Average,Sprawdź buty do biegania,Darmowa dostawa od 199 zł,https://www.biegosfera.pl/buty-do-biegania,2026-08-28,122,4,7.82,1.00,293.23
Search | Buty do biegania,Męskie,7000000548,Responsive search ad,Good,Buty do biegania – nowa kolekcja,Darmowa dostawa od 199 zł,https://www.biegosfera.pl/buty-do-biegania,2026-08-28,147,10,24.36,0.00,0.00
Search | Buty do biegania,Męskie,7000000685,Responsive search ad,Average,Sprawdź buty do biegania,Darmowa dostawa od 199 zł,https://www.biegosfera.pl/buty-do-biegania,2026-08-28,94,1,2.44,0.00,0.00
Search | Buty do biegania,Ogólne,7000000822,Responsive search ad,Excellent,Buty do biegania | Darmowa dostawa,Darmowa dostawa od 199 zł,https://www.biegosfera.pl/buty-do-biegania,2026-08-28,"1,055",66,132.19,4.00,"1,642.96"
Search | Buty do biegania,Ogólne,7000000959,Responsive search ad,Poor,Sklep sportowy online,Darmowa dostawa od 199 zł,https://www.biegosfera.pl/buty-do-biegania,2026-08-28,837,29,58.09,1.00,410.74
Search | Buty trailowe,Trail,7000001096,Responsive search ad,Good,Buty trailowe – przyczepność w terenie,Darmowa dostawa od 199 zł,https://www.biegosfera.pl/buty-trailowe,2026-08-28,666,28,60.86,0.00,0.00
Search | Buty trailowe,Trail,7000001233,Responsive search ad,Average,Wyprzedaż butów – do -50%,Darmowa dostawa od 199 zł,https://www.biegosfera.pl/buty-trailowe,2026-08-28,431,22,47.82,1.00,354.91
Search | Konkurencja,Asics,7000001370,Responsive search ad,Good,Buty do biegania – nowa kolekcja,Darmowa dostawa od 199 zł,https://www.biegosfera.pl/buty-do-biegania,2026-08-28,123,9,31.43,1.00,406.99
Search | Konkurencja,Asics,7000001507,Responsive search ad,Average,Sprawdź buty do biegania,Darmowa dostawa od 199 zł,https://www.biegosfera.pl/buty-do-biegania,2026-08-28,93,2,6.99,0.00,0.00
Search | Konkurencja,Hoka,7000001644,Responsive search ad,Good,Buty do biegania – nowa kolekcja,Darmowa dostawa od 199 zł,https://www.biegosfera.pl/buty-do-biegania,2026-08-28,86,6,20.15,0.00,0.00
Search | Konkurencja,Hoka,7000001781,Responsive search ad,Average,Sprawdź buty do biegania,Darmowa dostawa od 199 zł,https://www.biegosfera.pl/buty-do-biegania,2026-08-28,58,3,10.07,0.00,0.00
Search | Konkurencja,Nike,7000001918,Responsive search ad,Good,Buty do biegania – nowa kolekcja,Darmowa dostawa od 199 zł,https://www.biegosfera.pl/buty-do-biegania,2026-08-28,214,12,33.56,0.00,0.00
Search | Konkurencja,Nike,7000002055,Responsive search ad,Average,Sprawdź buty do biegania,Darmowa dostawa od 199 zł,https://www.biegosfera.pl/buty-do-biegania,2026-08-28,127,2,5.59,0.00,0.00
Search | Konkurencja,Ogólne,7000002192,Responsive search ad,Good,Buty do biegania – nowa kolekcja,Darmowa dostawa od 199 zł,https://www.biegosfera.pl/buty-do-biegania,2026-08-28,151,8,19.42,1.00,297.07
Search | Konkurencja,Ogólne,7000002329,Responsive search ad,Average,Sprawdź buty do biegania,Darmowa dostawa od 199 zł,https://www.biegosfera.pl/buty-do-biegania,2026-08-28,114,6,14.57,0.00,0.00
Search | Brand,Brand,7000000000,Responsive search ad,Good,Biegosfera – oficjalny sklep,Darmowa dostawa od 199 zł,https://www.biegosfera.pl/buty-do-biegania,2026-08-29,158,48,35.52,4.00,"1,464.65"
Search | Brand,Brand,7000000137,Responsive search ad,Average,Biegosfera – oficjalny sklep (B),Darmowa dostawa od 199 zł,https://www.biegosfera.pl/buty-do-biegania,2026-08-29,94,19,14.06,1.00,366.16
Search | Buty do biegania,Damskie,7000000274,Responsive search ad,Good,Buty do biegania – nowa kolekcja,Darmowa dostawa od 199 zł,https://www.biegosfera.pl/buty-do-biegania,2026-08-29,150,7,12.60,0.00,0.00
Search | Buty do biegania,Damskie,7000000411,Responsive search ad,Average,Sprawdź buty do biegania,Darmowa dostawa od 199 zł,https://www.biegosfera.pl/buty-do-biegania,2026-08-29,122,10,18.01,0.00,0.00
Search | Buty do biegania,Męskie,7000000548,Responsive search ad,Good,Buty do biegania – nowa kolekcja,Darmowa dostawa od 199 zł,https://www.biegosfera.pl/buty-do-biegania,2026-08-29,124,13,25.47,1.00,351.86
Search | Buty do biegania,Męskie,7000000685,Responsive search ad,Average,Sprawdź buty do biegania,Darmowa dostawa od 199 zł,https://www.biegosfera.pl/buty-do-biegania,2026-08-29,79,8,15.68,1.00,351.86
Search | Buty do biegania,Ogólne,7000000822,Responsive search ad,Excellent,Buty do biegania | Darmowa dostawa,Darmowa dostawa od 199 zł,https://www.biegosfera.pl/buty-do-biegania,2026-08-29,852,51,87.00,0.00,0.00
Search | Buty do biegania,Ogólne,7000000959,Responsive search ad,Poor,Sklep sportowy online,Darmowa dostawa od 199 zł,https://www.biegosfera.pl/buty-do-biegania,2026-08-29,713,32,54.59,0.00,0.00
Search | Buty trailowe,Trail,7000001096,Responsive search ad,Good,Buty trailowe – przyczepność w terenie,Darmowa dostawa od 199 zł,https://www.biegosfera.pl/buty-trailowe,2026-08-29,655,25,50.29,2.00,579.54
Search | Buty trailowe,Trail,7000001233,Responsive search ad,Average,Wyprzedaż butów – do -50%,Darmowa dostawa od 199 zł,https://www.biegosfera.pl/buty-trailowe,2026-08-29,391,15,30.18,0.00,0.00
Search | Konkurencja,Asics,7000001370,Responsive search ad,Good,Buty do biegania – nowa kolekcja,Darmowa dostawa od 199 zł,https://www.biegosfera.pl/buty-do-biegania,2026-08-29,109,6,16.00,0.00,0.00
Search | Konkurencja,Asics,7000001507,Responsive search ad,Average,Sprawdź buty do biegania,Darmowa dostawa od 199 zł,https://www.biegosfera.pl/buty-do-biegania,2026-08-29,79,6,16.00,0.00,0.00
Search | Konkurencja,Hoka,7000001644,Responsive search ad,Good,Buty do biegania – nowa kolekcja,Darmowa dostawa od 199 zł,https://www.biegosfera.pl/buty-do-biegania,2026-08-29,97,5,16.67,0.00,0.00
Search | Konkurencja,Hoka,7000001781,Responsive search ad,Average,Sprawdź buty do biegania,Darmowa dostawa od 199 zł,https://www.biegosfera.pl/buty-do-biegania,2026-08-29,51,3,10.00,0.00,0.00
Search | Konkurencja,Nike,7000001918,Responsive search ad,Good,Buty do biegania – nowa kolekcja,Darmowa dostawa od 199 zł,https://www.biegosfera.pl/buty-do-biegania,2026-08-29,173,13,32.53,0.00,0.00
Search | Konkurencja,Nike,7000002055,Responsive search ad,Average,Sprawdź buty do biegania,Darmowa dostawa od 199 zł,https://www.biegosfera.pl/buty-do-biegania,2026-08-29,117,2,5.00,0.00,0.00
Search | Konkurencja,Ogólne,7000002192,Responsive search ad,Good,Buty do biegania – nowa kolekcja,Darmowa dostawa od 199 zł,https://www.biegosfera.pl/buty-do-biegania,2026-08-29,154,8,19.70,1.00,277.89
Search | Konkurencja,Ogólne,7000002329,Responsive search ad,Average,Sprawdź buty do biegania,Darmowa dostawa od 199 zł,https://www.biegosfera.pl/buty-do-biegania,2026-08-29,91,1,2.46,0.00,0.00
Search | Brand,Brand,7000000000,Responsive search ad,Good,Biegosfera – oficjalny sklep,Darmowa dostawa od 199 zł,https://www.biegosfera.pl/buty-do-biegania,2026-08-30,145,46,40.44,5.00,"1,612.05"
Search | Brand,Brand,7000000137,Responsive search ad,Average,Biegosfera – oficjalny sklep (B),Darmowa dostawa od 199 zł,https://www.biegosfera.pl/buty-do-biegania,2026-08-30,80,16,14.06,2.00,644.82
Search | Buty do biegania,Damskie,7000000274,Responsive search ad,Good,Buty do biegania – nowa kolekcja,Darmowa dostawa od 199 zł,https://www.biegosfera.pl/buty-do-biegania,2026-08-30,163,19,37.64,1.00,351.56
Search | Buty do biegania,Damskie,7000000411,Responsive search ad,Average,Sprawdź buty do biegania,Darmowa dostawa od 199 zł,https://www.biegosfera.pl/buty-do-biegania,2026-08-30,99,6,11.89,1.00,351.56
Search | Buty do biegania,Męskie,7000000548,Responsive search ad,Good,Buty do biegania – nowa kolekcja,Darmowa dostawa od 199 zł,https://www.biegosfera.pl/buty-do-biegania,2026-08-30,116,10,21.28,1.00,326.18
Search | Buty do biegania,Męskie,7000000685,Responsive search ad,Average,Sprawdź buty do biegania,Darmowa dostawa od 199 zł,https://www.biegosfera.pl/buty-do-biegania,2026-08-30,74,3,6.39,0.00,0.00
Search | Buty do biegania,Ogólne,7000000822,Responsive search ad,Excellent,Buty do biegania | Darmowa dostawa,Darmowa dostawa od 199 zł,https://www.biegosfera.pl/buty-do-biegania,2026-08-30,864,58,115.83,1.00,408.29
Search | Buty do biegania,Ogólne,7000000959,Responsive search ad,Poor,Sklep sportowy online,Darmowa dostawa od 199 zł,https://www.biegosfera.pl/buty-do-biegania,2026-08-30,737,22,43.94,0.00,0.00
Search | Buty trailowe,Trail,7000001096,Responsive search ad,Good,Buty trailowe – przyczepność w terenie,Darmowa dostawa od 199 zł,https://www.biegosfera.pl/buty-trailowe,2026-08-30,543,23,47.88,1.00,302.76
Search | Buty trailowe,Trail,7000001233,Responsive search ad,Average,Wyprzedaż butów – do -50%,Darmowa dostawa od 199 zł,https://www.biegosfera.pl/buty-trailowe,2026-08-30,383,15,31.22,1.00,302.76
Search | Konkurencja,Asics,7000001370,Responsive search ad,Good,Buty do biegania – nowa kolekcja,Darmowa dostawa od 199 zł,https://www.biegosfera.pl/buty-do-biegania,2026-08-30,109,8,26.30,0.00,0.00
Search | Konkurencja,Asics,7000001507,Responsive search ad,Average,Sprawdź buty do biegania,Darmowa dostawa od 199 zł,https://www.biegosfera.pl/buty-do-biegania,2026-08-30,71,2,6.58,0.00,0.00
Search | Konkurencja,Hoka,7000001644,Responsive search ad,Good,Buty do biegania – nowa kolekcja,Darmowa dostawa od 199 zł,https://www.biegosfera.pl/buty-do-biegania,2026-08-30,80,4,14.11,0.00,0.00
Search | Konkurencja,Hoka,7000001781,Responsive search ad,Average,Sprawdź buty do biegania,Darmowa dostawa od 199 zł,https://www.biegosfera.pl/buty-do-biegania,2026-08-30,47,1,3.53,0.00,0.00
Search | Konkurencja,Nike,7000001918,Responsive search ad,Good,Buty do biegania – nowa kolekcja,Darmowa dostawa od 199 zł,https://www.biegosfera.pl/buty-do-biegania,2026-08-30,196,13,40.99,2.00,648.50
Search | Konkurencja,Nike,7000002055,Responsive search ad,Average,Sprawdź buty do biegania,Darmowa dostawa od 199 zł,https://www.biegosfera.pl/buty-do-biegania,2026-08-30,117,4,12.61,0.00,0.00
Search | Konkurencja,Ogólne,7000002192,Responsive search ad,Good,Buty do biegania – nowa kolekcja,Darmowa dostawa od 199 zł,https://www.biegosfera.pl/buty-do-biegania,2026-08-30,147,10,22.65,0.00,0.00
Search | Konkurencja,Ogólne,7000002329,Responsive search ad,Average,Sprawdź buty do biegania,Darmowa dostawa od 199 zł,https://www.biegosfera.pl/buty-do-biegania,2026-08-30,92,5,11.32,1.00,362.32
Search | Brand,Brand,7000000000,Responsive search ad,Good,Biegosfera – oficjalny sklep,Darmowa dostawa od 199 zł,https://www.biegosfera.pl/buty-do-biegania,2026-08-31,169,47,40.11,4.00,"1,423.67"
Search | Brand,Brand,7000000137,Responsive search ad,Average,Biegosfera – oficjalny sklep (B),Darmowa dostawa od 199 zł,https://www.biegosfera.pl/buty-do-biegania,2026-08-31,113,29,24.75,1.00,355.92
Search | Buty do biegania,Damskie,7000000274,Responsive search ad,Good,Buty do biegania – nowa kolekcja,Darmowa dostawa od 199 zł,https://www.biegosfera.pl/buty-do-biegania,2026-08-31,161,9,18.12,1.00,438.22
Search | Buty do biegania,Damskie,7000000411,Responsive search ad,Average,Sprawdź buty do biegania,Darmowa dostawa od 199 zł,https://www.biegosfera.pl/buty-do-biegania,2026-08-31,141,4,8.06,1.00,438.22
Search | Buty do biegania,Męskie,7000000548,Responsive search ad,Good,Buty do biegania – nowa kolekcja,Darmowa dostawa od 199 zł,https://www.biegosfera.pl/buty-do-biegania,2026-08-31,137,8,17.77,0.00,0.00
Search | Buty do biegania,Męskie,7000000685,Responsive search ad,Average,Sprawdź buty do biegania,Darmowa dostawa od 199 zł,https://www.biegosfera.pl/buty-do-biegania,2026-08-31,99,3,6.66,0.00,0.00
Search | Buty do biegania,Ogólne,7000000822,Responsive search ad,Excellent,Buty do biegania | Darmowa dostawa,Darmowa dostawa od 199 zł,https://www.biegosfera.pl/buty-do-biegania,2026-08-31,"1,006",61,117.60,3.00,"1,159.60"
Search | Buty do biegania,Ogólne,7000000959,Responsive search ad,Poor,Sklep sportowy online,Darmowa dostawa od 199 zł,https://www.biegosfera.pl/buty-do-biegania,2026-08-31,879,17,32.77,0.00,0.00
Search | Buty trailowe,Trail,7000001096,Responsive search ad,Good,Buty trailowe – przyczepność w terenie,Darmowa dostawa od 199 zł,https://www.biegosfera.pl/buty-trailowe,2026-08-31,681,34,66.49,2.00,763.97
Search | Buty trailowe,Trail,7000001233,Responsive search ad,Average,Wyprzedaż butów – do -50%,Darmowa dostawa od 199 zł,https://www.biegosfera.pl/buty-trailowe,2026-08-31,435,21,41.06,1.00,381.99
Search | Konkurencja,Asics,7000001370,Responsive search ad,Good,Buty do biegania – nowa kolekcja,Darmowa dostawa od 199 zł,https://www.biegosfera.pl/buty-do-biegania,2026-08-31,121,7,24.63,0.00,0.00
Search | Konkurencja,Asics,7000001507,Responsive search ad,Average,Sprawdź buty do biegania,Darmowa dostawa od 199 zł,https://www.biegosfera.pl/buty-do-biegania,2026-08-31,78,5,17.59,0.00,0.00
Search | Konkurencja,Hoka,7000001644,Responsive search ad,Good,Buty do biegania – nowa kolekcja,Darmowa dostawa od 199 zł,https://www.biegosfera.pl/buty-do-biegania,2026-08-31,87,2,6.81,0.00,0.00
Search | Konkurencja,Hoka,7000001781,Responsive search ad,Average,Sprawdź buty do biegania,Darmowa dostawa od 199 zł,https://www.biegosfera.pl/buty-do-biegania,2026-08-31,57,1,3.41,0.00,0.00
Search | Konkurencja,Nike,7000001918,Responsive search ad,Good,Buty do biegania – nowa kolekcja,Darmowa dostawa od 199 zł,https://www.biegosfera.pl/buty-do-biegania,2026-08-31,221,12,32.33,0.00,0.00
Search | Konkurencja,Nike,7000002055,Responsive search ad,Average,Sprawdź buty do biegania,Darmowa dostawa od 199 zł,https://www.biegosfera.pl/buty-do-biegania,2026-08-31,137,8,21.55,0.00,0.00
Search | Konkurencja,Ogólne,7000002192,Responsive search ad,Good,Buty do biegania – nowa kolekcja,Darmowa dostawa od 199 zł,https://www.biegosfera.pl/buty-do-biegania,2026-08-31,171,1,2.45,0.00,0.00
Search | Konkurencja,Ogólne,7000002329,Responsive search ad,Average,Sprawdź buty do biegania,Darmowa dostawa od 199 zł,https://www.biegosfera.pl/buty-do-biegania,2026-08-31,120,5,12.25,0.00,0.00
Search | Brand,Brand,7000000000,Responsive search ad,Good,Biegosfera – oficjalny sklep,Darmowa dostawa od 199 zł,https://www.biegosfera.pl/buty-do-biegania,2026-09-01,163,46,42.48,5.00,"1,542.04"
Search | Brand,Brand,7000000137,Responsive search ad,Average,Biegosfera – oficjalny sklep (B),Darmowa dostawa od 199 zł,https://www.biegosfera.pl/buty-do-biegania,2026-09-01,102,28,25.86,3.00,925.22
Search | Buty do biegania,Damskie,7000000274,Responsive search ad,Good,Buty do biegania – nowa kolekcja,Darmowa dostawa od 199 zł,https://www.biegosfera.pl/buty-do-biegania,2026-09-01,198,13,25.84,0.00,0.00
Search | Buty do biegania,Damskie,7000000411,Responsive search ad,Average,Sprawdź buty do biegania,Darmowa dostawa od 199 zł,https://www.biegosfera.pl/buty-do-biegania,2026-09-01,125,6,11.93,0.00,0.00
Search | Buty do biegania,Męskie,7000000548,Responsive search ad,Good,Buty do biegania – nowa kolekcja,Darmowa dostawa od 199 zł,https://www.biegosfera.pl/buty-do-biegania,2026-09-01,159,11,28.29,2.00,517.87
Search | Buty do biegania,Męskie,7000000685,Responsive search ad,Average,Sprawdź buty do biegania,Darmowa dostawa od 199 zł,https://www.biegosfera.pl/buty-do-biegania,2026-09-01,95,4,10.29,0.00,0.00
Search | Buty do biegania,Ogólne,7000000822,Responsive search ad,Excellent,Buty do biegania | Darmowa dostawa,Darmowa dostawa od 199 zł,https://www.biegosfera.pl/buty-do-biegania,2026-09-01,"1,028",70,131.14,2.00,773.11
Search | Buty do biegania,Ogólne,7000000959,Responsive search ad,Poor,Sklep sportowy online,Darmowa dostawa od 199 zł,https://www.biegosfera.pl/buty-do-biegania,2026-09-01,876,19,35.59,1.00,386.56
Search | Buty trailowe,Trail,7000001096,Responsive search ad,Good,Buty trailowe – przyczepność w terenie,Darmowa dostawa od 199 zł,https://www.biegosfera.pl/buty-trailowe,2026-09-01,795,48,99.78,1.00,300.11
Search | Buty trailowe,Trail,7000001233,Responsive search ad,Average,Wyprzedaż butów – do -50%,Darmowa dostawa od 199 zł,https://www.biegosfera.pl/buty-trailowe,2026-09-01,530,22,45.73,1.00,300.11
Search | Konkurencja,Asics,7000001370,Responsive search ad,Good,Buty do biegania – nowa kolekcja,Darmowa dostawa od 199 zł,https://www.biegosfera.pl/buty-do-biegania,2026-09-01,117,6,15.89,1.00,341.30
Search | Konkurencja,Asics,7000001507,Responsive search ad,Average,Sprawdź buty do biegania,Darmowa dostawa od 199 zł,https://www.biegosfera.pl/buty-do-biegania,2026-09-01,88,3,7.94,0.00,0.00
Search | Konkurencja,Hoka,7000001644,Responsive search ad,Good,Buty do biegania – nowa kolekcja,Darmowa dostawa od 199 zł,https://www.biegosfera.pl/buty-do-biegania,2026-09-01,77,1,3.10,0.00,0.00
Search | Konkurencja,Hoka,7000001781,Responsive search ad,Average,Sprawdź buty do biegania,Darmowa dostawa od 199 zł,https://www.biegosfera.pl/buty-do-biegania,2026-09-01,60,2,6.21,0.00,0.00
Search | Konkurencja,Nike,7000001918,Responsive search ad,Good,Buty do biegania – nowa kolekcja,Darmowa dostawa od 199 zł,https://www.biegosfera.pl/buty-do-biegania,2026-09-01,220,9,24.17,0.00,0.00
Search | Konkurencja,Nike,7000002055,Responsive search ad,Average,Sprawdź buty do biegania,Darmowa dostawa od 199 zł,https://www.biegosfera.pl/buty-do-biegania,2026-09-01,140,3,8.06,0.00,0.00
Search | Konkurencja,Ogólne,7000002192,Responsive search ad,Good,Buty do biegania – nowa kolekcja,Darmowa dostawa od 199 zł,https://www.biegosfera.pl/buty-do-biegania,2026-09-01,173,5,13.59,0.00,0.00
Search | Konkurencja,Ogólne,7000002329,Responsive search ad,Average,Sprawdź buty do biegania,Darmowa dostawa od 199 zł,https://www.biegosfera.pl/buty-do-biegania,2026-09-01,87,2,5.44,0.00,0.00
Search | Brand,Brand,7000000000,Responsive search ad,Good,Biegosfera – oficjalny sklep,Darmowa dostawa od 199 zł,https://www.biegosfera.pl/buty-do-biegania,2026-09-02,144,44,41.79,2.00,642.20
Search | Brand,Brand,7000000137,Responsive search ad,Average,Biegosfera – oficjalny sklep (B),Darmowa dostawa od 199 zł,https://www.biegosfera.pl/buty-do-biegania,2026-09-02,128,23,21.85,0.00,0.00
Search | Buty do biegania,Damskie,7000000274,Responsive search ad,Good,Buty do biegania – nowa kolekcja,Darmowa dostawa od 199 zł,https://www.biegosfera.pl/buty-do-biegania,2026-09-02,190,20,41.93,1.00,266.10
Search | Buty do biegania,Damskie,7000000411,Responsive search ad,Average,Sprawdź buty do biegania,Darmowa dostawa od 199 zł,https://www.biegosfera.pl/buty-do-biegania,2026-09-02,141,7,14.68,0.00,0.00
Search | Buty do biegania,Męskie,7000000548,Responsive search ad,Good,Buty do biegania – nowa kolekcja,Darmowa dostawa od 199 zł,https://www.biegosfera.pl/buty-do-biegania,2026-09-02,168,16,40.49,1.00,322.82
Search | Buty do biegania,Męskie,7000000685,Responsive search ad,Average,Sprawdź buty do biegania,Darmowa dostawa od 199 zł,https://www.biegosfera.pl/buty-do-biegania,2026-09-02,81,2,5.06,0.00,0.00
Search | Buty do biegania,Ogólne,7000000822,Responsive search ad,Excellent,Buty do biegania | Darmowa dostawa,Darmowa dostawa od 199 zł,https://www.biegosfera.pl/buty-do-biegania,2026-09-02,"1,003",80,152.61,3.00,"1,149.88"
Search | Buty do biegania,Ogólne,7000000959,Responsive search ad,Poor,Sklep sportowy online,Darmowa dostawa od 199 zł,https://www.biegosfera.pl/buty-do-biegania,2026-09-02,892,20,38.15,0.00,0.00
Search | Buty trailowe,Trail,7000001096,Responsive search ad,Good,Buty trailowe – przyczepność w terenie,Darmowa dostawa od 199 zł,https://www.biegosfera.pl/buty-trailowe,2026-09-02,837,40,88.75,1.00,314.82
Search | Buty trailowe,Trail,7000001233,Responsive search ad,Average,Wyprzedaż butów – do -50%,Darmowa dostawa od 199 zł,https://www.biegosfera.pl/buty-trailowe,2026-09-02,595,27,59.91,0.00,0.00
Search | Konkurencja,Asics,7000001370,Responsive search ad,Good,Buty do biegania – nowa kolekcja,Darmowa dostawa od 199 zł,https://www.biegosfera.pl/buty-do-biegania,2026-09-02,137,4,13.31,0.00,0.00
Search | Konkurencja,Asics,7000001507,Responsive search ad,Average,Sprawdź buty do biegania,Darmowa dostawa od 199 zł,https://www.biegosfera.pl/buty-do-biegania,2026-09-02,93,2,6.65,0.00,0.00
Search | Konkurencja,Hoka,7000001644,Responsive search ad,Good,Buty do biegania – nowa kolekcja,Darmowa dostawa od 199 zł,https://www.biegosfera.pl/buty-do-biegania,2026-09-02,99,5,15.40,1.00,425.45
Search | Konkurencja,Hoka,7000001781,Responsive search ad,Average,Sprawdź buty do biegania,Darmowa dostawa od 199 zł,https://www.biegosfera.pl/buty-do-biegania,2026-09-02,55,0,0.00,0.00,0.00
Search | Konkurencja,Nike,7000001918,Responsive search ad,Good,Buty do biegania – nowa kolekcja,Darmowa dostawa od 199 zł,https://www.biegosfera.pl/buty-do-biegania,2026-09-02,225,6,15.13,0.00,0.00
Search | Konkurencja,Nike,7000002055,Responsive search ad,Average,Sprawdź buty do biegania,Darmowa dostawa od 199 zł,https://www.biegosfera.pl/buty-do-biegania,2026-09-02,155,6,15.13,0.00,0.00
Search | Konkurencja,Ogólne,7000002192,Responsive search ad,Good,Buty do biegania – nowa kolekcja,Darmowa dostawa od 199 zł,https://www.biegosfera.pl/buty-do-biegania,2026-09-02,158,6,12.70,0.00,0.00
Search | Konkurencja,Ogólne,7000002329,Responsive search ad,Average,Sprawdź buty do biegania,Darmowa dostawa od 199 zł,https://www.biegosfera.pl/buty-do-biegania,2026-09-02,118,3,6.35,0.00,0.00
Search | Brand,Brand,7000000000,Responsive search ad,Good,Biegosfera – oficjalny sklep,Darmowa dostawa od 199 zł,https://www.biegosfera.pl/buty-do-biegania,2026-09-03,176,56,46.41,3.00,"1,135.91"
Search | Brand,Brand,7000000137,Responsive search ad,Average,Biegosfera – oficjalny sklep (B),Darmowa dostawa od 199 zł,https://www.biegosfera.pl/buty-do-biegania,2026-09-03,140,23,19.06,1.00,378.64
Search | Buty do biegania,Damskie,7000000274,Responsive search ad,Good,Buty do biegania – nowa kolekcja,Darmowa dostawa od 199 zł,https://www.biegosfera.pl/buty-do-biegania,2026-09-03,193,12,19.57,1.00,383.28
Search | Buty do biegania,Damskie,7000000411,Responsive search ad,Average,Sprawdź buty do biegania,Darmowa dostawa od 199 zł,https://www.biegosfera.pl/buty-do-biegania,2026-09-03,115,8,13.04,1.00,383.28
Search | Buty do biegania,Męskie,7000000548,Responsive search ad,Good,Buty do biegania – nowa kolekcja,Darmowa dostawa od 199 zł,https://www.biegosfera.pl/buty-do-biegania,2026-09-03,144,9,18.44,1.00,255.72
Search | Buty do biegania,Męskie,7000000685,Responsive search ad,Average,Sprawdź buty do biegania,Darmowa dostawa od 199 zł,https://www.biegosfera.pl/buty-do-biegania,2026-09-03,84,4,8.20,0.00,0.00
Search | Buty do biegania,Ogólne,7000000822,Responsive search ad,Excellent,Buty do biegania | Darmowa dostawa,Darmowa dostawa od 199 zł,https://www.biegosfera.pl/buty-do-biegania,2026-09-03,"1,076",67,122.96,2.00,827.43
Search | Buty do biegania,Ogólne,7000000959,Responsive search ad,Poor,Sklep sportowy online,Darmowa dostawa od 199 zł,https://www.biegosfera.pl/buty-do-biegania,2026-09-03,886,26,47.72,0.00,0.00
Search | Buty trailowe,Trail,7000001096,Responsive search ad,Good,Buty trailowe – przyczepność w terenie,Darmowa dostawa od 199 zł,https://www.biegosfera.pl/buty-trailowe,2026-09-03,819,45,89.57,0.00,0.00
Search | Buty trailowe,Trail,7000001233,Responsive search ad,Average,Wyprzedaż butów – do -50%,Darmowa dostawa od 199 zł,https://www.biegosfera.pl/buty-trailowe,2026-09-03,524,14,27.86,0.00,0.00
Search | Konkurencja,Asics,7000001370,Responsive search ad,Good,Buty do biegania – nowa kolekcja,Darmowa dostawa od 199 zł,https://www.biegosfera.pl/buty-do-biegania,2026-09-03,147,9,23.62,0.00,0.00
Search | Konkurencja,Asics,7000001507,Responsive search ad,Average,Sprawdź buty do biegania,Darmowa dostawa od 199 zł,https://www.biegosfera.pl/buty-do-biegania,2026-09-03,86,3,7.88,0.00,0.00
Search | Konkurencja,Hoka,7000001644,Responsive search ad,Good,Buty do biegania – nowa kolekcja,Darmowa dostawa od 199 zł,https://www.biegosfera.pl/buty-do-biegania,2026-09-03,102,8,23.29,0.00,0.00
Search | Konkurencja,Hoka,7000001781,Responsive search ad,Average,Sprawdź buty do biegania,Darmowa dostawa od 199 zł,https://www.biegosfera.pl/buty-do-biegania,2026-09-03,56,3,8.74,0.00,0.00
Search | Konkurencja,Nike,7000001918,Responsive search ad,Good,Buty do biegania – nowa kolekcja,Darmowa dostawa od 199 zł,https://www.biegosfera.pl/buty-do-biegania,2026-09-03,241,11,28.26,0.00,0.00
Search | Konkurencja,Nike,7000002055,Responsive search ad,Average,Sprawdź buty do biegania,Darmowa dostawa od 199 zł,https://www.biegosfera.pl/buty-do-biegania,2026-09-03,133,6,15.42,0.00,0.00
Search | Konkurencja,Ogólne,7000002192,Responsive search ad,Good,Buty do biegania – nowa kolekcja,Darmowa dostawa od 199 zł,https://www.biegosfera.pl/buty-do-biegania,2026-09-03,168,6,15.24,0.00,0.00
Search | Konkurencja,Ogólne,7000002329,Responsive search ad,Average,Sprawdź buty do biegania,Darmowa dostawa od 199 zł,https://www.biegosfera.pl/buty-do-biegania,2026-09-03,117,6,15.24,0.00,0.00
Search | Brand,Brand,7000000000,Responsive search ad,Good,Biegosfera – oficjalny sklep,Darmowa dostawa od 199 zł,https://www.biegosfera.pl/buty-do-biegania,2026-09-04,188,43,37.98,3.00,837.97
Search | Brand,Brand,7000000137,Responsive search ad,Average,Biegosfera – oficjalny sklep (B),Darmowa dostawa od 199 zł,https://www.biegosfera.pl/buty-do-biegania,2026-09-04,123,24,21.20,1.00,279.32
Search | Buty do biegania,Damskie,7000000274,Responsive search ad,Good,Buty do biegania – nowa kolekcja,Darmowa dostawa od 199 zł,https://www.biegosfera.pl/buty-do-biegania,2026-09-04,189,14,24.29,2.00,732.72
Search | Buty do biegania,Damskie,7000000411,Responsive search ad,Average,Sprawdź buty do biegania,Darmowa dostawa od 199 zł,https://www.biegosfera.pl/buty-do-biegania,2026-09-04,117,4,6.94,0.00,0.00
Search | Buty do biegania,Męskie,7000000548,Responsive search ad,Good,Buty do biegania – nowa kolekcja,Darmowa dostawa od 199 zł,https://www.biegosfera.pl/buty-do-biegania,2026-09-04,131,13,30.95,1.00,389.59
Search | Buty do biegania,Męskie,7000000685,Responsive search ad,Average,Sprawdź buty do biegania,Darmowa dostawa od 199 zł,https://www.biegosfera.pl/buty-do-biegania,2026-09-04,109,5,11.91,2.00,779.17
Search | Buty do biegania,Ogólne,7000000822,Responsive search ad,Excellent,Buty do biegania | Darmowa dostawa,Darmowa dostawa od 199 zł,https://www.biegosfera.pl/buty-do-biegania,2026-09-04,"1,079",59,116.37,1.00,354.52
Search | Buty do biegania,Ogólne,7000000959,Responsive search ad,Poor,Sklep sportowy online,Darmowa dostawa od 199 zł,https://www.biegosfera.pl/buty-do-biegania,2026-09-04,838,27,53.26,2.00,709.05
Search | Buty trailowe,Trail,7000001096,Responsive search ad,Good,Buty trailowe – przyczepność w terenie,Darmowa dostawa od 199 zł,https://www.biegosfera.pl/buty-trailowe,2026-09-04,832,48,96.21,1.00,292.22
Search | Buty trailowe,Trail,7000001233,Responsive search ad,Average,Wyprzedaż butów – do -50%,Darmowa dostawa od 199 zł,https://www.biegosfera.pl/buty-trailowe,2026-09-04,562,33,66.14,0.00,0.00
Search | Konkurencja,Asics,7000001370,Responsive search ad,Good,Buty do biegania – nowa kolekcja,Darmowa dostawa od 199 zł,https://www.biegosfera.pl/buty-do-biegania,2026-09-04,136,8,27.57,0.00,0.00
Search | Konkurencja,Asics,7000001507,Responsive search ad,Average,Sprawdź buty do biegania,Darmowa dostawa od 199 zł,https://www.biegosfera.pl/buty-do-biegania,2026-09-04,88,4,13.78,0.00,0.00
Search | Konkurencja,Hoka,7000001644,Responsive search ad,Good,Buty do biegania – nowa kolekcja,Darmowa dostawa od 199 zł,https://www.biegosfera.pl/buty-do-biegania,2026-09-04,95,4,12.14,0.00,0.00
Search | Konkurencja,Hoka,7000001781,Responsive search ad,Average,Sprawdź buty do biegania,Darmowa dostawa od 199 zł,https://www.biegosfera.pl/buty-do-biegania,2026-09-04,58,1,3.04,0.00,0.00
Search | Konkurencja,Nike,7000001918,Responsive search ad,Good,Buty do biegania – nowa kolekcja,Darmowa dostawa od 199 zł,https://www.biegosfera.pl/buty-do-biegania,2026-09-04,213,5,13.00,0.00,0.00
Search | Konkurencja,Nike,7000002055,Responsive search ad,Average,Sprawdź buty do biegania,Darmowa dostawa od 199 zł,https://www.biegosfera.pl/buty-do-biegania,2026-09-04,141,1,2.60,0.00,0.00
Search | Konkurencja,Ogólne,7000002192,Responsive search ad,Good,Buty do biegania – nowa kolekcja,Darmowa dostawa od 199 zł,https://www.biegosfera.pl/buty-do-biegania,2026-09-04,176,4,8.82,0.00,0.00
Search | Konkurencja,Ogólne,7000002329,Responsive search ad,Average,Sprawdź buty do biegania,Darmowa dostawa od 199 zł,https://www.biegosfera.pl/buty-do-biegania,2026-09-04,105,6,13.22,0.00,0.00
Search | Brand,Brand,7000000000,Responsive search ad,Good,Biegosfera – oficjalny sklep,Darmowa dostawa od 199 zł,https://www.biegosfera.pl/buty-do-biegania,2026-09-05,133,44,41.26,3.00,"1,134.71"
Search | Brand,Brand,7000000137,Responsive search ad,Average,Biegosfera – oficjalny sklep (B),Darmowa dostawa od 199 zł,https://www.biegosfera.pl/buty-do-biegania,2026-09-05,95,17,15.94,2.00,756.48
Search | Buty do biegania,Damskie,7000000274,Responsive search ad,Good,Buty do biegania – nowa kolekcja,Darmowa dostawa od 199 zł,https://www.biegosfera.pl/buty-do-biegania,2026-09-05,178,13,21.79,1.00,417.12
Search | Buty do biegania,Damskie,7000000411,Responsive search ad,Average,Sprawdź buty do biegania,Darmowa dostawa od 199 zł,https://www.biegosfera.pl/buty-do-biegania,2026-09-05,111,4,6.70,0.00,0.00
Search | Buty do biegania,Męskie,7000000548,Responsive search ad,Good,Buty do biegania – nowa kolekcja,Darmowa dostawa od 199 zł,https://www.biegosfera.pl/buty-do-biegania,2026-09-05,132,8,20.60,0.00,0.00
Search | Buty do biegania,Męskie,7000000685,Responsive search ad,Average,Sprawdź buty do biegania,Darmowa dostawa od 199 zł,https://www.biegosfera.pl/buty-do-biegania,2026-09-05,67,7,18.02,1.00,292.49
Search | Buty do biegania,Ogólne,7000000822,Responsive search ad,Excellent,Buty do biegania | Darmowa dostawa,Darmowa dostawa od 199 zł,https://www.biegosfera.pl/buty-do-biegania,2026-09-05,942,62,122.63,3.00,964.57
Search | Buty do biegania,Ogólne,7000000959,Responsive search ad,Poor,Sklep sportowy online,Darmowa dostawa od 199 zł,https://www.biegosfera.pl/buty-do-biegania,2026-09-05,752,27,53.41,0.00,0.00
Search | Buty trailowe,Trail,7000001096,Responsive search ad,Good,Buty trailowe – przyczepność w terenie,Darmowa dostawa od 199 zł,https://www.biegosfera.pl/buty-trailowe,2026-09-05,645,31,59.40,0.00,0.00
Search | Buty trailowe,Trail,7000001233,Responsive search ad,Average,Wyprzedaż butów – do -50%,Darmowa dostawa od 199 zł,https://www.biegosfera.pl/buty-trailowe,2026-09-05,480,30,57.49,0.00,0.00
Search | Konkurencja,Asics,7000001370,Responsive search ad,Good,Buty do biegania – nowa kolekcja,Darmowa dostawa od 199 zł,https://www.biegosfera.pl/buty-do-biegania,2026-09-05,112,4,14.07,0.00,0.00
Search | Konkurencja,Asics,7000001507,Responsive search ad,Average,Sprawdź buty do biegania,Darmowa dostawa od 199 zł,https://www.biegosfera.pl/buty-do-biegania,2026-09-05,47,3,10.56,0.00,0.00
Search | Konkurencja,Hoka,7000001644,Responsive search ad,Good,Buty do biegania – nowa kolekcja,Darmowa dostawa od 199 zł,https://www.biegosfera.pl/buty-do-biegania,2026-09-05,78,4,14.61,0.00,0.00
Search | Konkurencja,Hoka,7000001781,Responsive search ad,Average,Sprawdź buty do biegania,Darmowa dostawa od 199 zł,https://www.biegosfera.pl/buty-do-biegania,2026-09-05,65,2,7.31,0.00,0.00
Search | Konkurencja,Nike,7000001918,Responsive search ad,Good,Buty do biegania – nowa kolekcja,Darmowa dostawa od 199 zł,https://www.biegosfera.pl/buty-do-biegania,2026-09-05,183,7,20.77,0.00,0.00
Search | Konkurencja,Nike,7000002055,Responsive search ad,Average,Sprawdź buty do biegania,Darmowa dostawa od 199 zł,https://www.biegosfera.pl/buty-do-biegania,2026-09-05,126,6,17.81,1.00,365.78
Search | Konkurencja,Ogólne,7000002192,Responsive search ad,Good,Buty do biegania – nowa kolekcja,Darmowa dostawa od 199 zł,https://www.biegosfera.pl/buty-do-biegania,2026-09-05,133,5,14.31,0.00,0.00
Search | Konkurencja,Ogólne,7000002329,Responsive search ad,Average,Sprawdź buty do biegania,Darmowa dostawa od 199 zł,https://www.biegosfera.pl/buty-do-biegania,2026-09-05,86,2,5.73,0.00,0.00
Search | Brand,Brand,7000000000,Responsive search ad,Good,Biegosfera – oficjalny sklep,Darmowa dostawa od 199 zł,https://www.biegosfera.pl/buty-do-biegania,2026-09-06,146,51,44.51,3.00,"1,163.88"
Search | Brand,Brand,7000000137,Responsive search ad,Average,Biegosfera – oficjalny sklep (B),Darmowa dostawa od 199 zł,https://www.biegosfera.pl/buty-do-biegania,2026-09-06,95,22,19.20,0.00,0.00
Search | Buty do biegania,Damskie,7000000274,Responsive search ad,Good,Buty do biegania – nowa kolekcja,Darmowa dostawa od 199 zł,https://www.biegosfera.pl/buty-do-biegania,2026-09-06,171,9,20.37,0.00,0.00
Search | Buty do biegania,Damskie,7000000411,Responsive search ad,Average,Sprawdź buty do biegania,Darmowa dostawa od 199 zł,https://www.biegosfera.pl/buty-do-biegania,2026-09-06,107,9,20.37,0.00,0.00
Search | Buty do biegania,Męskie,7000000548,Responsive search ad,Good,Buty do biegania – nowa kolekcja,Darmowa dostawa od 199 zł,https://www.biegosfera.pl/buty-do-biegania,2026-09-06,116,10,20.52,0.00,0.00
Search | Buty do biegania,Męskie,7000000685,Responsive search ad,Average,Sprawdź buty do biegania,Darmowa dostawa od 199 zł,https://www.biegosfera.pl/buty-do-biegania,2026-09-06,82,6,12.31,0.00,0.00
Search | Buty do biegania,Ogólne,7000000822,Responsive search ad,Excellent,Buty do biegania | Darmowa dostawa,Darmowa dostawa od 199 zł,https://www.biegosfera.pl/buty-do-biegania,2026-09-06,911,74,149.17,1.00,274.76
Search | Buty do biegania,Ogólne,7000000959,Responsive search ad,Poor,Sklep sportowy online,Darmowa dostawa od 199 zł,https://www.biegosfera.pl/buty-do-biegania,2026-09-06,768,11,22.17,0.00,0.00
Search | Buty trailowe,Trail,7000001096,Responsive search ad,Good,Buty trailowe – przyczepność w terenie,Darmowa dostawa od 199 zł,https://www.biegosfera.pl/buty-trailowe,2026-09-06,717,37,70.98,0.00,0.00
Search | Buty trailowe,Trail,7000001233,Responsive search ad,Average,Wyprzedaż butów – do -50%,Darmowa dostawa od 199 zł,https://www.biegosfera.pl/buty-trailowe,2026-09-06,481,22,42.20,0.00,0.00
Search | Konkurencja,Asics,7000001370,Responsive search ad,Good,Buty do biegania – nowa kolekcja,Darmowa dostawa od 199 zł,https://www.biegosfera.pl/buty-do-biegania,2026-09-06,108,2,7.08,1.00,277.38
Search | Konkurencja,Asics,7000001507,Responsive search ad,Average,Sprawdź buty do biegania,Darmowa dostawa od 199 zł,https://www.biegosfera.pl/buty-do-biegania,2026-09-06,65,2,7.08,0.00,0.00
Search | Konkurencja,Hoka,7000001644,Responsive search ad,Good,Buty do biegania – nowa kolekcja,Darmowa dostawa od 199 zł,https://www.biegosfera.pl/buty-do-biegania,2026-09-06,87,2,6.78,0.00,0.00
Search | Konkurencja,Hoka,7000001781,Responsive search ad,Average,Sprawdź buty do biegania,Darmowa dostawa od 199 zł,https://www.biegosfera.pl/buty-do-biegania,2026-09-06,43,0,0.00,0.00,0.00
Search | Konkurencja,Nike,7000001918,Responsive search ad,Good,Buty do biegania – nowa kolekcja,Darmowa dostawa od 199 zł,https://www.biegosfera.pl/buty-do-biegania,2026-09-06,158,5,12.70,0.00,0.00
Search | Konkurencja,Nike,7000002055,Responsive search ad,Average,Sprawdź buty do biegania,Darmowa dostawa od 199 zł,https://www.biegosfera.pl/buty-do-biegania,2026-09-06,117,1,2.54,0.00,0.00
Search | Konkurencja,Ogólne,7000002192,Responsive search ad,Good,Buty do biegania – nowa kolekcja,Darmowa dostawa od 199 zł,https://www.biegosfera.pl/buty-do-biegania,2026-09-06,129,6,16.62,0.00,0.00
Search | Konkurencja,Ogólne,7000002329,Responsive search ad,Average,Sprawdź buty do biegania,Darmowa dostawa od 199 zł,https://www.biegosfera.pl/buty-do-biegania,2026-09-06,99,6,16.62,1.00,267.53
Search | Brand,Brand,7000000000,Responsive search ad,Good,Biegosfera – oficjalny sklep,Darmowa dostawa od 199 zł,https://www.biegosfera.pl/buty-do-biegania,2026-09-07,148,48,43.31,2.00,571.63
Search | Brand,Brand,7000000137,Responsive search ad,Average,Biegosfera – oficjalny sklep (B),Darmowa dostawa od 199 zł,https://www.biegosfera.pl/buty-do-biegania,2026-09-07,123,20,18.04,2.00,571.63
Search | Buty do biegania,Damskie,7000000274,Responsive search ad,Good,Buty do biegania – nowa kolekcja,Darmowa dostawa od 199 zł,https://www.biegosfera.pl/buty-do-biegania,2026-09-07,177,16,31.80,1.00,418.89
Search | Buty do biegania,Damskie,7000000411,Responsive search ad,Average,Sprawdź buty do biegania,Darmowa dostawa od 199 zł,https://www.biegosfera.pl/buty-do-biegania,2026-09-07,133,10,19.88,1.00,418.89
Search | Buty do biegania,Męskie,7000000548,Responsive search ad,Good,Buty do biegania – nowa kolekcja,Darmowa dostawa od 199 zł,https://www.biegosfera.pl/buty-do-biegania,2026-09-07,162,17,37.50,1.00,410.03
Search | Buty do biegania,Męskie,7000000685,Responsive search ad,Average,Sprawdź buty do biegania,Darmowa dostawa od 199 zł,https://www.biegosfera.pl/buty-do-biegania,2026-09-07,95,2,4.41,0.00,0.00
Search | Buty do biegania,Ogólne,7000000822,Responsive search ad,Excellent,Buty do biegania | Darmowa dostawa,Darmowa dostawa od 199 zł,https://www.biegosfera.pl/buty-do-biegania,2026-09-07,"1,009",64,121.62,2.00,699.05
Search | Buty do biegania,Ogólne,7000000959,Responsive search ad,Poor,Sklep sportowy online,Darmowa dostawa od 199 zł,https://www.biegosfera.pl/buty-do-biegania,2026-09-07,857,22,41.81,1.00,349.52
Search | Buty trailowe,Trail,7000001096,Responsive search ad,Good,Buty trailowe – przyczepność w terenie,Darmowa dostawa od 199 zł,https://www.biegosfera.pl/buty-trailowe,2026-09-07,810,27,52.61,0.00,0.00
Search | Buty trailowe,Trail,7000001233,Responsive search ad,Average,Wyprzedaż butów – do -50%,Darmowa dostawa od 199 zł,https://www.biegosfera.pl/buty-trailowe,2026-09-07,525,24,46.77,0.00,0.00
Search | Konkurencja,Asics,7000001370,Responsive search ad,Good,Buty do biegania – nowa kolekcja,Darmowa dostawa od 199 zł,https://www.biegosfera.pl/buty-do-biegania,2026-09-07,114,2,6.96,0.00,0.00
Search | Konkurencja,Asics,7000001507,Responsive search ad,Average,Sprawdź buty do biegania,Darmowa dostawa od 199 zł,https://www.biegosfera.pl/buty-do-biegania,2026-09-07,84,2,6.96,0.00,0.00
Search | Konkurencja,Hoka,7000001644,Responsive search ad,Good,Buty do biegania – nowa kolekcja,Darmowa dostawa od 199 zł,https://www.biegosfera.pl/buty-do-biegania,2026-09-07,113,3,11.48,0.00,0.00
Search | Konkurencja,Hoka,7000001781,Responsive search ad,Average,Sprawdź buty do biegania,Darmowa dostawa od 199 zł,https://www.biegosfera.pl/buty-do-biegania,2026-09-07,75,2,7.65,0.00,0.00
Search | Konkurencja,Nike,7000001918,Responsive search ad,Good,Buty do biegania – nowa kolekcja,Darmowa dostawa od 199 zł,https://www.biegosfera.pl/buty-do-biegania,2026-09-07,251,7,16.56,0.00,0.00
Search | Konkurencja,Nike,7000002055,Responsive search ad,Average,Sprawdź buty do biegania,Darmowa dostawa od 199 zł,https://www.biegosfera.pl/buty-do-biegania,2026-09-07,144,4,9.46,0.00,0.00
Search | Konkurencja,Ogólne,7000002192,Responsive search ad,Good,Buty do biegania – nowa kolekcja,Darmowa dostawa od 199 zł,https://www.biegosfera.pl/buty-do-biegania,2026-09-07,151,4,10.13,0.00,0.00
Search | Konkurencja,Ogólne,7000002329,Responsive search ad,Average,Sprawdź buty do biegania,Darmowa dostawa od 199 zł,https://www.biegosfera.pl/buty-do-biegania,2026-09-07,111,2,5.07,0.00,0.00
Search | Brand,Brand,7000000000,Responsive search ad,Good,Biegosfera – oficjalny sklep,Darmowa dostawa od 199 zł,https://www.biegosfera.pl/buty-do-biegania,2026-09-08,186,52,44.45,2.00,718.77
Search | Brand,Brand,7000000137,Responsive search ad,Average,Biegosfera – oficjalny sklep (B),Darmowa dostawa od 199 zł,https://www.biegosfera.pl/buty-do-biegania,2026-09-08,116,26,22.23,1.00,359.39
Search | Buty do biegania,Damskie,7000000274,Responsive search ad,Good,Buty do biegania – nowa kolekcja,Darmowa dostawa od 199 zł,https://www.biegosfera.pl/buty-do-biegania,2026-09-08,199,14,26.70,0.00,0.00
Search | Buty do biegania,Damskie,7000000411,Responsive search ad,Average,Sprawdź buty do biegania,Darmowa dostawa od 199 zł,https://www.biegosfera.pl/buty-do-biegania,2026-09-08,128,6,11.44,0.00,0.00
Search | Buty do biegania,Męskie,7000000548,Responsive search ad,Good,Buty do biegania – nowa kolekcja,Darmowa dostawa od 199 zł,https://www.biegosfera.pl/buty-do-biegania,2026-09-08,163,18,42.06,1.00,301.02
Search | Buty do biegania,Męskie,7000000685,Responsive search ad,Average,Sprawdź buty do biegania,Darmowa dostawa od 199 zł,https://www.biegosfera.pl/buty-do-biegania,2026-09-08,103,8,18.70,1.00,301.02
Search | Buty do biegania,Ogólne,7000000822,Responsive search ad,Excellent,Buty do biegania | Darmowa dostawa,Darmowa dostawa od 199 zł,https://www.biegosfera.pl/buty-do-biegania,2026-09-08,"1,086",82,172.47,2.00,687.71
Search | Buty do biegania,Ogólne,7000000959,Responsive search ad,Poor,Sklep sportowy online,Darmowa dostawa od 199 zł,https://www.biegosfera.pl/buty-do-biegania,2026-09-08,867,24,50.48,1.00,343.85
Search | Buty trailowe,Trail,7000001096,Responsive search ad,Good,Buty trailowe – przyczepność w terenie,Darmowa dostawa od 199 zł,https://www.biegosfera.pl/buty-trailowe,2026-09-08,799,48,92.26,0.00,0.00
Search | Buty trailowe,Trail,7000001233,Responsive search ad,Average,Wyprzedaż butów – do -50%,Darmowa dostawa od 199 zł,https://www.biegosfera.pl/buty-trailowe,2026-09-08,568,21,40.36,0.00,0.00
Search | Konkurencja,Asics,7000001370,Responsive search ad,Good,Buty do biegania – nowa kolekcja,Darmowa dostawa od 199 zł,https://www.biegosfera.pl/buty-do-biegania,2026-09-08,112,4,11.28,0.00,0.00
Search | Konkurencja,Asics,7000001507,Responsive search ad,Average,Sprawdź buty do biegania,Darmowa dostawa od 199 zł,https://www.biegosfera.pl/buty-do-biegania,2026-09-08,89,1,2.82,0.00,0.00
Search | Konkurencja,Hoka,7000001644,Responsive search ad,Good,Buty do biegania – nowa kolekcja,Darmowa dostawa od 199 zł,https://www.biegosfera.pl/buty-do-biegania,2026-09-08,93,4,11.46,0.00,0.00
Search | Konkurencja,Hoka,7000001781,Responsive search ad,Average,Sprawdź buty do biegania,Darmowa dostawa od 199 zł,https://www.biegosfera.pl/buty-do-biegania,2026-09-08,67,1,2.87,0.00,0.00
Search | Konkurencja,Nike,7000001918,Responsive search ad,Good,Buty do biegania – nowa kolekcja,Darmowa dostawa od 199 zł,https://www.biegosfera.pl/buty-do-biegania,2026-09-08,208,2,5.85,0.00,0.00
Search | Konkurencja,Nike,7000002055,Responsive search ad,Average,Sprawdź buty do biegania,Darmowa dostawa od 199 zł,https://www.biegosfera.pl/buty-do-biegania,2026-09-08,152,3,8.77,1.00,346.18
Search | Konkurencja,Ogólne,7000002192,Responsive search ad,Good,Buty do biegania – nowa kolekcja,Darmowa dostawa od 199 zł,https://www.biegosfera.pl/buty-do-biegania,2026-09-08,166,3,7.23,0.00,0.00
Search | Konkurencja,Ogólne,7000002329,Responsive search ad,Average,Sprawdź buty do biegania,Darmowa dostawa od 199 zł,https://www.biegosfera.pl/buty-do-biegania,2026-09-08,99,4,9.65,0.00,0.00
Search | Brand,Brand,7000000000,Responsive search ad,Good,Biegosfera – oficjalny sklep,Darmowa dostawa od 199 zł,https://www.biegosfera.pl/buty-do-biegania,2026-09-09,177,55,44.48,7.00,"2,322.36"
Search | Brand,Brand,7000000137,Responsive search ad,Average,Biegosfera – oficjalny sklep (B),Darmowa dostawa od 199 zł,https://www.biegosfera.pl/buty-do-biegania,2026-09-09,127,23,18.60,1.00,331.77
Search | Buty do biegania,Damskie,7000000274,Responsive search ad,Good,Buty do biegania – nowa kolekcja,Darmowa dostawa od 199 zł,https://www.biegosfera.pl/buty-do-biegania,2026-09-09,172,9,17.08,0.00,0.00
Search | Buty do biegania,Damskie,7000000411,Responsive search ad,Average,Sprawdź buty do biegania,Darmowa dostawa od 199 zł,https://www.biegosfera.pl/buty-do-biegania,2026-09-09,122,3,5.70,0.00,0.00
Search | Buty do biegania,Męskie,7000000548,Responsive search ad,Good,Buty do biegania – nowa kolekcja,Darmowa dostawa od 199 zł,https://www.biegosfera.pl/buty-do-biegania,2026-09-09,161,9,21.51,0.00,0.00
Search | Buty do biegania,Męskie,7000000685,Responsive search ad,Average,Sprawdź buty do biegania,Darmowa dostawa od 199 zł,https://www.biegosfera.pl/buty-do-biegania,2026-09-09,93,10,23.89,0.00,0.00
Search | Buty do biegania,Ogólne,7000000822,Responsive search ad,Excellent,Buty do biegania | Darmowa dostawa,Darmowa dostawa od 199 zł,https://www.biegosfera.pl/buty-do-biegania,2026-09-09,"1,048",69,142.09,4.00,"1,701.55"
Search | Buty do biegania,Ogólne,7000000959,Responsive search ad,Poor,Sklep sportowy online,Darmowa dostawa od 199 zł,https://www.biegosfera.pl/buty-do-biegania,2026-09-09,862,35,72.08,0.00,0.00
Search | Buty trailowe,Trail,7000001096,Responsive search ad,Good,Buty trailowe – przyczepność w terenie,Darmowa dostawa od 199 zł,https://www.biegosfera.pl/buty-trailowe,2026-09-09,751,42,77.79,2.00,726.12
Search | Buty trailowe,Trail,7000001233,Responsive search ad,Average,Wyprzedaż butów – do -50%,Darmowa dostawa od 199 zł,https://www.biegosfera.pl/buty-trailowe,2026-09-09,539,30,55.56,0.00,0.00
Search | Konkurencja,Asics,7000001370,Responsive search ad,Good,Buty do biegania – nowa kolekcja,Darmowa dostawa od 199 zł,https://www.biegosfera.pl/buty-do-biegania,2026-09-09,125,4,10.61,0.00,0.00
Search | Konkurencja,Asics,7000001507,Responsive search ad,Average,Sprawdź buty do biegania,Darmowa dostawa od 199 zł,https://www.biegosfera.pl/buty-do-biegania,2026-09-09,88,3,7.96,0.00,0.00
Search | Konkurencja,Hoka,7000001644,Responsive search ad,Good,Buty do biegania – nowa kolekcja,Darmowa dostawa od 199 zł,https://www.biegosfera.pl/buty-do-biegania,2026-09-09,104,3,10.89,0.00,0.00
Search | Konkurencja,Hoka,7000001781,Responsive search ad,Average,Sprawdź buty do biegania,Darmowa dostawa od 199 zł,https://www.biegosfera.pl/buty-do-biegania,2026-09-09,60,4,14.51,0.00,0.00
Search | Konkurencja,Nike,7000001918,Responsive search ad,Good,Buty do biegania – nowa kolekcja,Darmowa dostawa od 199 zł,https://www.biegosfera.pl/buty-do-biegania,2026-09-09,213,9,26.43,1.00,265.31
Search | Konkurencja,Nike,7000002055,Responsive search ad,Average,Sprawdź buty do biegania,Darmowa dostawa od 199 zł,https://www.biegosfera.pl/buty-do-biegania,2026-09-09,161,7,20.56,0.00,0.00
Search | Konkurencja,Ogólne,7000002192,Responsive search ad,Good,Buty do biegania – nowa kolekcja,Darmowa dostawa od 199 zł,https://www.biegosfera.pl/buty-do-biegania,2026-09-09,174,5,12.37,0.00,0.00
Search | Konkurencja,Ogólne,7000002329,Responsive search ad,Average,Sprawdź buty do biegania,Darmowa dostawa od 199 zł,https://www.biegosfera.pl/buty-do-biegania,2026-09-09,90,4,9.90,0.00,0.00
Search | Brand,Brand,7000000000,Responsive search ad,Good,Biegosfera – oficjalny sklep,Darmowa dostawa od 199 zł,https://www.biegosfera.pl/buty-do-biegania,2026-09-10,173,42,40.39,1.00,356.48
Search | Brand,Brand,7000000137,Responsive search ad,Average,Biegosfera – oficjalny sklep (B),Darmowa dostawa od 199 zł,https://www.biegosfera.pl/buty-do-biegania,2026-09-10,114,31,29.81,1.00,356.48
Search | Buty do biegania,Damskie,7000000274,Responsive search ad,Good,Buty do biegania – nowa kolekcja,Darmowa dostawa od 199 zł,https://www.biegosfera.pl/buty-do-biegania,2026-09-10,181,17,35.55,0.00,0.00
Search | Buty do biegania,Damskie,7000000411,Responsive search ad,Average,Sprawdź buty do biegania,Darmowa dostawa od 199 zł,https://www.biegosfera.pl/buty-do-biegania,2026-09-10,121,7,14.64,1.00,264.76
Search | Buty do biegania,Męskie,7000000548,Responsive search ad,Good,Buty do biegania – nowa kolekcja,Darmowa dostawa od 199 zł,https://www.biegosfera.pl/buty-do-biegania,2026-09-10,139,10,23.14,0.00,0.00
Search | Buty do biegania,Męskie,7000000685,Responsive search ad,Average,Sprawdź buty do biegania,Darmowa dostawa od 199 zł,https://www.biegosfera.pl/buty-do-biegania,2026-09-10,116,4,9.25,0.00,0.00
Search | Buty do biegania,Ogólne,7000000822,Responsive search ad,Excellent,Buty do biegania | Darmowa dostawa,Darmowa dostawa od 199 zł,https://www.biegosfera.pl/buty-do-biegania,2026-09-10,"1,014",77,145.52,2.00,736.39
Search | Buty do biegania,Ogólne,7000000959,Responsive search ad,Poor,Sklep sportowy online,Darmowa dostawa od 199 zł,https://www.biegosfera.pl/buty-do-biegania,2026-09-10,881,11,20.79,0.00,0.00
Search | Buty trailowe,Trail,7000001096,Responsive search ad,Good,Buty trailowe – przyczepność w terenie,Darmowa dostawa od 199 zł,https://www.biegosfera.pl/buty-trailowe,2026-09-10,881,46,94.46,0.00,0.00
Search | Buty trailowe,Trail,7000001233,Responsive search ad,Average,Wyprzedaż butów – do -50%,Darmowa dostawa od 199 zł,https://www.biegosfera.pl/buty-trailowe,2026-09-10,578,22,45.18,0.00,0.00
Search | Konkurencja,Asics,7000001370,Responsive search ad,Good,Buty do biegania – nowa kolekcja,Darmowa dostawa od 199 zł,https://www.biegosfera.pl/buty-do-biegania,2026-09-10,115,4,10.56,0.00,0.00
Search | Konkurencja,Asics,7000001507,Responsive search ad,Average,Sprawdź buty do biegania,Darmowa dostawa od 199 zł,https://www.biegosfera.pl/buty-do-biegania,2026-09-10,93,2,5.28,0.00,0.00
Search | Konkurencja,Hoka,7000001644,Responsive search ad,Good,Buty do biegania – nowa kolekcja,Darmowa dostawa od 199 zł,https://www.biegosfera.pl/buty-do-biegania,2026-09-10,103,3,11.66,0.00,0.00
Search | Konkurencja,Hoka,7000001781,Responsive search ad,Average,Sprawdź buty do biegania,Darmowa dostawa od 199 zł,https://www.biegosfera.pl/buty-do-biegania,2026-09-10,71,4,15.54,0.00,0.00
Search | Konkurencja,Nike,7000001918,Responsive search ad,Good,Buty do biegania – nowa kolekcja,Darmowa dostawa od 199 zł,https://www.biegosfera.pl/buty-do-biegania,2026-09-10,210,8,20.89,0.00,0.00
Search | Konkurencja,Nike,7000002055,Responsive search ad,Average,Sprawdź buty do biegania,Darmowa dostawa od 199 zł,https://www.biegosfera.pl/buty-do-biegania,2026-09-10,172,0,0.00,0.00,0.00
Search | Konkurencja,Ogólne,7000002192,Responsive search ad,Good,Buty do biegania – nowa kolekcja,Darmowa dostawa od 199 zł,https://www.biegosfera.pl/buty-do-biegania,2026-09-10,140,10,27.23,1.00,417.83
Search | Konkurencja,Ogólne,7000002329,Responsive search ad,Average,Sprawdź buty do biegania,Darmowa dostawa od 199 zł,https://www.biegosfera.pl/buty-do-biegania,2026-09-10,115,2,5.45,0.00,0.00
Search | Brand,Brand,7000000000,Responsive search ad,Good,Biegosfera – oficjalny sklep,Darmowa dostawa od 199 zł,https://www.biegosfera.pl/buty-do-biegania,2026-09-11,142,62,52.55,4.00,"1,430.34"
Search | Brand,Brand,7000000137,Responsive search ad,Average,Biegosfera – oficjalny sklep (B),Darmowa dostawa od 199 zł,https://www.biegosfera.pl/buty-do-biegania,2026-09-11,105,20,16.95,1.00,357.59
Search | Buty do biegania,Damskie,7000000274,Responsive search ad,Good,Buty do biegania – nowa kolekcja,Darmowa dostawa od 199 zł,https://www.biegosfera.pl/buty-do-biegania,2026-09-11,184,13,28.35,1.00,403.24
Search | Buty do biegania,Damskie,7000000411,Responsive search ad,Average,Sprawdź buty do biegania,Darmowa dostawa od 199 zł,https://www.biegosfera.pl/buty-do-biegania,2026-09-11,128,9,19.62,0.00,0.00
Search | Buty do biegania,Męskie,7000000548,Responsive search ad,Good,Buty do biegania – nowa kolekcja,Darmowa dostawa od 199 zł,https://www.biegosfera.pl/buty-do-biegania,2026-09-11,157,10,19.63,1.00,421.76
Search | Buty do biegania,Męskie,7000000685,Responsive search ad,Average,Sprawdź buty do biegania,Darmowa dostawa od 199 zł,https://www.biegosfera.pl/buty-do-biegania,2026-09-11,115,8,15.70,1.00,421.76
Search | Buty do biegania,Ogólne,7000000822,Responsive search ad,Excellent,Buty do biegania | Darmowa dostawa,Darmowa dostawa od 199 zł,https://www.biegosfera.pl/buty-do-biegania,2026-09-11,"1,004",66,123.56,2.00,642.03
Search | Buty do biegania,Ogólne,7000000959,Responsive search ad,Poor,Sklep sportowy online,Darmowa dostawa od 199 zł,https://www.biegosfera.pl/buty-do-biegania,2026-09-11,820,27,50.55,1.00,321.02
Search | Buty trailowe,Trail,7000001096,Responsive search ad,Good,Buty trailowe – przyczepność w terenie,Darmowa dostawa od 199 zł,https://www.biegosfera.pl/buty-trailowe,2026-09-11,801,35,71.09,0.00,0.00
Search | Buty trailowe,Trail,7000001233,Responsive search ad,Average,Wyprzedaż butów – do -50%,Darmowa dostawa od 199 zł,https://www.biegosfera.pl/buty-trailowe,2026-09-11,558,25,50.78,0.00,0.00
Search | Konkurencja,Asics,7000001370,Responsive search ad,Good,Buty do biegania – nowa kolekcja,Darmowa dostawa od 199 zł,https://www.biegosfera.pl/buty-do-biegania,2026-09-11,126,1,3.50,0.00,0.00
Search | Konkurencja,Asics,7000001507,Responsive search ad,Average,Sprawdź buty do biegania,Darmowa dostawa od 199 zł,https://www.biegosfera.pl/buty-do-biegania,2026-09-11,94,2,6.99,0.00,0.00
Search | Konkurencja,Hoka,7000001644,Responsive search ad,Good,Buty do biegania – nowa kolekcja,Darmowa dostawa od 199 zł,https://www.biegosfera.pl/buty-do-biegania,2026-09-11,95,2,7.61,0.00,0.00
Search | Konkurencja,Hoka,7000001781,Responsive search ad,Average,Sprawdź buty do biegania,Darmowa dostawa od 199 zł,https://www.biegosfera.pl/buty-do-biegania,2026-09-11,69,4,15.21,0.00,0.00
Search | Konkurencja,Nike,7000001918,Responsive search ad,Good,Buty do biegania – nowa kolekcja,Darmowa dostawa od 199 zł,https://www.biegosfera.pl/buty-do-biegania,2026-09-11,234,8,21.13,0.00,0.00
Search | Konkurencja,Nike,7000002055,Responsive search ad,Average,Sprawdź buty do biegania,Darmowa dostawa od 199 zł,https://www.biegosfera.pl/buty-do-biegania,2026-09-11,132,3,7.92,0.00,0.00
Search | Konkurencja,Ogólne,7000002192,Responsive search ad,Good,Buty do biegania – nowa kolekcja,Darmowa dostawa od 199 zł,https://www.biegosfera.pl/buty-do-biegania,2026-09-11,167,6,14.44,0.00,0.00
Search | Konkurencja,Ogólne,7000002329,Responsive search ad,Average,Sprawdź buty do biegania,Darmowa dostawa od 199 zł,https://www.biegosfera.pl/buty-do-biegania,2026-09-11,107,4,9.63,1.00,275.14
Search | Brand,Brand,7000000000,Responsive search ad,Good,Biegosfera – oficjalny sklep,Darmowa dostawa od 199 zł,https://www.biegosfera.pl/buty-do-biegania,2026-09-12,147,45,40.25,7.00,"2,909.09"
Search | Brand,Brand,7000000137,Responsive search ad,Average,Biegosfera – oficjalny sklep (B),Darmowa dostawa od 199 zł,https://www.biegosfera.pl/buty-do-biegania,2026-09-12,88,19,17.00,1.00,415.58
Search | Buty do biegania,Damskie,7000000274,Responsive search ad,Good,Buty do biegania – nowa kolekcja,Darmowa dostawa od 199 zł,https://www.biegosfera.pl/buty-do-biegania,2026-09-12,146,8,17.27,0.00,0.00
Search | Buty do biegania,Damskie,7000000411,Responsive search ad,Average,Sprawdź buty do biegania,Darmowa dostawa od 199 zł,https://www.biegosfera.pl/buty-do-biegania,2026-09-12,100,7,15.11,0.00,0.00
Search | Buty do biegania,Męskie,7000000548,Responsive search ad,Good,Buty do biegania – nowa kolekcja,Darmowa dostawa od 199 zł,https://www.biegosfera.pl/buty-do-biegania,2026-09-12,126,13,26.66,0.00,0.00
Search | Buty do biegania,Męskie,7000000685,Responsive search ad,Average,Sprawdź buty do biegania,Darmowa dostawa od 199 zł,https://www.biegosfera.pl/buty-do-biegania,2026-09-12,91,2,4.10,1.00,296.27
Search | Buty do biegania,Ogólne,7000000822,Responsive search ad,Excellent,Buty do biegania | Darmowa dostawa,Darmowa dostawa od 199 zł,https://www.biegosfera.pl/buty-do-biegania,2026-09-12,879,67,120.10,1.00,280.66
Search | Buty do biegania,Ogólne,7000000959,Responsive search ad,Poor,Sklep sportowy online,Darmowa dostawa od 199 zł,https://www.biegosfera.pl/buty-do-biegania,2026-09-12,731,22,39.44,1.00,280.66
Search | Buty trailowe,Trail,7000001096,Responsive search ad,Good,Buty trailowe – przyczepność w terenie,Darmowa dostawa od 199 zł,https://www.biegosfera.pl/buty-trailowe,2026-09-12,742,37,74.26,2.00,721.57
Search | Buty trailowe,Trail,7000001233,Responsive search ad,Average,Wyprzedaż butów – do -50%,Darmowa dostawa od 199 zł,https://www.biegosfera.pl/buty-trailowe,2026-09-12,507,18,36.12,1.00,360.79
Search | Konkurencja,Asics,7000001370,Responsive search ad,Good,Buty do biegania – nowa kolekcja,Darmowa dostawa od 199 zł,https://www.biegosfera.pl/buty-do-biegania,2026-09-12,85,4,11.15,0.00,0.00
Search | Konkurencja,Asics,7000001507,Responsive search ad,Average,Sprawdź buty do biegania,Darmowa dostawa od 199 zł,https://www.biegosfera.pl/buty-do-biegania,2026-09-12,62,2,5.57,0.00,0.00
Search | Konkurencja,Hoka,7000001644,Responsive search ad,Good,Buty do biegania – nowa kolekcja,Darmowa dostawa od 199 zł,https://www.biegosfera.pl/buty-do-biegania,2026-09-12,86,2,6.57,0.00,0.00
Search | Konkurencja,Hoka,7000001781,Responsive search ad,Average,Sprawdź buty do biegania,Darmowa dostawa od 199 zł,https://www.biegosfera.pl/buty-do-biegania,2026-09-12,73,0,0.00,0.00,0.00
Search | Konkurencja,Nike,7000001918,Responsive search ad,Good,Buty do biegania – nowa kolekcja,Darmowa dostawa od 199 zł,https://www.biegosfera.pl/buty-do-biegania,2026-09-12,209,3,9.82,0.00,0.00
Search | Konkurencja,Nike,7000002055,Responsive search ad,Average,Sprawdź buty do biegania,Darmowa dostawa od 199 zł,https://www.biegosfera.pl/buty-do-biegania,2026-09-12,129,3,9.82,0.00,0.00
Search | Konkurencja,Ogólne,7000002192,Responsive search ad,Good,Buty do biegania – nowa kolekcja,Darmowa dostawa od 199 zł,https://www.biegosfera.pl/buty-do-biegania,2026-09-12,158,3,7.49,0.00,0.00
Search | Konkurencja,Ogólne,7000002329,Responsive search ad,Average,Sprawdź buty do biegania,Darmowa dostawa od 199 zł,https://www.biegosfera.pl/buty-do-biegania,2026-09-12,98,2,4.99,0.00,0.00
Search | Brand,Brand,7000000000,Responsive search ad,Good,Biegosfera – oficjalny sklep,Darmowa dostawa od 199 zł,https://www.biegosfera.pl/buty-do-biegania,2026-09-13,146,48,38.17,4.00,"1,361.92"
Search | Brand,Brand,7000000137,Responsive search ad,Average,Biegosfera – oficjalny sklep (B),Darmowa dostawa od 199 zł,https://www.biegosfera.pl/buty-do-biegania,2026-09-13,90,19,15.11,1.00,340.48
Search | Buty do biegania,Damskie,7000000274,Responsive search ad,Good,Buty do biegania – nowa kolekcja,Darmowa dostawa od 199 zł,https://www.biegosfera.pl/buty-do-biegania,2026-09-13,164,11,19.75,0.00,0.00
Search | Buty do biegania,Damskie,7000000411,Responsive search ad,Average,Sprawdź buty do biegania,Darmowa dostawa od 199 zł,https://www.biegosfera.pl/buty-do-biegania,2026-09-13,110,4,7.18,0.00,0.00
Search | Buty do biegania,Męskie,7000000548,Responsive search ad,Good,Buty do biegania – nowa kolekcja,Darmowa dostawa od 199 zł,https://www.biegosfera.pl/buty-do-biegania,2026-09-13,147,10,25.01,0.00,0.00
Search | Buty do biegania,Męskie,7000000685,Responsive search ad,Average,Sprawdź buty do biegania,Darmowa dostawa od 199 zł,https://www.biegosfera.pl/buty-do-biegania,2026-09-13,79,3,7.50,0.00,0.00
Search | Buty do biegania,Ogólne,7000000822,Responsive search ad,Excellent,Buty do biegania | Darmowa dostawa,Darmowa dostawa od 199 zł,https://www.biegosfera.pl/buty-do-biegania,2026-09-13,956,62,118.30,0.00,0.00
Search | Buty do biegania,Ogólne,7000000959,Responsive search ad,Poor,Sklep sportowy online,Darmowa dostawa od 199 zł,https://www.biegosfera.pl/buty-do-biegania,2026-09-13,757,33,62.96,2.00,804.77
Search | Buty trailowe,Trail,7000001096,Responsive search ad,Good,Buty trailowe – przyczepność w terenie,Darmowa dostawa od 199 zł,https://www.biegosfera.pl/buty-trailowe,2026-09-13,770,45,92.52,2.00,756.23
Search | Buty trailowe,Trail,7000001233,Responsive search ad,Average,Wyprzedaż butów – do -50%,Darmowa dostawa od 199 zł,https://www.biegosfera.pl/buty-trailowe,2026-09-13,503,34,69.91,0.00,0.00
Search | Konkurencja,Asics,7000001370,Responsive search ad,Good,Buty do biegania – nowa kolekcja,Darmowa dostawa od 199 zł,https://www.biegosfera.pl/buty-do-biegania,2026-09-13,112,7,23.21,0.00,0.00
Search | Konkurencja,Asics,7000001507,Responsive search ad,Average,Sprawdź buty do biegania,Darmowa dostawa od 199 zł,https://www.biegosfera.pl/buty-do-biegania,2026-09-13,71,1,3.32,0.00,0.00
Search | Konkurencja,Hoka,7000001644,Responsive search ad,Good,Buty do biegania – nowa kolekcja,Darmowa dostawa od 199 zł,https://www.biegosfera.pl/buty-do-biegania,2026-09-13,92,3,10.95,1.00,362.77
Search | Konkurencja,Hoka,7000001781,Responsive search ad,Average,Sprawdź buty do biegania,Darmowa dostawa od 199 zł,https://www.biegosfera.pl/buty-do-biegania,2026-09-13,50,0,0.00,0.00,0.00
Search | Konkurencja,Nike,7000001918,Responsive search ad,Good,Buty do biegania – nowa kolekcja,Darmowa dostawa od 199 zł,https://www.biegosfera.pl/buty-do-biegania,2026-09-13,182,10,27.61,0.00,0.00
Search | Konkurencja,Nike,7000002055,Responsive search ad,Average,Sprawdź buty do biegania,Darmowa dostawa od 199 zł,https://www.biegosfera.pl/buty-do-biegania,2026-09-13,120,3,8.28,0.00,0.00
Search | Konkurencja,Ogólne,7000002192,Responsive search ad,Good,Buty do biegania – nowa kolekcja,Darmowa dostawa od 199 zł,https://www.biegosfera.pl/buty-do-biegania,2026-09-13,142,4,8.64,0.00,0.00
Search | Konkurencja,Ogólne,7000002329,Responsive search ad,Average,Sprawdź buty do biegania,Darmowa dostawa od 199 zł,https://www.biegosfera.pl/buty-do-biegania,2026-09-13,113,6,12.95,0.00,0.00
Search | Brand,Brand,7000000000,Responsive search ad,Good,Biegosfera – oficjalny sklep,Darmowa dostawa od 199 zł,https://www.biegosfera.pl/buty-do-biegania,2026-09-14,166,49,44.18,6.00,"2,221.31"
Search | Brand,Brand,7000000137,Responsive search ad,Average,Biegosfera – oficjalny sklep (B),Darmowa dostawa od 199 zł,https://www.biegosfera.pl/buty-do-biegania,2026-09-14,129,21,18.94,0.00,0.00
Search | Buty do biegania,Damskie,7000000274,Responsive search ad,Good,Buty do biegania – nowa kolekcja,Darmowa dostawa od 199 zł,https://www.biegosfera.pl/buty-do-biegania,2026-09-14,184,15,29.12,1.00,364.80
Search | Buty do biegania,Damskie,7000000411,Responsive search ad,Average,Sprawdź buty do biegania,Darmowa dostawa od 199 zł,https://www.biegosfera.pl/buty-do-biegania,2026-09-14,135,13,25.24,0.00,0.00
Search | Buty do biegania,Męskie,7000000548,Responsive search ad,Good,Buty do biegania – nowa kolekcja,Darmowa dostawa od 199 zł,https://www.biegosfera.pl/buty-do-biegania,2026-09-14,141,15,40.31,0.00,0.00
Search | Buty do biegania,Męskie,7000000685,Responsive search ad,Average,Sprawdź buty do biegania,Darmowa dostawa od 199 zł,https://www.biegosfera.pl/buty-do-biegania,2026-09-14,107,6,16.13,0.00,0.00
Search | Buty do biegania,Ogólne,7000000822,Responsive search ad,Excellent,Buty do biegania | Darmowa dostawa,Darmowa dostawa od 199 zł,https://www.biegosfera.pl/buty-do-biegania,2026-09-14,"1,060",70,135.97,1.00,323.43
Search | Buty do biegania,Ogólne,7000000959,Responsive search ad,Poor,Sklep sportowy online,Darmowa dostawa od 199 zł,https://www.biegosfera.pl/buty-do-biegania,2026-09-14,869,23,44.67,0.00,0.00
Search | Buty trailowe,Trail,7000001096,Responsive search ad,Good,Buty trailowe – przyczepność w terenie,Darmowa dostawa od 199 zł,https://www.biegosfera.pl/buty-trailowe,2026-09-14,887,49,96.27,0.00,0.00
Search | Buty trailowe,Trail,7000001233,Responsive search ad,Average,Wyprzedaż butów – do -50%,Darmowa dostawa od 199 zł,https://www.biegosfera.pl/buty-trailowe,2026-09-14,570,27,53.04,0.00,0.00
Search | Konkurencja,Asics,7000001370,Responsive search ad,Good,Buty do biegania – nowa kolekcja,Darmowa dostawa od 199 zł,https://www.biegosfera.pl/buty-do-biegania,2026-09-14,125,3,10.47,0.00,0.00
Search | Konkurencja,Asics,7000001507,Responsive search ad,Average,Sprawdź buty do biegania,Darmowa dostawa od 199 zł,https://www.biegosfera.pl/buty-do-biegania,2026-09-14,99,3,10.47,0.00,0.00
Search | Konkurencja,Hoka,7000001644,Responsive search ad,Good,Buty do biegania – nowa kolekcja,Darmowa dostawa od 199 zł,https://www.biegosfera.pl/buty-do-biegania,2026-09-14,105,2,7.77,0.00,0.00
Search | Konkurencja,Hoka,7000001781,Responsive search ad,Average,Sprawdź buty do biegania,Darmowa dostawa od 199 zł,https://www.biegosfera.pl/buty-do-biegania,2026-09-14,66,0,0.00,0.00,0.00
Search | Konkurencja,Nike,7000001918,Responsive search ad,Good,Buty do biegania – nowa kolekcja,Darmowa dostawa od 199 zł,https://www.biegosfera.pl/buty-do-biegania,2026-09-14,226,7,18.05,0.00,0.00
Search | Konkurencja,Nike,7000002055,Responsive search ad,Average,Sprawdź buty do biegania,Darmowa dostawa od 199 zł,https://www.biegosfera.pl/buty-do-biegania,2026-09-14,139,3,7.74,0.00,0.00
Search | Konkurencja,Ogólne,7000002192,Responsive search ad,Good,Buty do biegania – nowa kolekcja,Darmowa dostawa od 199 zł,https://www.biegosfera.pl/buty-do-biegania,2026-09-14,169,4,11.67,1.00,437.71
Search | Konkurencja,Ogólne,7000002329,Responsive search ad,Average,Sprawdź buty do biegania,Darmowa dostawa od 199 zł,https://www.biegosfera.pl/buty-do-biegania,2026-09-14,119,3,8.76,0.00,0.00
Search | Brand,Brand,7000000000,Responsive search ad,Good,Biegosfera – oficjalny sklep,Darmowa dostawa od 199 zł,https://www.biegosfera.pl/buty-do-biegania,2026-09-15,171,53,44.18,4.00,"1,624.06"
Search | Brand,Brand,7000000137,Responsive search ad,Average,Biegosfera – oficjalny sklep (B),Darmowa dostawa od 199 zł,https://www.biegosfera.pl/buty-do-biegania,2026-09-15,122,29,24.17,1.00,406.02
Search | Buty do biegania,Damskie,7000000274,Responsive search ad,Good,Buty do biegania – nowa kolekcja,Darmowa dostawa od 199 zł,https://www.biegosfera.pl/buty-do-biegania,2026-09-15,194,18,36.78,0.00,0.00
Search | Buty do biegania,Damskie,7000000411,Responsive search ad,Average,Sprawdź buty do biegania,Darmowa dostawa od 199 zł,https://www.biegosfera.pl/buty-do-biegania,2026-09-15,137,10,20.43,1.00,287.91
Search | Buty do biegania,Męskie,7000000548,Responsive search ad,Good,Buty do biegania – nowa kolekcja,Darmowa dostawa od 199 zł,https://www.biegosfera.pl/buty-do-biegania,2026-09-15,144,11,28.00,0.00,0.00
Search | Buty do biegania,Męskie,7000000685,Responsive search ad,Average,Sprawdź buty do biegania,Darmowa dostawa od 199 zł,https://www.biegosfera.pl/buty-do-biegania,2026-09-15,117,4,10.18,0.00,0.00
Search | Buty do biegania,Ogólne,7000000822,Responsive search ad,Excellent,Buty do biegania | Darmowa dostawa,Darmowa dostawa od 199 zł,https://www.biegosfera.pl/buty-do-biegania,2026-09-15,"1,044",67,131.73,4.00,"1,406.12"
Search | Buty do biegania,Ogólne,7000000959,Responsive search ad,Poor,Sklep sportowy online,Darmowa dostawa od 199 zł,https://www.biegosfera.pl/buty-do-biegania,2026-09-15,946,34,66.85,3.00,"1,054.59"
Search | Buty trailowe,Trail,7000001096,Responsive search ad,Good,Buty trailowe – przyczepność w terenie,Darmowa dostawa od 199 zł,https://www.biegosfera.pl/buty-trailowe,2026-09-15,802,54,100.89,0.00,0.00
Search | Buty trailowe,Trail,7000001233,Responsive search ad,Average,Wyprzedaż butów – do -50%,Darmowa dostawa od 199 zł,https://www.biegosfera.pl/buty-trailowe,2026-09-15,553,24,44.84,0.00,0.00
Search | Konkurencja,Asics,7000001370,Responsive search ad,Good,Buty do biegania – nowa kolekcja,Darmowa dostawa od 199 zł,https://www.biegosfera.pl/buty-do-biegania,2026-09-15,116,3,9.63,0.00,0.00
Search | Konkurencja,Asics,7000001507,Responsive search ad,Average,Sprawdź buty do biegania,Darmowa dostawa od 199 zł,https://www.biegosfera.pl/buty-do-biegania,2026-09-15,86,4,12.84,0.00,0.00
Search | Konkurencja,Hoka,7000001644,Responsive search ad,Good,Buty do biegania – nowa kolekcja,Darmowa dostawa od 199 zł,https://www.biegosfera.pl/buty-do-biegania,2026-09-15,103,3,10.39,0.00,0.00
Search | Konkurencja,Hoka,7000001781,Responsive search ad,Average,Sprawdź buty do biegania,Darmowa dostawa od 199 zł,https://www.biegosfera.pl/buty-do-biegania,2026-09-15,72,1,3.46,0.00,0.00
Search | Konkurencja,Nike,7000001918,Responsive search ad,Good,Buty do biegania – nowa kolekcja,Darmowa dostawa od 199 zł,https://www.biegosfera.pl/buty-do-biegania,2026-09-15,217,8,24.42,0.00,0.00
Search | Konkurencja,Nike,7000002055,Responsive search ad,Average,Sprawdź buty do biegania,Darmowa dostawa od 199 zł,https://www.biegosfera.pl/buty-do-biegania,2026-09-15,158,1,3.05,0.00,0.00
Search | Konkurencja,Ogólne,7000002192,Responsive search ad,Good,Buty do biegania – nowa kolekcja,Darmowa dostawa od 199 zł,https://www.biegosfera.pl/buty-do-biegania,2026-09-15,161,13,33.00,0.00,0.00
Search | Konkurencja,Ogólne,7000002329,Responsive search ad,Average,Sprawdź buty do biegania,Darmowa dostawa od 199 zł,https://www.biegosfera.pl/buty-do-biegania,2026-09-15,102,4,10.16,0.00,0.00
Search | Brand,Brand,7000000000,Responsive search ad,Good,Biegosfera – oficjalny sklep,Darmowa dostawa od 199 zł,https://www.biegosfera.pl/buty-do-biegania,2026-09-16,178,52,40.41,4.00,"1,406.48"
Search | Brand,Brand,7000000137,Responsive search ad,Average,Biegosfera – oficjalny sklep (B),Darmowa dostawa od 199 zł,https://www.biegosfera.pl/buty-do-biegania,2026-09-16,127,22,17.10,3.00,"1,054.86"
Search | Buty do biegania,Damskie,7000000274,Responsive search ad,Good,Buty do biegania – nowa kolekcja,Darmowa dostawa od 199 zł,https://www.biegosfera.pl/buty-do-biegania,2026-09-16,199,14,25.44,1.00,331.09
Search | Buty do biegania,Damskie,7000000411,Responsive search ad,Average,Sprawdź buty do biegania,Darmowa dostawa od 199 zł,https://www.biegosfera.pl/buty-do-biegania,2026-09-16,143,9,16.36,2.00,662.19
Search | Buty do biegania,Męskie,7000000548,Responsive search ad,Good,Buty do biegania – nowa kolekcja,Darmowa dostawa od 199 zł,https://www.biegosfera.pl/buty-do-biegania,2026-09-16,147,20,41.18,0.00,0.00
Search | Buty do biegania,Męskie,7000000685,Responsive search ad,Average,Sprawdź buty do biegania,Darmowa dostawa od 199 zł,https://www.biegosfera.pl/buty-do-biegania,2026-09-16,119,6,12.35,0.00,0.00
Search | Buty do biegania,Ogólne,7000000822,Responsive search ad,Excellent,Buty do biegania | Darmowa dostawa,Darmowa dostawa od 199 zł,https://www.biegosfera.pl/buty-do-biegania,2026-09-16,"1,128",64,135.35,3.00,"1,264.27"
Search | Buty do biegania,Ogólne,7000000959,Responsive search ad,Poor,Sklep sportowy online,Darmowa dostawa od 199 zł,https://www.biegosfera.pl/buty-do-biegania,2026-09-16,896,25,52.87,2.00,842.85
Search | Buty trailowe,Trail,7000001096,Responsive search ad,Good,Buty trailowe – przyczepność w terenie,Darmowa dostawa od 199 zł,https://www.biegosfera.pl/buty-trailowe,2026-09-16,814,41,83.52,1.00,420.77
Search | Buty trailowe,Trail,7000001233,Responsive search ad,Average,Wyprzedaż butów – do -50%,Darmowa dostawa od 199 zł,https://www.biegosfera.pl/buty-trailowe,2026-09-16,511,19,38.71,0.00,0.00
Search | Konkurencja,Asics,7000001370,Responsive search ad,Good,Buty do biegania – nowa kolekcja,Darmowa dostawa od 199 zł,https://www.biegosfera.pl/buty-do-biegania,2026-09-16,118,3,9.60,0.00,0.00
Search | Konkurencja,Asics,7000001507,Responsive search ad,Average,Sprawdź buty do biegania,Darmowa dostawa od 199 zł,https://www.biegosfera.pl/buty-do-biegania,2026-09-16,92,0,0.00,0.00,0.00
Search | Konkurencja,Hoka,7000001644,Responsive search ad,Good,Buty do biegania – nowa kolekcja,Darmowa dostawa od 199 zł,https://www.biegosfera.pl/buty-do-biegania,2026-09-16,86,3,9.91,0.00,0.00
Search | Konkurencja,Hoka,7000001781,Responsive search ad,Average,Sprawdź buty do biegania,Darmowa dostawa od 199 zł,https://www.biegosfera.pl/buty-do-biegania,2026-09-16,65,2,6.60,0.00,0.00
Search | Konkurencja,Nike,7000001918,Responsive search ad,Good,Buty do biegania – nowa kolekcja,Darmowa dostawa od 199 zł,https://www.biegosfera.pl/buty-do-biegania,2026-09-16,217,12,26.10,0.00,0.00
Search | Konkurencja,Nike,7000002055,Responsive search ad,Average,Sprawdź buty do biegania,Darmowa dostawa od 199 zł,https://www.biegosfera.pl/buty-do-biegania,2026-09-16,161,5,10.88,0.00,0.00
Search | Konkurencja,Ogólne,7000002192,Responsive search ad,Good,Buty do biegania – nowa kolekcja,Darmowa dostawa od 199 zł,https://www.biegosfera.pl/buty-do-biegania,2026-09-16,153,4,10.58,0.00,0.00
Search | Konkurencja,Ogólne,7000002329,Responsive search ad,Average,Sprawdź buty do biegania,Darmowa dostawa od 199 zł,https://www.biegosfera.pl/buty-do-biegania,2026-09-16,120,3,7.93,1.00,357.92
Search | Brand,Brand,7000000000,Responsive search ad,Good,Biegosfera – oficjalny sklep,Darmowa dostawa od 199 zł,https://www.biegosfera.pl/buty-do-biegania,2026-09-17,132,52,49.42,1.00,264.03
Search | Brand,Brand,7000000137,Responsive search ad,Average,Biegosfera – oficjalny sklep (B),Darmowa dostawa od 199 zł,https://www.biegosfera.pl/buty-do-biegania,2026-09-17,127,17,16.15,0.00,0.00
Search | Buty do biegania,Damskie,7000000274,Responsive search ad,Good,Buty do biegania – nowa kolekcja,Darmowa dostawa od 199 zł,https://www.biegosfera.pl/buty-do-biegania,2026-09-17,189,16,33.56,0.00,0.00
Search | Buty do biegania,Damskie,7000000411,Responsive search ad,Average,Sprawdź buty do biegania,Darmowa dostawa od 199 zł,https://www.biegosfera.pl/buty-do-biegania,2026-09-17,139,9,18.87,0.00,0.00
Search | Buty do biegania,Męskie,7000000548,Responsive search ad,Good,Buty do biegania – nowa kolekcja,Darmowa dostawa od 199 zł,https://www.biegosfera.pl/buty-do-biegania,2026-09-17,150,12,23.41,1.00,288.36
Search | Buty do biegania,Męskie,7000000685,Responsive search ad,Average,Sprawdź buty do biegania,Darmowa dostawa od 199 zł,https://www.biegosfera.pl/buty-do-biegania,2026-09-17,89,4,7.80,0.00,0.00
Search | Buty do biegania,Ogólne,7000000822,Responsive search ad,Excellent,Buty do biegania | Darmowa dostawa,Darmowa dostawa od 199 zł,https://www.biegosfera.pl/buty-do-biegania,2026-09-17,"1,123",64,116.70,1.00,276.93
Search | Buty do biegania,Ogólne,7000000959,Responsive search ad,Poor,Sklep sportowy online,Darmowa dostawa od 199 zł,https://www.biegosfera.pl/buty-do-biegania,2026-09-17,878,22,40.11,0.00,0.00
Search | Buty trailowe,Trail,7000001096,Responsive search ad,Good,Buty trailowe – przyczepność w terenie,Darmowa dostawa od 199 zł,https://www.biegosfera.pl/buty-trailowe,2026-09-17,862,50,98.17,2.00,792.37
Search | Buty trailowe,Trail,7000001233,Responsive search ad,Average,Wyprzedaż butów – do -50%,Darmowa dostawa od 199 zł,https://www.biegosfera.pl/buty-trailowe,2026-09-17,597,26,51.05,0.00,0.00
Search | Konkurencja,Asics,7000001370,Responsive search ad,Good,Buty do biegania – nowa kolekcja,Darmowa dostawa od 199 zł,https://www.biegosfera.pl/buty-do-biegania,2026-09-17,120,3,9.85,0.00,0.00
Search | Konkurencja,Asics,7000001507,Responsive search ad,Average,Sprawdź buty do biegania,Darmowa dostawa od 199 zł,https://www.biegosfera.pl/buty-do-biegania,2026-09-17,79,3,9.85,0.00,0.00
Search | Konkurencja,Hoka,7000001644,Responsive search ad,Good,Buty do biegania – nowa kolekcja,Darmowa dostawa od 199 zł,https://www.biegosfera.pl/buty-do-biegania,2026-09-17,131,2,5.55,0.00,0.00
Search | Konkurencja,Hoka,7000001781,Responsive search ad,Average,Sprawdź buty do biegania,Darmowa dostawa od 199 zł,https://www.biegosfera.pl/buty-do-biegania,2026-09-17,72,4,11.10,0.00,0.00
Search | Konkurencja,Nike,7000001918,Responsive search ad,Good,Buty do biegania – nowa kolekcja,Darmowa dostawa od 199 zł,https://www.biegosfera.pl/buty-do-biegania,2026-09-17,224,7,18.80,0.00,0.00
Search | Konkurencja,Nike,7000002055,Responsive search ad,Average,Sprawdź buty do biegania,Darmowa dostawa od 199 zł,https://www.biegosfera.pl/buty-do-biegania,2026-09-17,150,3,8.06,0.00,0.00
Search | Konkurencja,Ogólne,7000002192,Responsive search ad,Good,Buty do biegania – nowa kolekcja,Darmowa dostawa od 199 zł,https://www.biegosfera.pl/buty-do-biegania,2026-09-17,179,10,22.56,0.00,0.00
Search | Konkurencja,Ogólne,7000002329,Responsive search ad,Average,Sprawdź buty do biegania,Darmowa dostawa od 199 zł,https://www.biegosfera.pl/buty-do-biegania,2026-09-17,101,4,9.02,0.00,0.00
Search | Brand,Brand,7000000000,Responsive search ad,Good,Biegosfera – oficjalny sklep,Darmowa dostawa od 199 zł,https://www.biegosfera.pl/buty-do-biegania,2026-09-18,183,64,55.07,5.00,"1,816.36"
Search | Brand,Brand,7000000137,Responsive search ad,Average,Biegosfera – oficjalny sklep (B),Darmowa dostawa od 199 zł,https://www.biegosfera.pl/buty-do-biegania,2026-09-18,124,27,23.23,1.00,363.27
Search | Buty do biegania,Damskie,7000000274,Responsive search ad,Good,Buty do biegania – nowa kolekcja,Darmowa dostawa od 199 zł,https://www.biegosfera.pl/buty-do-biegania,2026-09-18,206,14,27.95,0.00,0.00
Search | Buty do biegania,Damskie,7000000411,Responsive search ad,Average,Sprawdź buty do biegania,Darmowa dostawa od 199 zł,https://www.biegosfera.pl/buty-do-biegania,2026-09-18,137,10,19.97,1.00,312.20
Search | Buty do biegania,Męskie,7000000548,Responsive search ad,Good,Buty do biegania – nowa kolekcja,Darmowa dostawa od 199 zł,https://www.biegosfera.pl/buty-do-biegania,2026-09-18,166,12,24.86,0.00,0.00
Search | Buty do biegania,Męskie,7000000685,Responsive search ad,Average,Sprawdź buty do biegania,Darmowa dostawa od 199 zł,https://www.biegosfera.pl/buty-do-biegania,2026-09-18,102,3,6.22,1.00,335.53
Search | Buty do biegania,Ogólne,7000000822,Responsive search ad,Excellent,Buty do biegania | Darmowa dostawa,Darmowa dostawa od 199 zł,https://www.biegosfera.pl/buty-do-biegania,2026-09-18,"1,056",63,128.05,2.00,642.45
Search | Buty do biegania,Ogólne,7000000959,Responsive search ad,Poor,Sklep sportowy online,Darmowa dostawa od 199 zł,https://www.biegosfera.pl/buty-do-biegania,2026-09-18,880,29,58.95,1.00,321.23
Search | Buty trailowe,Trail,7000001096,Responsive search ad,Good,Buty trailowe – przyczepność w terenie,Darmowa dostawa od 199 zł,https://www.biegosfera.pl/buty-trailowe,2026-09-18,833,45,91.16,2.00,631.90
Search | Buty trailowe,Trail,7000001233,Responsive search ad,Average,Wyprzedaż butów – do -50%,Darmowa dostawa od 199 zł,https://www.biegosfera.pl/buty-trailowe,2026-09-18,622,20,40.51,0.00,0.00
Search | Konkurencja,Asics,7000001370,Responsive search ad,Good,Buty do biegania – nowa kolekcja,Darmowa dostawa od 199 zł,https://www.biegosfera.pl/buty-do-biegania,2026-09-18,132,3,7.95,0.00,0.00
Search | Konkurencja,Asics,7000001507,Responsive search ad,Average,Sprawdź buty do biegania,Darmowa dostawa od 199 zł,https://www.biegosfera.pl/buty-do-biegania,2026-09-18,94,1,2.65,0.00,0.00
Search | Konkurencja,Hoka,7000001644,Responsive search ad,Good,Buty do biegania – nowa kolekcja,Darmowa dostawa od 199 zł,https://www.biegosfera.pl/buty-do-biegania,2026-09-18,113,4,12.37,0.00,0.00
Search | Konkurencja,Hoka,7000001781,Responsive search ad,Average,Sprawdź buty do biegania,Darmowa dostawa od 199 zł,https://www.biegosfera.pl/buty-do-biegania,2026-09-18,73,1,3.09,0.00,0.00
Search | Konkurencja,Nike,7000001918,Responsive search ad,Good,Buty do biegania – nowa kolekcja,Darmowa dostawa od 199 zł,https://www.biegosfera.pl/buty-do-biegania,2026-09-18,238,7,19.98,0.00,0.00
Search | Konkurencja,Nike,7000002055,Responsive search ad,Average,Sprawdź buty do biegania,Darmowa dostawa od 199 zł,https://www.biegosfera.pl/buty-do-biegania,2026-09-18,160,6,17.12,0.00,0.00
Search | Konkurencja,Ogólne,7000002192,Responsive search ad,Good,Buty do biegania – nowa kolekcja,Darmowa dostawa od 199 zł,https://www.biegosfera.pl/buty-do-biegania,2026-09-18,162,9,18.75,0.00,0.00
Search | Konkurencja,Ogólne,7000002329,Responsive search ad,Average,Sprawdź buty do biegania,Darmowa dostawa od 199 zł,https://www.biegosfera.pl/buty-do-biegania,2026-09-18,116,1,2.08,0.00,0.00
Search | Brand,Brand,7000000000,Responsive search ad,Good,Biegosfera – oficjalny sklep,Darmowa dostawa od 199 zł,https://www.biegosfera.pl/buty-do-biegania,2026-09-19,161,50,43.90,1.00,389.78
Search | Brand,Brand,7000000137,Responsive search ad,Average,Biegosfera – oficjalny sklep (B),Darmowa dostawa od 199 zł,https://www.biegosfera.pl/buty-do-biegania,2026-09-19,87,21,18.44,3.00,"1,169.34"
Search | Buty do biegania,Damskie,7000000274,Responsive search ad,Good,Buty do biegania – nowa kolekcja,Darmowa dostawa od 199 zł,https://www.biegosfera.pl/buty-do-biegania,2026-09-19,162,14,26.45,1.00,434.96
Search | Buty do biegania,Damskie,7000000411,Responsive search ad,Average,Sprawdź buty do biegania,Darmowa dostawa od 199 zł,https://www.biegosfera.pl/buty-do-biegania,2026-09-19,107,7,13.23,0.00,0.00
Search | Buty do biegania,Męskie,7000000548,Responsive search ad,Good,Buty do biegania – nowa kolekcja,Darmowa dostawa od 199 zł,https://www.biegosfera.pl/buty-do-biegania,2026-09-19,146,13,25.90,0.00,0.00
Search | Buty do biegania,Męskie,7000000685,Responsive search ad,Average,Sprawdź buty do biegania,Darmowa dostawa od 199 zł,https://www.biegosfera.pl/buty-do-biegania,2026-09-19,91,3,5.98,0.00,0.00
Search | Buty do biegania,Ogólne,7000000822,Responsive search ad,Excellent,Buty do biegania | Darmowa dostawa,Darmowa dostawa od 199 zł,https://www.biegosfera.pl/buty-do-biegania,2026-09-19,924,53,92.17,1.00,267.77
Search | Buty do biegania,Ogólne,7000000959,Responsive search ad,Poor,Sklep sportowy online,Darmowa dostawa od 199 zł,https://www.biegosfera.pl/buty-do-biegania,2026-09-19,772,17,29.57,0.00,0.00
Search | Buty trailowe,Trail,7000001096,Responsive search ad,Good,Buty trailowe – przyczepność w terenie,Darmowa dostawa od 199 zł,https://www.biegosfera.pl/buty-trailowe,2026-09-19,729,34,65.13,0.00,0.00
Search | Buty trailowe,Trail,7000001233,Responsive search ad,Average,Wyprzedaż butów – do -50%,Darmowa dostawa od 199 zł,https://www.biegosfera.pl/buty-trailowe,2026-09-19,492,20,38.31,0.00,0.00
Search | Konkurencja,Asics,7000001370,Responsive search ad,Good,Buty do biegania – nowa kolekcja,Darmowa dostawa od 199 zł,https://www.biegosfera.pl/buty-do-biegania,2026-09-19,109,0,0.00,0.00,0.00
Search | Konkurencja,Asics,7000001507,Responsive search ad,Average,Sprawdź buty do biegania,Darmowa dostawa od 199 zł,https://www.biegosfera.pl/buty-do-biegania,2026-09-19,72,4,10.03,0.00,0.00
Search | Konkurencja,Hoka,7000001644,Responsive search ad,Good,Buty do biegania – nowa kolekcja,Darmowa dostawa od 199 zł,https://www.biegosfera.pl/buty-do-biegania,2026-09-19,87,3,11.67,0.00,0.00
Search | Konkurencja,Hoka,7000001781,Responsive search ad,Average,Sprawdź buty do biegania,Darmowa dostawa od 199 zł,https://www.biegosfera.pl/buty-do-biegania,2026-09-19,58,0,0.00,0.00,0.00
Search | Konkurencja,Nike,7000001918,Responsive search ad,Good,Buty do biegania – nowa kolekcja,Darmowa dostawa od 199 zł,https://www.biegosfera.pl/buty-do-biegania,2026-09-19,195,5,15.45,0.00,0.00
Search | Konkurencja,Nike,7000002055,Responsive search ad,Average,Sprawdź buty do biegania,Darmowa dostawa od 199 zł,https://www.biegosfera.pl/buty-do-biegania,2026-09-19,130,6,18.54,0.00,0.00
Search | Konkurencja,Ogólne,7000002192,Responsive search ad,Good,Buty do biegania – nowa kolekcja,Darmowa dostawa od 199 zł,https://www.biegosfera.pl/buty-do-biegania,2026-09-19,150,5,13.94,0.00,0.00
Search | Konkurencja,Ogólne,7000002329,Responsive search ad,Average,Sprawdź buty do biegania,Darmowa dostawa od 199 zł,https://www.biegosfera.pl/buty-do-biegania,2026-09-19,99,4,11.16,0.00,0.00
Search | Brand,Brand,7000000000,Responsive search ad,Good,Biegosfera – oficjalny sklep,Darmowa dostawa od 199 zł,https://www.biegosfera.pl/buty-do-biegania,2026-09-20,163,53,41.29,4.00,"1,520.30"
Search | Brand,Brand,7000000137,Responsive search ad,Average,Biegosfera – oficjalny sklep (B),Darmowa dostawa od 199 zł,https://www.biegosfera.pl/buty-do-biegania,2026-09-20,104,22,17.14,1.00,380.08
Search | Buty do biegania,Damskie,7000000274,Responsive search ad,Good,Buty do biegania – nowa kolekcja,Darmowa dostawa od 199 zł,https://www.biegosfera.pl/buty-do-biegania,2026-09-20,158,11,24.28,1.00,290.67
Search | Buty do biegania,Damskie,7000000411,Responsive search ad,Average,Sprawdź buty do biegania,Darmowa dostawa od 199 zł,https://www.biegosfera.pl/buty-do-biegania,2026-09-20,108,10,22.08,0.00,0.00
Search | Buty do biegania,Męskie,7000000548,Responsive search ad,Good,Buty do biegania – nowa kolekcja,Darmowa dostawa od 199 zł,https://www.biegosfera.pl/buty-do-biegania,2026-09-20,127,12,29.12,1.00,402.45
Search | Buty do biegania,Męskie,7000000685,Responsive search ad,Average,Sprawdź buty do biegania,Darmowa dostawa od 199 zł,https://www.biegosfera.pl/buty-do-biegania,2026-09-20,84,4,9.70,0.00,0.00
Search | Buty do biegania,Ogólne,7000000822,Responsive search ad,Excellent,Buty do biegania | Darmowa dostawa,Darmowa dostawa od 199 zł,https://www.biegosfera.pl/buty-do-biegania,2026-09-20,940,79,181.69,3.00,"1,203.69"
Search | Buty do biegania,Ogólne,7000000959,Responsive search ad,Poor,Sklep sportowy online,Darmowa dostawa od 199 zł,https://www.biegosfera.pl/buty-do-biegania,2026-09-20,776,23,52.90,0.00,0.00
Search | Buty trailowe,Trail,7000001096,Responsive search ad,Good,Buty trailowe – przyczepność w terenie,Darmowa dostawa od 199 zł,https://www.biegosfera.pl/buty-trailowe,2026-09-20,697,33,66.12,0.00,0.00
Search | Buty trailowe,Trail,7000001233,Responsive search ad,Average,Wyprzedaż butów – do -50%,Darmowa dostawa od 199 zł,https://www.biegosfera.pl/buty-trailowe,2026-09-20,485,19,38.07,1.00,364.36
Search | Konkurencja,Asics,7000001370,Responsive search ad,Good,Buty do biegania – nowa kolekcja,Darmowa dostawa od 199 zł,https://www.biegosfera.pl/buty-do-biegania,2026-09-20,105,2,6.14,1.00,335.39
Search | Konkurencja,Asics,7000001507,Responsive search ad,Average,Sprawdź buty do biegania,Darmowa dostawa od 199 zł,https://www.biegosfera.pl/buty-do-biegania,2026-09-20,62,0,0.00,0.00,0.00
Search | Konkurencja,Hoka,7000001644,Responsive search ad,Good,Buty do biegania – nowa kolekcja,Darmowa dostawa od 199 zł,https://www.biegosfera.pl/buty-do-biegania,2026-09-20,86,4,12.64,0.00,0.00
Search | Konkurencja,Hoka,7000001781,Responsive search ad,Average,Sprawdź buty do biegania,Darmowa dostawa od 199 zł,https://www.biegosfera.pl/buty-do-biegania,2026-09-20,53,3,9.48,0.00,0.00
Search | Konkurencja,Nike,7000001918,Responsive search ad,Good,Buty do biegania – nowa kolekcja,Darmowa dostawa od 199 zł,https://www.biegosfera.pl/buty-do-biegania,2026-09-20,197,12,28.69,0.00,0.00
Search | Konkurencja,Nike,7000002055,Responsive search ad,Average,Sprawdź buty do biegania,Darmowa dostawa od 199 zł,https://www.biegosfera.pl/buty-do-biegania,2026-09-20,126,5,11.95,0.00,0.00
Search | Konkurencja,Ogólne,7000002192,Responsive search ad,Good,Buty do biegania – nowa kolekcja,Darmowa dostawa od 199 zł,https://www.biegosfera.pl/buty-do-biegania,2026-09-20,151,2,4.48,0.00,0.00
Search | Konkurencja,Ogólne,7000002329,Responsive search ad,Average,Sprawdź buty do biegania,Darmowa dostawa od 199 zł,https://www.biegosfera.pl/buty-do-biegania,2026-09-20,103,2,4.48,0.00,0.00
Search | Brand,Brand,7000000000,Responsive search ad,Good,Biegosfera – oficjalny sklep,Darmowa dostawa od 199 zł,https://www.biegosfera.pl/buty-do-biegania,2026-09-21,177,52,50.50,2.00,773.86
Search | Brand,Brand,7000000137,Responsive search ad,Average,Biegosfera – oficjalny sklep (B),Darmowa dostawa od 199 zł,https://www.biegosfera.pl/buty-do-biegania,2026-09-21,129,31,30.10,2.00,773.86
Search | Buty do biegania,Damskie,7000000274,Responsive search ad,Good,Buty do biegania – nowa kolekcja,Darmowa dostawa od 199 zł,https://www.biegosfera.pl/buty-do-biegania,2026-09-21,189,14,25.80,1.00,301.00
Search | Buty do biegania,Damskie,7000000411,Responsive search ad,Average,Sprawdź buty do biegania,Darmowa dostawa od 199 zł,https://www.biegosfera.pl/buty-do-biegania,2026-09-21,109,5,9.21,0.00,0.00
Search | Buty do biegania,Męskie,7000000548,Responsive search ad,Good,Buty do biegania – nowa kolekcja,Darmowa dostawa od 199 zł,https://www.biegosfera.pl/buty-do-biegania,2026-09-21,150,13,33.23,0.00,0.00
Search | Buty do biegania,Męskie,7000000685,Responsive search ad,Average,Sprawdź buty do biegania,Darmowa dostawa od 199 zł,https://www.biegosfera.pl/buty-do-biegania,2026-09-21,101,3,7.67,0.00,0.00
Search | Buty do biegania,Ogólne,7000000822,Responsive search ad,Excellent,Buty do biegania | Darmowa dostawa,Darmowa dostawa od 199 zł,https://www.biegosfera.pl/buty-do-biegania,2026-09-21,"1,081",87,183.88,1.00,327.93
Search | Buty do biegania,Ogólne,7000000959,Responsive search ad,Poor,Sklep sportowy online,Darmowa dostawa od 199 zł,https://www.biegosfera.pl/buty-do-biegania,2026-09-21,915,23,48.61,0.00,0.00
Search | Buty trailowe,Trail,7000001096,Responsive search ad,Good,Buty trailowe – przyczepność w terenie,Darmowa dostawa od 199 zł,https://www.biegosfera.pl/buty-trailowe,2026-09-21,886,38,73.03,0.00,0.00
Search | Buty trailowe,Trail,7000001233,Responsive search ad,Average,Wyprzedaż butów – do -50%,Darmowa dostawa od 199 zł,https://www.biegosfera.pl/buty-trailowe,2026-09-21,618,28,53.81,0.00,0.00
Search | Konkurencja,Asics,7000001370,Responsive search ad,Good,Buty do biegania – nowa kolekcja,Darmowa dostawa od 199 zł,https://www.biegosfera.pl/buty-do-biegania,2026-09-21,134,5,15.20,0.00,0.00
Search | Konkurencja,Asics,7000001507,Responsive search ad,Average,Sprawdź buty do biegania,Darmowa dostawa od 199 zł,https://www.biegosfera.pl/buty-do-biegania,2026-09-21,90,4,12.16,0.00,0.00
Search | Konkurencja,Hoka,7000001644,Responsive search ad,Good,Buty do biegania – nowa kolekcja,Darmowa dostawa od 199 zł,https://www.biegosfera.pl/buty-do-biegania,2026-09-21,93,3,9.64,0.00,0.00
Search | Konkurencja,Hoka,7000001781,Responsive search ad,Average,Sprawdź buty do biegania,Darmowa dostawa od 199 zł,https://www.biegosfera.pl/buty-do-biegania,2026-09-21,74,0,0.00,0.00,0.00
Search | Konkurencja,Nike,7000001918,Responsive search ad,Good,Buty do biegania – nowa kolekcja,Darmowa dostawa od 199 zł,https://www.biegosfera.pl/buty-do-biegania,2026-09-21,239,12,33.31,1.00,274.03
Search | Konkurencja,Nike,7000002055,Responsive search ad,Average,Sprawdź buty do biegania,Darmowa dostawa od 199 zł,https://www.biegosfera.pl/buty-do-biegania,2026-09-21,162,5,13.88,0.00,0.00
Search | Konkurencja,Ogólne,7000002192,Responsive search ad,Good,Buty do biegania – nowa kolekcja,Darmowa dostawa od 199 zł,https://www.biegosfera.pl/buty-do-biegania,2026-09-21,166,3,6.94,0.00,0.00
Search | Konkurencja,Ogólne,7000002329,Responsive search ad,Average,Sprawdź buty do biegania,Darmowa dostawa od 199 zł,https://www.biegosfera.pl/buty-do-biegania,2026-09-21,129,3,6.94,0.00,0.00
Search | Brand,Brand,7000000000,Responsive search ad,Good,Biegosfera – oficjalny sklep,Darmowa dostawa od 199 zł,https://www.biegosfera.pl/buty-do-biegania,2026-09-22,178,65,51.22,5.00,"1,530.93"
Search | Brand,Brand,7000000137,Responsive search ad,Average,Biegosfera – oficjalny sklep (B),Darmowa dostawa od 199 zł,https://www.biegosfera.pl/buty-do-biegania,2026-09-22,142,27,21.27,1.00,306.19
Search | Buty do biegania,Damskie,7000000274,Responsive search ad,Good,Buty do biegania – nowa kolekcja,Darmowa dostawa od 199 zł,https://www.biegosfera.pl/buty-do-biegania,2026-09-22,206,17,37.66,1.00,401.07
Search | Buty do biegania,Damskie,7000000411,Responsive search ad,Average,Sprawdź buty do biegania,Darmowa dostawa od 199 zł,https://www.biegosfera.pl/buty-do-biegania,2026-09-22,131,5,11.08,0.00,0.00
Search | Buty do biegania,Męskie,7000000548,Responsive search ad,Good,Buty do biegania – nowa kolekcja,Darmowa dostawa od 199 zł,https://www.biegosfera.pl/buty-do-biegania,2026-09-22,146,16,29.15,1.00,288.37
Search | Buty do biegania,Męskie,7000000685,Responsive search ad,Average,Sprawdź buty do biegania,Darmowa dostawa od 199 zł,https://www.biegosfera.pl/buty-do-biegania,2026-09-22,112,7,12.75,0.00,0.00
Search | Buty do biegania,Ogólne,7000000822,Responsive search ad,Excellent,Buty do biegania | Darmowa dostawa,Darmowa dostawa od 199 zł,https://www.biegosfera.pl/buty-do-biegania,2026-09-22,"1,118",89,163.62,3.00,"1,172.47"
Search | Buty do biegania,Ogólne,7000000959,Responsive search ad,Poor,Sklep sportowy online,Darmowa dostawa od 199 zł,https://www.biegosfera.pl/buty-do-biegania,2026-09-22,886,36,66.19,0.00,0.00
Search | Buty trailowe,Trail,7000001096,Responsive search ad,Good,Buty trailowe – przyczepność w terenie,Darmowa dostawa od 199 zł,https://www.biegosfera.pl/buty-trailowe,2026-09-22,857,43,81.17,1.00,341.22
Search | Buty trailowe,Trail,7000001233,Responsive search ad,Average,Wyprzedaż butów – do -50%,Darmowa dostawa od 199 zł,https://www.biegosfera.pl/buty-trailowe,2026-09-22,600,29,54.74,1.00,341.22
Search | Konkurencja,Asics,7000001370,Responsive search ad,Good,Buty do biegania – nowa kolekcja,Darmowa dostawa od 199 zł,https://www.biegosfera.pl/buty-do-biegania,2026-09-22,136,3,8.42,0.00,0.00
Search | Konkurencja,Asics,7000001507,Responsive search ad,Average,Sprawdź buty do biegania,Darmowa dostawa od 199 zł,https://www.biegosfera.pl/buty-do-biegania,2026-09-22,85,2,5.62,0.00,0.00
Search | Konkurencja,Hoka,7000001644,Responsive search ad,Good,Buty do biegania – nowa kolekcja,Darmowa dostawa od 199 zł,https://www.biegosfera.pl/buty-do-biegania,2026-09-22,91,3,9.59,1.00,341.74
Search | Konkurencja,Hoka,7000001781,Responsive search ad,Average,Sprawdź buty do biegania,Darmowa dostawa od 199 zł,https://www.biegosfera.pl/buty-do-biegania,2026-09-22,72,2,6.40,0.00,0.00
Search | Konkurencja,Nike,7000001918,Responsive search ad,Good,Buty do biegania – nowa kolekcja,Darmowa dostawa od 199 zł,https://www.biegosfera.pl/buty-do-biegania,2026-09-22,231,8,21.88,0.00,0.00
Search | Konkurencja,Nike,7000002055,Responsive search ad,Average,Sprawdź buty do biegania,Darmowa dostawa od 199 zł,https://www.biegosfera.pl/buty-do-biegania,2026-09-22,156,9,24.62,0.00,0.00
Search | Konkurencja,Ogólne,7000002192,Responsive search ad,Good,Buty do biegania – nowa kolekcja,Darmowa dostawa od 199 zł,https://www.biegosfera.pl/buty-do-biegania,2026-09-22,173,9,20.60,0.00,0.00
Search | Konkurencja,Ogólne,7000002329,Responsive search ad,Average,Sprawdź buty do biegania,Darmowa dostawa od 199 zł,https://www.biegosfera.pl/buty-do-biegania,2026-09-22,120,4,9.16,0.00,0.00
Search | Brand,Brand,7000000000,Responsive search ad,Good,Biegosfera – oficjalny sklep,Darmowa dostawa od 199 zł,https://www.biegosfera.pl/buty-do-biegania,2026-09-23,200,60,55.46,5.00,"1,568.33"
Search | Brand,Brand,7000000137,Responsive search ad,Average,Biegosfera – oficjalny sklep (B),Darmowa dostawa od 199 zł,https://www.biegosfera.pl/buty-do-biegania,2026-09-23,116,28,25.88,0.00,0.00
Search | Buty do biegania,Damskie,7000000274,Responsive search ad,Good,Buty do biegania – nowa kolekcja,Darmowa dostawa od 199 zł,https://www.biegosfera.pl/buty-do-biegania,2026-09-23,205,17,32.21,1.00,292.40
Search | Buty do biegania,Damskie,7000000411,Responsive search ad,Average,Sprawdź buty do biegania,Darmowa dostawa od 199 zł,https://www.biegosfera.pl/buty-do-biegania,2026-09-23,122,9,17.05,0.00,0.00
Search | Buty do biegania,Męskie,7000000548,Responsive search ad,Good,Buty do biegania – nowa kolekcja,Darmowa dostawa od 199 zł,https://www.biegosfera.pl/buty-do-biegania,2026-09-23,147,14,28.52,1.00,313.70
Search | Buty do biegania,Męskie,7000000685,Responsive search ad,Average,Sprawdź buty do biegania,Darmowa dostawa od 199 zł,https://www.biegosfera.pl/buty-do-biegania,2026-09-23,97,5,10.19,0.00,0.00
Search | Buty do biegania,Ogólne,7000000822,Responsive search ad,Excellent,Buty do biegania | Darmowa dostawa,Darmowa dostawa od 199 zł,https://www.biegosfera.pl/buty-do-biegania,2026-09-23,"1,127",79,142.30,2.00,573.29
Search | Buty do biegania,Ogólne,7000000959,Responsive search ad,Poor,Sklep sportowy online,Darmowa dostawa od 199 zł,https://www.biegosfera.pl/buty-do-biegania,2026-09-23,899,27,48.64,1.00,286.64
Search | Buty trailowe,Trail,7000001096,Responsive search ad,Good,Buty trailowe – przyczepność w terenie,Darmowa dostawa od 199 zł,https://www.biegosfera.pl/buty-trailowe,2026-09-23,833,32,63.79,0.00,0.00
Search | Buty trailowe,Trail,7000001233,Responsive search ad,Average,Wyprzedaż butów – do -50%,Darmowa dostawa od 199 zł,https://www.biegosfera.pl/buty-trailowe,2026-09-23,566,22,43.85,0.00,0.00
Search | Konkurencja,Asics,7000001370,Responsive search ad,Good,Buty do biegania – nowa kolekcja,Darmowa dostawa od 199 zł,https://www.biegosfera.pl/buty-do-biegania,2026-09-23,122,7,18.61,1.00,427.17
Search | Konkurencja,Asics,7000001507,Responsive search ad,Average,Sprawdź buty do biegania,Darmowa dostawa od 199 zł,https://www.biegosfera.pl/buty-do-biegania,2026-09-23,73,0,0.00,0.00,0.00
Search | Konkurencja,Hoka,7000001644,Responsive search ad,Good,Buty do biegania – nowa kolekcja,Darmowa dostawa od 199 zł,https://www.biegosfera.pl/buty-do-biegania,2026-09-23,124,7,25.35,0.00,0.00
Search | Konkurencja,Hoka,7000001781,Responsive search ad,Average,Sprawdź buty do biegania,Darmowa dostawa od 199 zł,https://www.biegosfera.pl/buty-do-biegania,2026-09-23,74,1,3.62,0.00,0.00
Search | Konkurencja,Nike,7000001918,Responsive search ad,Good,Buty do biegania – nowa kolekcja,Darmowa dostawa od 199 zł,https://www.biegosfera.pl/buty-do-biegania,2026-09-23,230,6,18.25,0.00,0.00
Search | Konkurencja,Nike,7000002055,Responsive search ad,Average,Sprawdź buty do biegania,Darmowa dostawa od 199 zł,https://www.biegosfera.pl/buty-do-biegania,2026-09-23,174,4,12.17,1.00,377.51
Search | Konkurencja,Ogólne,7000002192,Responsive search ad,Good,Buty do biegania – nowa kolekcja,Darmowa dostawa od 199 zł,https://www.biegosfera.pl/buty-do-biegania,2026-09-23,169,8,20.57,0.00,0.00
Search | Konkurencja,Ogólne,7000002329,Responsive search ad,Average,Sprawdź buty do biegania,Darmowa dostawa od 199 zł,https://www.biegosfera.pl/buty-do-biegania,2026-09-23,110,3,7.72,0.00,0.00
Search | Brand,Brand,7000000000,Responsive search ad,Good,Biegosfera – oficjalny sklep,Darmowa dostawa od 199 zł,https://www.biegosfera.pl/buty-do-biegania,2026-09-24,179,65,55.60,4.00,"1,129.03"
Search | Brand,Brand,7000000137,Responsive search ad,Average,Biegosfera – oficjalny sklep (B),Darmowa dostawa od 199 zł,https://www.biegosfera.pl/buty-do-biegania,2026-09-24,124,17,14.54,2.00,564.52
Search | Buty do biegania,Damskie,7000000274,Responsive search ad,Good,Buty do biegania – nowa kolekcja,Darmowa dostawa od 199 zł,https://www.biegosfera.pl/buty-do-biegania,2026-09-24,194,23,42.11,0.00,0.00
Search | Buty do biegania,Damskie,7000000411,Responsive search ad,Average,Sprawdź buty do biegania,Darmowa dostawa od 199 zł,https://www.biegosfera.pl/buty-do-biegania,2026-09-24,128,6,10.99,0.00,0.00
Search | Buty do biegania,Męskie,7000000548,Responsive search ad,Good,Buty do biegania – nowa kolekcja,Darmowa dostawa od 199 zł,https://www.biegosfera.pl/buty-do-biegania,2026-09-24,157,11,27.19,0.00,0.00
Search | Buty do biegania,Męskie,7000000685,Responsive search ad,Average,Sprawdź buty do biegania,Darmowa dostawa od 199 zł,https://www.biegosfera.pl/buty-do-biegania,2026-09-24,112,8,19.77,0.00,0.00
Search | Buty do biegania,Ogólne,7000000822,Responsive search ad,Excellent,Buty do biegania | Darmowa dostawa,Darmowa dostawa od 199 zł,https://www.biegosfera.pl/buty-do-biegania,2026-09-24,"1,089",85,157.60,1.00,318.88
Search | Buty do biegania,Ogólne,7000000959,Responsive search ad,Poor,Sklep sportowy online,Darmowa dostawa od 199 zł,https://www.biegosfera.pl/buty-do-biegania,2026-09-24,920,33,61.18,3.00,956.62
Search | Buty trailowe,Trail,7000001096,Responsive search ad,Good,Buty trailowe – przyczepność w terenie,Darmowa dostawa od 199 zł,https://www.biegosfera.pl/buty-trailowe,2026-09-24,815,38,68.99,1.00,295.48
Search | Buty trailowe,Trail,7000001233,Responsive search ad,Average,Wyprzedaż butów – do -50%,Darmowa dostawa od 199 zł,https://www.biegosfera.pl/buty-trailowe,2026-09-24,563,31,56.29,0.00,0.00
Search | Konkurencja,Asics,7000001370,Responsive search ad,Good,Buty do biegania – nowa kolekcja,Darmowa dostawa od 199 zł,https://www.biegosfera.pl/buty-do-biegania,2026-09-24,143,6,21.42,0.00,0.00
Search | Konkurencja,Asics,7000001507,Responsive search ad,Average,Sprawdź buty do biegania,Darmowa dostawa od 199 zł,https://www.biegosfera.pl/buty-do-biegania,2026-09-24,80,7,25.00,0.00,0.00
Search | Konkurencja,Hoka,7000001644,Responsive search ad,Good,Buty do biegania – nowa kolekcja,Darmowa dostawa od 199 zł,https://www.biegosfera.pl/buty-do-biegania,2026-09-24,108,7,28.35,0.00,0.00
Search | Konkurencja,Hoka,7000001781,Responsive search ad,Average,Sprawdź buty do biegania,Darmowa dostawa od 199 zł,https://www.biegosfera.pl/buty-do-biegania,2026-09-24,73,0,0.00,0.00,0.00
Search | Konkurencja,Nike,7000001918,Responsive search ad,Good,Buty do biegania – nowa kolekcja,Darmowa dostawa od 199 zł,https://www.biegosfera.pl/buty-do-biegania,2026-09-24,215,7,15.73,0.00,0.00
Search | Konkurencja,Nike,7000002055,Responsive search ad,Average,Sprawdź buty do biegania,Darmowa dostawa od 199 zł,https://www.biegosfera.pl/buty-do-biegania,2026-09-24,168,3,6.74,0.00,0.00
Search | Konkurencja,Ogólne,7000002192,Responsive search ad,Good,Buty do biegania – nowa kolekcja,Darmowa dostawa od 199 zł,https://www.biegosfera.pl/buty-do-biegania,2026-09-24,188,3,7.69,0.00,0.00
Search | Konkurencja,Ogólne,7000002329,Responsive search ad,Average,Sprawdź buty do biegania,Darmowa dostawa od 199 zł,https://www.biegosfera.pl/buty-do-biegania,2026-09-24,114,4,10.25,0.00,0.00
Search | Brand,Brand,7000000000,Responsive search ad,Good,Biegosfera – oficjalny sklep,Darmowa dostawa od 199 zł,https://www.biegosfera.pl/buty-do-biegania,2026-09-25,195,53,51.57,3.00,"1,157.44"
Search | Brand,Brand,7000000137,Responsive search ad,Average,Biegosfera – oficjalny sklep (B),Darmowa dostawa od 199 zł,https://www.biegosfera.pl/buty-do-biegania,2026-09-25,127,22,21.41,0.00,0.00
Search | Buty do biegania,Damskie,7000000274,Responsive search ad,Good,Buty do biegania – nowa kolekcja,Darmowa dostawa od 199 zł,https://www.biegosfera.pl/buty-do-biegania,2026-09-25,192,19,41.79,0.00,0.00
Search | Buty do biegania,Damskie,7000000411,Responsive search ad,Average,Sprawdź buty do biegania,Darmowa dostawa od 199 zł,https://www.biegosfera.pl/buty-do-biegania,2026-09-25,148,8,17.59,0.00,0.00
Search | Buty do biegania,Męskie,7000000548,Responsive search ad,Good,Buty do biegania – nowa kolekcja,Darmowa dostawa od 199 zł,https://www.biegosfera.pl/buty-do-biegania,2026-09-25,141,9,18.57,0.00,0.00
Search | Buty do biegania,Męskie,7000000685,Responsive search ad,Average,Sprawdź buty do biegania,Darmowa dostawa od 199 zł,https://www.biegosfera.pl/buty-do-biegania,2026-09-25,98,2,4.13,0.00,0.00
Search | Buty do biegania,Ogólne,7000000822,Responsive search ad,Excellent,Buty do biegania | Darmowa dostawa,Darmowa dostawa od 199 zł,https://www.biegosfera.pl/buty-do-biegania,2026-09-25,"1,127",67,123.36,3.00,"1,134.35"
Search | Buty do biegania,Ogólne,7000000959,Responsive search ad,Poor,Sklep sportowy online,Darmowa dostawa od 199 zł,https://www.biegosfera.pl/buty-do-biegania,2026-09-25,902,38,69.97,1.00,378.12
Search | Buty trailowe,Trail,7000001096,Responsive search ad,Good,Buty trailowe – przyczepność w terenie,Darmowa dostawa od 199 zł,https://www.biegosfera.pl/buty-trailowe,2026-09-25,864,54,107.48,1.00,280.98
Search | Buty trailowe,Trail,7000001233,Responsive search ad,Average,Wyprzedaż butów – do -50%,Darmowa dostawa od 199 zł,https://www.biegosfera.pl/buty-trailowe,2026-09-25,599,24,47.77,0.00,0.00
Search | Konkurencja,Asics,7000001370,Responsive search ad,Good,Buty do biegania – nowa kolekcja,Darmowa dostawa od 199 zł,https://www.biegosfera.pl/buty-do-biegania,2026-09-25,144,12,32.25,2.00,754.23
Search | Konkurencja,Asics,7000001507,Responsive search ad,Average,Sprawdź buty do biegania,Darmowa dostawa od 199 zł,https://www.biegosfera.pl/buty-do-biegania,2026-09-25,66,2,5.38,0.00,0.00
Search | Konkurencja,Hoka,7000001644,Responsive search ad,Good,Buty do biegania – nowa kolekcja,Darmowa dostawa od 199 zł,https://www.biegosfera.pl/buty-do-biegania,2026-09-25,106,5,20.40,0.00,0.00
Search | Konkurencja,Hoka,7000001781,Responsive search ad,Average,Sprawdź buty do biegania,Darmowa dostawa od 199 zł,https://www.biegosfera.pl/buty-do-biegania,2026-09-25,84,2,8.16,0.00,0.00
Search | Konkurencja,Nike,7000001918,Responsive search ad,Good,Buty do biegania – nowa kolekcja,Darmowa dostawa od 199 zł,https://www.biegosfera.pl/buty-do-biegania,2026-09-25,256,5,16.75,0.00,0.00
Search | Konkurencja,Nike,7000002055,Responsive search ad,Average,Sprawdź buty do biegania,Darmowa dostawa od 199 zł,https://www.biegosfera.pl/buty-do-biegania,2026-09-25,161,6,20.09,0.00,0.00
Search | Konkurencja,Ogólne,7000002192,Responsive search ad,Good,Buty do biegania – nowa kolekcja,Darmowa dostawa od 199 zł,https://www.biegosfera.pl/buty-do-biegania,2026-09-25,177,4,10.58,1.00,435.70
Search | Konkurencja,Ogólne,7000002329,Responsive search ad,Average,Sprawdź buty do biegania,Darmowa dostawa od 199 zł,https://www.biegosfera.pl/buty-do-biegania,2026-09-25,111,1,2.64,0.00,0.00
Search | Brand,Brand,7000000000,Responsive search ad,Good,Biegosfera – oficjalny sklep,Darmowa dostawa od 199 zł,https://www.biegosfera.pl/buty-do-biegania,2026-09-26,156,37,28.79,4.00,"1,475.91"
Search | Brand,Brand,7000000137,Responsive search ad,Average,Biegosfera – oficjalny sklep (B),Darmowa dostawa od 199 zł,https://www.biegosfera.pl/buty-do-biegania,2026-09-26,99,24,18.68,1.00,368.98
Search | Buty do biegania,Damskie,7000000274,Responsive search ad,Good,Buty do biegania – nowa kolekcja,Darmowa dostawa od 199 zł,https://www.biegosfera.pl/buty-do-biegania,2026-09-26,177,15,34.66,2.00,586.94
Search | Buty do biegania,Damskie,7000000411,Responsive search ad,Average,Sprawdź buty do biegania,Darmowa dostawa od 199 zł,https://www.biegosfera.pl/buty-do-biegania,2026-09-26,91,8,18.49,0.00,0.00
Search | Buty do biegania,Męskie,7000000548,Responsive search ad,Good,Buty do biegania – nowa kolekcja,Darmowa dostawa od 199 zł,https://www.biegosfera.pl/buty-do-biegania,2026-09-26,128,10,20.63,0.00,0.00
Search | Buty do biegania,Męskie,7000000685,Responsive search ad,Average,Sprawdź buty do biegania,Darmowa dostawa od 199 zł,https://www.biegosfera.pl/buty-do-biegania,2026-09-26,95,8,16.51,0.00,0.00
Search | Buty do biegania,Ogólne,7000000822,Responsive search ad,Excellent,Buty do biegania | Darmowa dostawa,Darmowa dostawa od 199 zł,https://www.biegosfera.pl/buty-do-biegania,2026-09-26,941,63,122.43,4.00,"1,347.67"
Search | Buty do biegania,Ogólne,7000000959,Responsive search ad,Poor,Sklep sportowy online,Darmowa dostawa od 199 zł,https://www.biegosfera.pl/buty-do-biegania,2026-09-26,755,23,44.70,0.00,0.00
Search | Buty trailowe,Trail,7000001096,Responsive search ad,Good,Buty trailowe – przyczepność w terenie,Darmowa dostawa od 199 zł,https://www.biegosfera.pl/buty-trailowe,2026-09-26,788,27,54.63,0.00,0.00
Search | Buty trailowe,Trail,7000001233,Responsive search ad,Average,Wyprzedaż butów – do -50%,Darmowa dostawa od 199 zł,https://www.biegosfera.pl/buty-trailowe,2026-09-26,499,26,52.60,1.00,290.19
Search | Konkurencja,Asics,7000001370,Responsive search ad,Good,Buty do biegania – nowa kolekcja,Darmowa dostawa od 199 zł,https://www.biegosfera.pl/buty-do-biegania,2026-09-26,116,5,15.25,0.00,0.00
Search | Konkurencja,Asics,7000001507,Responsive search ad,Average,Sprawdź buty do biegania,Darmowa dostawa od 199 zł,https://www.biegosfera.pl/buty-do-biegania,2026-09-26,74,3,9.15,0.00,0.00
Search | Konkurencja,Hoka,7000001644,Responsive search ad,Good,Buty do biegania – nowa kolekcja,Darmowa dostawa od 199 zł,https://www.biegosfera.pl/buty-do-biegania,2026-09-26,75,2,7.09,0.00,0.00
Search | Konkurencja,Hoka,7000001781,Responsive search ad,Average,Sprawdź buty do biegania,Darmowa dostawa od 199 zł,https://www.biegosfera.pl/buty-do-biegania,2026-09-26,52,0,0.00,0.00,0.00
Search | Konkurencja,Nike,7000001918,Responsive search ad,Good,Buty do biegania – nowa kolekcja,Darmowa dostawa od 199 zł,https://www.biegosfera.pl/buty-do-biegania,2026-09-26,191,12,28.90,0.00,0.00
Search | Konkurencja,Nike,7000002055,Responsive search ad,Average,Sprawdź buty do biegania,Darmowa dostawa od 199 zł,https://www.biegosfera.pl/buty-do-biegania,2026-09-26,126,4,9.64,0.00,0.00
Search | Konkurencja,Ogólne,7000002192,Responsive search ad,Good,Buty do biegania – nowa kolekcja,Darmowa dostawa od 199 zł,https://www.biegosfera.pl/buty-do-biegania,2026-09-26,130,3,7.68,0.00,0.00
Search | Konkurencja,Ogólne,7000002329,Responsive search ad,Average,Sprawdź buty do biegania,Darmowa dostawa od 199 zł,https://www.biegosfera.pl/buty-do-biegania,2026-09-26,89,4,10.24,0.00,0.00
Search | Brand,Brand,7000000000,Responsive search ad,Good,Biegosfera – oficjalny sklep,Darmowa dostawa od 199 zł,https://www.biegosfera.pl/buty-do-biegania,2026-09-27,170,49,48.70,4.00,"1,267.17"
Search | Brand,Brand,7000000137,Responsive search ad,Average,Biegosfera – oficjalny sklep (B),Darmowa dostawa od 199 zł,https://www.biegosfera.pl/buty-do-biegania,2026-09-27,107,26,25.84,1.00,316.79
Search | Buty do biegania,Damskie,7000000274,Responsive search ad,Good,Buty do biegania – nowa kolekcja,Darmowa dostawa od 199 zł,https://www.biegosfera.pl/buty-do-biegania,2026-09-27,147,14,29.22,1.00,417.95
Search | Buty do biegania,Damskie,7000000411,Responsive search ad,Average,Sprawdź buty do biegania,Darmowa dostawa od 199 zł,https://www.biegosfera.pl/buty-do-biegania,2026-09-27,116,5,10.43,0.00,0.00
Search | Buty do biegania,Męskie,7000000548,Responsive search ad,Good,Buty do biegania – nowa kolekcja,Darmowa dostawa od 199 zł,https://www.biegosfera.pl/buty-do-biegania,2026-09-27,113,15,27.50,1.00,369.27
Search | Buty do biegania,Męskie,7000000685,Responsive search ad,Average,Sprawdź buty do biegania,Darmowa dostawa od 199 zł,https://www.biegosfera.pl/buty-do-biegania,2026-09-27,89,7,12.83,0.00,0.00
Search | Buty do biegania,Ogólne,7000000822,Responsive search ad,Excellent,Buty do biegania | Darmowa dostawa,Darmowa dostawa od 199 zł,https://www.biegosfera.pl/buty-do-biegania,2026-09-27,946,68,111.01,4.00,"1,418.14"
Search | Buty do biegania,Ogólne,7000000959,Responsive search ad,Poor,Sklep sportowy online,Darmowa dostawa od 199 zł,https://www.biegosfera.pl/buty-do-biegania,2026-09-27,738,22,35.91,0.00,0.00
Search | Buty trailowe,Trail,7000001096,Responsive search ad,Good,Buty trailowe – przyczepność w terenie,Darmowa dostawa od 199 zł,https://www.biegosfera.pl/buty-trailowe,2026-09-27,748,39,74.83,1.00,266.52
Search | Buty trailowe,Trail,7000001233,Responsive search ad,Average,Wyprzedaż butów – do -50%,Darmowa dostawa od 199 zł,https://www.biegosfera.pl/buty-trailowe,2026-09-27,528,27,51.81,0.00,0.00
Search | Konkurencja,Asics,7000001370,Responsive search ad,Good,Buty do biegania – nowa kolekcja,Darmowa dostawa od 199 zł,https://www.biegosfera.pl/buty-do-biegania,2026-09-27,113,4,12.78,0.00,0.00
Search | Konkurencja,Asics,7000001507,Responsive search ad,Average,Sprawdź buty do biegania,Darmowa dostawa od 199 zł,https://www.biegosfera.pl/buty-do-biegania,2026-09-27,67,2,6.39,0.00,0.00
Search | Konkurencja,Hoka,7000001644,Responsive search ad,Good,Buty do biegania – nowa kolekcja,Darmowa dostawa od 199 zł,https://www.biegosfera.pl/buty-do-biegania,2026-09-27,99,3,10.64,0.00,0.00
Search | Konkurencja,Hoka,7000001781,Responsive search ad,Average,Sprawdź buty do biegania,Darmowa dostawa od 199 zł,https://www.biegosfera.pl/buty-do-biegania,2026-09-27,41,1,3.54,0.00,0.00
Search | Konkurencja,Nike,7000001918,Responsive search ad,Good,Buty do biegania – nowa kolekcja,Darmowa dostawa od 199 zł,https://www.biegosfera.pl/buty-do-biegania,2026-09-27,188,7,19.81,0.00,0.00
Search | Konkurencja,Nike,7000002055,Responsive search ad,Average,Sprawdź buty do biegania,Darmowa dostawa od 199 zł,https://www.biegosfera.pl/buty-do-biegania,2026-09-27,145,1,2.83,0.00,0.00
Search | Konkurencja,Ogólne,7000002192,Responsive search ad,Good,Buty do biegania – nowa kolekcja,Darmowa dostawa od 199 zł,https://www.biegosfera.pl/buty-do-biegania,2026-09-27,150,7,14.57,1.00,386.49
Search | Konkurencja,Ogólne,7000002329,Responsive search ad,Average,Sprawdź buty do biegania,Darmowa dostawa od 199 zł,https://www.biegosfera.pl/buty-do-biegania,2026-09-27,92,2,4.16,0.00,0.00
Search | Brand,Brand,7000000000,Responsive search ad,Good,Biegosfera – oficjalny sklep,Darmowa dostawa od 199 zł,https://www.biegosfera.pl/buty-do-biegania,2026-09-28,175,40,35.61,7.00,"2,964.84"
Search | Brand,Brand,7000000137,Responsive search ad,Average,Biegosfera – oficjalny sklep (B),Darmowa dostawa od 199 zł,https://www.biegosfera.pl/buty-do-biegania,2026-09-28,108,19,16.92,1.00,423.55
Search | Buty do biegania,Damskie,7000000274,Responsive search ad,Good,Buty do biegania – nowa kolekcja,Darmowa dostawa od 199 zł,https://www.biegosfera.pl/buty-do-biegania,2026-09-28,196,21,43.66,1.00,338.48
Search | Buty do biegania,Damskie,7000000411,Responsive search ad,Average,Sprawdź buty do biegania,Darmowa dostawa od 199 zł,https://www.biegosfera.pl/buty-do-biegania,2026-09-28,127,6,12.48,1.00,338.48
Search | Buty do biegania,Męskie,7000000548,Responsive search ad,Good,Buty do biegania – nowa kolekcja,Darmowa dostawa od 199 zł,https://www.biegosfera.pl/buty-do-biegania,2026-09-28,172,7,16.49,0.00,0.00
Search | Buty do biegania,Męskie,7000000685,Responsive search ad,Average,Sprawdź buty do biegania,Darmowa dostawa od 199 zł,https://www.biegosfera.pl/buty-do-biegania,2026-09-28,91,6,14.14,1.00,280.32
Search | Buty do biegania,Ogólne,7000000822,Responsive search ad,Excellent,Buty do biegania | Darmowa dostawa,Darmowa dostawa od 199 zł,https://www.biegosfera.pl/buty-do-biegania,2026-09-28,"1,113",78,148.85,1.00,399.90
Search | Buty do biegania,Ogólne,7000000959,Responsive search ad,Poor,Sklep sportowy online,Darmowa dostawa od 199 zł,https://www.biegosfera.pl/buty-do-biegania,2026-09-28,950,28,53.44,2.00,799.80
Search | Buty trailowe,Trail,7000001096,Responsive search ad,Good,Buty trailowe – przyczepność w terenie,Darmowa dostawa od 199 zł,https://www.biegosfera.pl/buty-trailowe,2026-09-28,890,53,105.91,1.00,367.27
Search | Buty trailowe,Trail,7000001233,Responsive search ad,Average,Wyprzedaż butów – do -50%,Darmowa dostawa od 199 zł,https://www.biegosfera.pl/buty-trailowe,2026-09-28,616,37,73.94,1.00,367.27
Search | Konkurencja,Asics,7000001370,Responsive search ad,Good,Buty do biegania – nowa kolekcja,Darmowa dostawa od 199 zł,https://www.biegosfera.pl/buty-do-biegania,2026-09-28,145,9,31.96,0.00,0.00
Search | Konkurencja,Asics,7000001507,Responsive search ad,Average,Sprawdź buty do biegania,Darmowa dostawa od 199 zł,https://www.biegosfera.pl/buty-do-biegania,2026-09-28,92,4,14.21,0.00,0.00
Search | Konkurencja,Hoka,7000001644,Responsive search ad,Good,Buty do biegania – nowa kolekcja,Darmowa dostawa od 199 zł,https://www.biegosfera.pl/buty-do-biegania,2026-09-28,101,8,30.42,0.00,0.00
Search | Konkurencja,Hoka,7000001781,Responsive search ad,Average,Sprawdź buty do biegania,Darmowa dostawa od 199 zł,https://www.biegosfera.pl/buty-do-biegania,2026-09-28,69,2,7.61,0.00,0.00
Search | Konkurencja,Nike,7000001918,Responsive search ad,Good,Buty do biegania – nowa kolekcja,Darmowa dostawa od 199 zł,https://www.biegosfera.pl/buty-do-biegania,2026-09-28,244,9,26.72,0.00,0.00
Search | Konkurencja,Nike,7000002055,Responsive search ad,Average,Sprawdź buty do biegania,Darmowa dostawa od 199 zł,https://www.biegosfera.pl/buty-do-biegania,2026-09-28,162,4,11.87,0.00,0.00
Search | Konkurencja,Ogólne,7000002192,Responsive search ad,Good,Buty do biegania – nowa kolekcja,Darmowa dostawa od 199 zł,https://www.biegosfera.pl/buty-do-biegania,2026-09-28,175,6,15.25,0.00,0.00
Search | Konkurencja,Ogólne,7000002329,Responsive search ad,Average,Sprawdź buty do biegania,Darmowa dostawa od 199 zł,https://www.biegosfera.pl/buty-do-biegania,2026-09-28,118,4,10.17,0.00,0.00
Search | Brand,Brand,7000000000,Responsive search ad,Good,Biegosfera – oficjalny sklep,Darmowa dostawa od 199 zł,https://www.biegosfera.pl/buty-do-biegania,2026-09-29,174,49,43.43,5.00,"1,764.15"
Search | Brand,Brand,7000000137,Responsive search ad,Average,Biegosfera – oficjalny sklep (B),Darmowa dostawa od 199 zł,https://www.biegosfera.pl/buty-do-biegania,2026-09-29,113,12,10.64,1.00,352.83
Search | Buty do biegania,Damskie,7000000274,Responsive search ad,Good,Buty do biegania – nowa kolekcja,Darmowa dostawa od 199 zł,https://www.biegosfera.pl/buty-do-biegania,2026-09-29,216,18,31.43,0.00,0.00
Search | Buty do biegania,Damskie,7000000411,Responsive search ad,Average,Sprawdź buty do biegania,Darmowa dostawa od 199 zł,https://www.biegosfera.pl/buty-do-biegania,2026-09-29,116,9,15.72,1.00,411.63
Search | Buty do biegania,Męskie,7000000548,Responsive search ad,Good,Buty do biegania – nowa kolekcja,Darmowa dostawa od 199 zł,https://www.biegosfera.pl/buty-do-biegania,2026-09-29,148,12,22.78,0.00,0.00
Search | Buty do biegania,Męskie,7000000685,Responsive search ad,Average,Sprawdź buty do biegania,Darmowa dostawa od 199 zł,https://www.biegosfera.pl/buty-do-biegania,2026-09-29,102,5,9.49,0.00,0.00
Search | Buty do biegania,Ogólne,7000000822,Responsive search ad,Excellent,Buty do biegania | Darmowa dostawa,Darmowa dostawa od 199 zł,https://www.biegosfera.pl/buty-do-biegania,2026-09-29,"1,174",76,145.34,0.00,0.00
Search | Buty do biegania,Ogólne,7000000959,Responsive search ad,Poor,Sklep sportowy online,Darmowa dostawa od 199 zł,https://www.biegosfera.pl/buty-do-biegania,2026-09-29,949,26,49.72,0.00,0.00
Search | Buty trailowe,Trail,7000001096,Responsive search ad,Good,Buty trailowe – przyczepność w terenie,Darmowa dostawa od 199 zł,https://www.biegosfera.pl/buty-trailowe,2026-09-29,946,42,90.00,0.00,0.00
Search | Buty trailowe,Trail,7000001233,Responsive search ad,Average,Wyprzedaż butów – do -50%,Darmowa dostawa od 199 zł,https://www.biegosfera.pl/buty-trailowe,2026-09-29,589,20,42.86,1.00,423.38
Search | Konkurencja,Asics,7000001370,Responsive search ad,Good,Buty do biegania – nowa kolekcja,Darmowa dostawa od 199 zł,https://www.biegosfera.pl/buty-do-biegania,2026-09-29,115,4,11.18,0.00,0.00
Search | Konkurencja,Asics,7000001507,Responsive search ad,Average,Sprawdź buty do biegania,Darmowa dostawa od 199 zł,https://www.biegosfera.pl/buty-do-biegania,2026-09-29,78,0,0.00,0.00,0.00
Search | Konkurencja,Hoka,7000001644,Responsive search ad,Good,Buty do biegania – nowa kolekcja,Darmowa dostawa od 199 zł,https://www.biegosfera.pl/buty-do-biegania,2026-09-29,101,4,14.90,0.00,0.00
Search | Konkurencja,Hoka,7000001781,Responsive search ad,Average,Sprawdź buty do biegania,Darmowa dostawa od 199 zł,https://www.biegosfera.pl/buty-do-biegania,2026-09-29,68,1,3.72,0.00,0.00
Search | Konkurencja,Nike,7000001918,Responsive search ad,Good,Buty do biegania – nowa kolekcja,Darmowa dostawa od 199 zł,https://www.biegosfera.pl/buty-do-biegania,2026-09-29,254,9,24.40,1.00,404.84
Search | Konkurencja,Nike,7000002055,Responsive search ad,Average,Sprawdź buty do biegania,Darmowa dostawa od 199 zł,https://www.biegosfera.pl/buty-do-biegania,2026-09-29,155,5,13.55,0.00,0.00
Search | Konkurencja,Ogólne,7000002192,Responsive search ad,Good,Buty do biegania – nowa kolekcja,Darmowa dostawa od 199 zł,https://www.biegosfera.pl/buty-do-biegania,2026-09-29,185,7,15.91,0.00,0.00
Search | Konkurencja,Ogólne,7000002329,Responsive search ad,Average,Sprawdź buty do biegania,Darmowa dostawa od 199 zł,https://www.biegosfera.pl/buty-do-biegania,2026-09-29,142,0,0.00,0.00,0.00
Search | Brand,Brand,7000000000,Responsive search ad,Good,Biegosfera – oficjalny sklep,Darmowa dostawa od 199 zł,https://www.biegosfera.pl/buty-do-biegania,2026-09-30,180,52,49.86,6.00,"2,456.16"
Search | Brand,Brand,7000000137,Responsive search ad,Average,Biegosfera – oficjalny sklep (B),Darmowa dostawa od 199 zł,https://www.biegosfera.pl/buty-do-biegania,2026-09-30,130,31,29.72,0.00,0.00
Search | Buty do biegania,Damskie,7000000274,Responsive search ad,Good,Buty do biegania – nowa kolekcja,Darmowa dostawa od 199 zł,https://www.biegosfera.pl/buty-do-biegania,2026-09-30,187,16,29.69,0.00,0.00
Search | Buty do biegania,Damskie,7000000411,Responsive search ad,Average,Sprawdź buty do biegania,Darmowa dostawa od 199 zł,https://www.biegosfera.pl/buty-do-biegania,2026-09-30,131,5,9.28,0.00,0.00
Search | Buty do biegania,Męskie,7000000548,Responsive search ad,Good,Buty do biegania – nowa kolekcja,Darmowa dostawa od 199 zł,https://www.biegosfera.pl/buty-do-biegania,2026-09-30,148,9,18.75,0.00,0.00
Search | Buty do biegania,Męskie,7000000685,Responsive search ad,Average,Sprawdź buty do biegania,Darmowa dostawa od 199 zł,https://www.biegosfera.pl/buty-do-biegania,2026-09-30,109,8,16.66,0.00,0.00
Search | Buty do biegania,Ogólne,7000000822,Responsive search ad,Excellent,Buty do biegania | Darmowa dostawa,Darmowa dostawa od 199 zł,https://www.biegosfera.pl/buty-do-biegania,2026-09-30,"1,111",75,135.73,2.00,801.75
Search | Buty do biegania,Ogólne,7000000959,Responsive search ad,Poor,Sklep sportowy online,Darmowa dostawa od 199 zł,https://www.biegosfera.pl/buty-do-biegania,2026-09-30,900,30,54.29,1.00,400.87
Search | Buty trailowe,Trail,7000001096,Responsive search ad,Good,Buty trailowe – przyczepność w terenie,Darmowa dostawa od 199 zł,https://www.biegosfera.pl/buty-trailowe,2026-09-30,859,46,93.52,0.00,0.00
Search | Buty trailowe,Trail,7000001233,Responsive search ad,Average,Wyprzedaż butów – do -50%,Darmowa dostawa od 199 zł,https://www.biegosfera.pl/buty-trailowe,2026-09-30,601,21,42.70,0.00,0.00
Search | Konkurencja,Asics,7000001370,Responsive search ad,Good,Buty do biegania – nowa kolekcja,Darmowa dostawa od 199 zł,https://www.biegosfera.pl/buty-do-biegania,2026-09-30,136,8,21.83,0.00,0.00
Search | Konkurencja,Asics,7000001507,Responsive search ad,Average,Sprawdź buty do biegania,Darmowa dostawa od 199 zł,https://www.biegosfera.pl/buty-do-biegania,2026-09-30,100,2,5.46,0.00,0.00
Search | Konkurencja,Hoka,7000001644,Responsive search ad,Good,Buty do biegania – nowa kolekcja,Darmowa dostawa od 199 zł,https://www.biegosfera.pl/buty-do-biegania,2026-09-30,91,1,2.85,0.00,0.00
Search | Konkurencja,Hoka,7000001781,Responsive search ad,Average,Sprawdź buty do biegania,Darmowa dostawa od 199 zł,https://www.biegosfera.pl/buty-do-biegania,2026-09-30,68,3,8.54,0.00,0.00
Search | Konkurencja,Nike,7000001918,Responsive search ad,Good,Buty do biegania – nowa kolekcja,Darmowa dostawa od 199 zł,https://www.biegosfera.pl/buty-do-biegania,2026-09-30,253,9,25.91,0.00,0.00
Search | Konkurencja,Nike,7000002055,Responsive search ad,Average,Sprawdź buty do biegania,Darmowa dostawa od 199 zł,https://www.biegosfera.pl/buty-do-biegania,2026-09-30,160,4,11.51,0.00,0.00
Search | Konkurencja,Ogólne,7000002192,Responsive search ad,Good,Buty do biegania – nowa kolekcja,Darmowa dostawa od 199 zł,https://www.biegosfera.pl/buty-do-biegania,2026-09-30,183,9,20.93,1.00,346.29
Search | Konkurencja,Ogólne,7000002329,Responsive search ad,Average,Sprawdź buty do biegania,Darmowa dostawa od 199 zł,https://www.biegosfera.pl/buty-do-biegania,2026-09-30,124,1,2.33,0.00,0.00
