Dzień,Słowo kluczowe,Typ dopasowania,Kampania,Grupa reklam,Stan słowa kluczowego,Wyświetlenia,Kliknięcia,Koszt,Konwersje,Wartość konw.,Wynik jakości,Oczekiwany CTR,Trafność reklamy,Jakość strony docelowej,Udział w wyświetleniach w sieci wyszukiwania,Utracony udział w wyświetleniach w sieci wyszukiwania (ranking)
2026-08-02,biegosfera,Dopasowanie ścisłe,Search | Brand,Brand,Kwalifikujące się,227,55,"50,59","5,00","1 512,71",10,Powyżej średniej,Powyżej średniej,Powyżej średniej,"82,64%","4,91%"
2026-08-02,buty do biegania damskie,Dopasowanie ścisłe,Search | Buty do biegania,Damskie,Kwalifikujące się,248,16,"34,24","0,00","0,00",7,Powyżej średniej,Średnia,Średnia,"57,54%","27,61%"
2026-08-02,buty do biegania męskie,Dopasowanie ścisłe,Search | Buty do biegania,Męskie,Kwalifikujące się,188,14,"31,18","0,00","0,00",7,Powyżej średniej,Średnia,Średnia,"53,50%","28,04%"
2026-08-02,buty do biegania,Dopasowanie do wyrażenia,Search | Buty do biegania,Ogólne,Kwalifikujące się,1 396,80,"159,63","0,00","0,00",5,Średnia,Średnia,Poniżej średniej,"47,09%","47,46%"
2026-08-02,buty do biegania w terenie,Dopasowanie do wyrażenia,Search | Buty trailowe,Trail,Kwalifikujące się,395,19,"30,72","0,00","0,00",3,Poniżej średniej,Poniżej średniej,Średnia,"22,27%","58,99%"
2026-08-02,buty trailowe,Dopasowanie ścisłe,Search | Buty trailowe,Trail,Kwalifikujące się,491,27,"55,04","2,00","607,45",6,Średnia,Powyżej średniej,Średnia,"38,15%","34,82%"
2026-08-02,asics gel nimbus,Dopasowanie ścisłe,Search | Konkurencja,Asics,Kwalifikujące się,138,7,"24,15","0,00","0,00",4,Średnia,Poniżej średniej,Średnia,"20,53%","75,42%"
2026-08-02,hoka clifton,Dopasowanie ścisłe,Search | Konkurencja,Hoka,Kwalifikujące się,119,2,"6,06","0,00","0,00",4,Poniżej średniej,Średnia,Średnia,"18,03%","74,92%"
2026-08-02,nike pegasus,Dopasowanie ścisłe,Search | Konkurencja,Nike,Kwalifikujące się,282,17,"45,91","1,00","308,57",3,Poniżej średniej,Poniżej średniej,Średnia,"15,14%","81,47%"
2026-08-02,buty do biegania sklep,Dopasowanie przybliżone,Search | Konkurencja,Ogólne,Kwalifikujące się,197,11,"25,69","0,00","0,00",6,Średnia,Średnia,Średnia,"29,63%","47,85%"
2026-08-03,biegosfera,Dopasowanie ścisłe,Search | Brand,Brand,Kwalifikujące się,240,49,"44,47","5,00","1 801,03",10,Powyżej średniej,Powyżej średniej,Powyżej średniej,"84,12%","5,89%"
2026-08-03,buty do biegania damskie,Dopasowanie ścisłe,Search | Buty do biegania,Damskie,Kwalifikujące się,273,16,"36,19","0,00","0,00",7,Powyżej średniej,Średnia,Średnia,"56,50%","27,70%"
2026-08-03,buty do biegania męskie,Dopasowanie ścisłe,Search | Buty do biegania,Męskie,Kwalifikujące się,187,16,"43,23","1,00","400,76",7,Powyżej średniej,Średnia,Średnia,"56,85%","28,87%"
2026-08-03,buty do biegania,Dopasowanie do wyrażenia,Search | Buty do biegania,Ogólne,Kwalifikujące się,1 718,85,"160,99","0,00","0,00",5,Średnia,Średnia,Poniżej średniej,"46,69%","42,08%"
2026-08-03,buty do biegania w terenie,Dopasowanie do wyrażenia,Search | Buty trailowe,Trail,Kwalifikujące się,457,18,"32,63","0,00","0,00",3,Poniżej średniej,Poniżej średniej,Średnia,"27,23%","57,97%"
2026-08-03,buty trailowe,Dopasowanie ścisłe,Search | Buty trailowe,Trail,Kwalifikujące się,579,39,"83,51","4,00","1 356,14",6,Średnia,Powyżej średniej,Średnia,"39,73%","35,97%"
2026-08-03,asics gel nimbus,Dopasowanie ścisłe,Search | Konkurencja,Asics,Kwalifikujące się,205,12,"40,87","0,00","0,00",4,Średnia,Poniżej średniej,Średnia,"18,05%","75,99%"
2026-08-03,hoka clifton,Dopasowanie ścisłe,Search | Konkurencja,Hoka,Kwalifikujące się,125,8,"28,61","1,00","284,02",4,Poniżej średniej,Średnia,Średnia,"17,83%","73,71%"
2026-08-03,nike pegasus,Dopasowanie ścisłe,Search | Konkurencja,Nike,Kwalifikujące się,323,10,"33,47","0,00","0,00",3,Poniżej średniej,Poniżej średniej,Średnia,"12,31%","78,30%"
2026-08-03,buty do biegania sklep,Dopasowanie przybliżone,Search | Konkurencja,Ogólne,Kwalifikujące się,252,11,"25,75","1,00","387,69",6,Średnia,Średnia,Średnia,"27,78%","49,79%"
2026-08-04,biegosfera,Dopasowanie ścisłe,Search | Brand,Brand,Kwalifikujące się,235,69,"62,12","4,00","1 372,20",10,Powyżej średniej,Powyżej średniej,Powyżej średniej,"84,14%","3,52%"
2026-08-04,buty do biegania damskie,Dopasowanie ścisłe,Search | Buty do biegania,Damskie,Kwalifikujące się,259,20,"33,98","1,00","415,17",7,Powyżej średniej,Średnia,Średnia,"53,69%","27,20%"
2026-08-04,buty do biegania męskie,Dopasowanie ścisłe,Search | Buty do biegania,Męskie,Kwalifikujące się,210,15,"28,40","0,00","0,00",7,Powyżej średniej,Średnia,Średnia,"53,99%","31,53%"
2026-08-04,buty do biegania,Dopasowanie do wyrażenia,Search | Buty do biegania,Ogólne,Kwalifikujące się,1 645,93,"164,86","2,00","768,38",5,Średnia,Średnia,Poniżej średniej,"43,54%","44,43%"
2026-08-04,buty do biegania w terenie,Dopasowanie do wyrażenia,Search | Buty trailowe,Trail,Kwalifikujące się,449,16,"28,22","0,00","0,00",3,Poniżej średniej,Poniżej średniej,Średnia,"26,53%","59,44%"
2026-08-04,buty trailowe,Dopasowanie ścisłe,Search | Buty trailowe,Trail,Kwalifikujące się,630,34,"72,06","1,00","264,16",6,Średnia,Powyżej średniej,Średnia,"42,32%","37,51%"
2026-08-04,asics gel nimbus,Dopasowanie ścisłe,Search | Konkurencja,Asics,Kwalifikujące się,173,6,"18,54","2,00","772,13",4,Średnia,Poniżej średniej,Średnia,"16,86%","79,42%"
2026-08-04,hoka clifton,Dopasowanie ścisłe,Search | Konkurencja,Hoka,Kwalifikujące się,144,12,"40,75","0,00","0,00",4,Poniżej średniej,Średnia,Średnia,"18,52%","72,84%"
2026-08-04,nike pegasus,Dopasowanie ścisłe,Search | Konkurencja,Nike,Kwalifikujące się,325,10,"24,96","0,00","0,00",3,Poniżej średniej,Poniżej średniej,Średnia,"14,63%","80,61%"
2026-08-04,buty do biegania sklep,Dopasowanie przybliżone,Search | Konkurencja,Ogólne,Kwalifikujące się,214,10,"28,12","0,00","0,00",6,Średnia,Średnia,Średnia,"32,61%","47,88%"
2026-08-05,biegosfera,Dopasowanie ścisłe,Search | Brand,Brand,Kwalifikujące się,261,57,"47,67","4,00","1 734,60",10,Powyżej średniej,Powyżej średniej,Powyżej średniej,"86,27%","2,85%"
2026-08-05,buty do biegania damskie,Dopasowanie ścisłe,Search | Buty do biegania,Damskie,Kwalifikujące się,295,21,"45,85","0,00","0,00",7,Powyżej średniej,Średnia,Średnia,"52,79%","32,84%"
2026-08-05,buty do biegania męskie,Dopasowanie ścisłe,Search | Buty do biegania,Męskie,Kwalifikujące się,201,9,"17,24","0,00","0,00",7,Powyżej średniej,Średnia,Średnia,"56,17%","27,77%"
2026-08-05,buty do biegania,Dopasowanie do wyrażenia,Search | Buty do biegania,Ogólne,Kwalifikujące się,1 723,85,"165,94","2,00","631,42",5,Średnia,Średnia,Poniżej średniej,"47,43%","42,62%"
2026-08-05,buty do biegania w terenie,Dopasowanie do wyrażenia,Search | Buty trailowe,Trail,Kwalifikujące się,446,17,"34,09","0,00","0,00",3,Poniżej średniej,Poniżej średniej,Średnia,"22,56%","58,99%"
2026-08-05,buty trailowe,Dopasowanie ścisłe,Search | Buty trailowe,Trail,Kwalifikujące się,607,42,"84,43","1,00","325,88",6,Średnia,Powyżej średniej,Średnia,"42,63%","32,20%"
2026-08-05,asics gel nimbus,Dopasowanie ścisłe,Search | Konkurencja,Asics,Kwalifikujące się,150,12,"38,20","0,00","0,00",4,Średnia,Poniżej średniej,Średnia,"20,51%","78,67%"
2026-08-05,hoka clifton,Dopasowanie ścisłe,Search | Konkurencja,Hoka,Kwalifikujące się,133,9,"35,21","1,00","439,11",4,Poniżej średniej,Średnia,Średnia,"17,40%","75,41%"
2026-08-05,nike pegasus,Dopasowanie ścisłe,Search | Konkurencja,Nike,Kwalifikujące się,322,12,"30,87","0,00","0,00",3,Poniżej średniej,Poniżej średniej,Średnia,"14,75%","80,38%"
2026-08-05,buty do biegania sklep,Dopasowanie przybliżone,Search | Konkurencja,Ogólne,Kwalifikujące się,231,10,"23,31","0,00","0,00",6,Średnia,Średnia,Średnia,"31,42%","51,07%"
2026-08-06,biegosfera,Dopasowanie ścisłe,Search | Brand,Brand,Kwalifikujące się,254,69,"55,96","10,00","3 719,35",10,Powyżej średniej,Powyżej średniej,Powyżej średniej,"87,98%","0,94%"
2026-08-06,buty do biegania damskie,Dopasowanie ścisłe,Search | Buty do biegania,Damskie,Kwalifikujące się,276,10,"22,37","0,00","0,00",7,Powyżej średniej,Średnia,Średnia,"56,88%","29,47%"
2026-08-06,buty do biegania męskie,Dopasowanie ścisłe,Search | Buty do biegania,Męskie,Kwalifikujące się,226,11,"25,67","0,00","0,00",7,Powyżej średniej,Średnia,Średnia,"56,70%","32,35%"
2026-08-06,buty do biegania,Dopasowanie do wyrażenia,Search | Buty do biegania,Ogólne,Kwalifikujące się,1 672,89,"180,36","4,00","1 507,27",5,Średnia,Średnia,Poniżej średniej,"47,95%","43,60%"
2026-08-06,buty do biegania w terenie,Dopasowanie do wyrażenia,Search | Buty trailowe,Trail,Kwalifikujące się,472,16,"29,62","0,00","0,00",3,Poniżej średniej,Poniżej średniej,Średnia,"24,72%","62,66%"
2026-08-06,buty trailowe,Dopasowanie ścisłe,Search | Buty trailowe,Trail,Kwalifikujące się,591,43,"96,08","0,00","0,00",6,Średnia,Powyżej średniej,Średnia,"42,67%","34,24%"
2026-08-06,asics gel nimbus,Dopasowanie ścisłe,Search | Konkurencja,Asics,Kwalifikujące się,180,11,"36,98","0,00","0,00",4,Średnia,Poniżej średniej,Średnia,"20,64%","77,44%"
2026-08-06,hoka clifton,Dopasowanie ścisłe,Search | Konkurencja,Hoka,Kwalifikujące się,128,4,"11,72","0,00","0,00",4,Poniżej średniej,Średnia,Średnia,"19,25%","76,54%"
2026-08-06,nike pegasus,Dopasowanie ścisłe,Search | Konkurencja,Nike,Kwalifikujące się,288,9,"30,26","0,00","0,00",3,Poniżej średniej,Poniżej średniej,Średnia,"14,83%","79,69%"
2026-08-06,buty do biegania sklep,Dopasowanie przybliżone,Search | Konkurencja,Ogólne,Kwalifikujące się,221,8,"19,58","1,00","408,92",6,Średnia,Średnia,Średnia,"29,32%","49,60%"
2026-08-07,biegosfera,Dopasowanie ścisłe,Search | Brand,Brand,Kwalifikujące się,244,62,"61,29","7,00","2 158,74",10,Powyżej średniej,Powyżej średniej,Powyżej średniej,"82,84%","0,37%"
2026-08-07,buty do biegania damskie,Dopasowanie ścisłe,Search | Buty do biegania,Damskie,Kwalifikujące się,255,17,"34,61","1,00","428,44",7,Powyżej średniej,Średnia,Średnia,"56,52%","30,39%"
2026-08-07,buty do biegania męskie,Dopasowanie ścisłe,Search | Buty do biegania,Męskie,Kwalifikujące się,208,9,"17,68","1,00","314,91",7,Powyżej średniej,Średnia,Średnia,"56,03%","31,81%"
2026-08-07,buty do biegania,Dopasowanie do wyrażenia,Search | Buty do biegania,Ogólne,Kwalifikujące się,1 718,75,"141,55","2,00","532,25",5,Średnia,Średnia,Poniżej średniej,"43,38%","43,40%"
2026-08-07,buty do biegania w terenie,Dopasowanie do wyrażenia,Search | Buty trailowe,Trail,Kwalifikujące się,474,21,"43,84","1,00","290,08",3,Poniżej średniej,Poniżej średniej,Średnia,"23,67%","58,82%"
2026-08-07,buty trailowe,Dopasowanie ścisłe,Search | Buty trailowe,Trail,Kwalifikujące się,633,35,"64,46","2,00","661,93",6,Średnia,Powyżej średniej,Średnia,"41,56%","34,25%"
2026-08-07,asics gel nimbus,Dopasowanie ścisłe,Search | Konkurencja,Asics,Kwalifikujące się,230,13,"44,79","0,00","0,00",4,Średnia,Poniżej średniej,Średnia,"16,94%","78,82%"
2026-08-07,hoka clifton,Dopasowanie ścisłe,Search | Konkurencja,Hoka,Kwalifikujące się,140,8,"32,57","1,00","262,55",4,Poniżej średniej,Średnia,Średnia,"18,12%","72,64%"
2026-08-07,nike pegasus,Dopasowanie ścisłe,Search | Konkurencja,Nike,Kwalifikujące się,338,10,"29,68","0,00","0,00",3,Poniżej średniej,Poniżej średniej,Średnia,"16,18%","81,54%"
2026-08-07,buty do biegania sklep,Dopasowanie przybliżone,Search | Konkurencja,Ogólne,Kwalifikujące się,264,13,"28,47","0,00","0,00",6,Średnia,Średnia,Średnia,"28,78%","50,82%"
2026-08-08,biegosfera,Dopasowanie ścisłe,Search | Brand,Brand,Kwalifikujące się,229,48,"37,76","3,00","1 015,25",10,Powyżej średniej,Powyżej średniej,Powyżej średniej,"82,20%","2,43%"
2026-08-08,buty do biegania damskie,Dopasowanie ścisłe,Search | Buty do biegania,Damskie,Kwalifikujące się,228,17,"32,53","2,00","625,40",7,Powyżej średniej,Średnia,Średnia,"55,47%","28,52%"
2026-08-08,buty do biegania męskie,Dopasowanie ścisłe,Search | Buty do biegania,Męskie,Kwalifikujące się,218,9,"20,03","0,00","0,00",7,Powyżej średniej,Średnia,Średnia,"54,09%","30,66%"
2026-08-08,buty do biegania,Dopasowanie do wyrażenia,Search | Buty do biegania,Ogólne,Kwalifikujące się,1 474,85,"162,88","2,00","687,86",5,Średnia,Średnia,Poniżej średniej,"45,54%","42,93%"
2026-08-08,buty do biegania w terenie,Dopasowanie do wyrażenia,Search | Buty trailowe,Trail,Kwalifikujące się,392,11,"16,07","0,00","0,00",3,Poniżej średniej,Poniżej średniej,Średnia,"26,24%","57,48%"
2026-08-08,buty trailowe,Dopasowanie ścisłe,Search | Buty trailowe,Trail,Kwalifikujące się,498,33,"73,76","3,00","1 197,93",6,Średnia,Powyżej średniej,Średnia,"42,82%","33,21%"
2026-08-08,asics gel nimbus,Dopasowanie ścisłe,Search | Konkurencja,Asics,Kwalifikujące się,152,5,"12,03","0,00","0,00",4,Średnia,Poniżej średniej,Średnia,"16,52%","76,20%"
2026-08-08,hoka clifton,Dopasowanie ścisłe,Search | Konkurencja,Hoka,Kwalifikujące się,93,5,"19,11","0,00","0,00",4,Poniżej średniej,Średnia,Średnia,"22,95%","73,72%"
2026-08-08,nike pegasus,Dopasowanie ścisłe,Search | Konkurencja,Nike,Kwalifikujące się,266,10,"27,00","0,00","0,00",3,Poniżej średniej,Poniżej średniej,Średnia,"15,63%","82,94%"
2026-08-08,buty do biegania sklep,Dopasowanie przybliżone,Search | Konkurencja,Ogólne,Kwalifikujące się,217,8,"20,31","2,00","664,03",6,Średnia,Średnia,Średnia,"32,70%","47,25%"
2026-08-09,biegosfera,Dopasowanie ścisłe,Search | Brand,Brand,Kwalifikujące się,220,63,"52,41","5,00","1 830,69",10,Powyżej średniej,Powyżej średniej,Powyżej średniej,"85,13%","3,61%"
2026-08-09,buty do biegania damskie,Dopasowanie ścisłe,Search | Buty do biegania,Damskie,Kwalifikujące się,251,27,"49,22","1,00","418,73",7,Powyżej średniej,Średnia,Średnia,"56,21%","29,02%"
2026-08-09,buty do biegania męskie,Dopasowanie ścisłe,Search | Buty do biegania,Męskie,Kwalifikujące się,179,11,"28,11","1,00","311,35",7,Powyżej średniej,Średnia,Średnia,"53,97%","27,03%"
2026-08-09,buty do biegania,Dopasowanie do wyrażenia,Search | Buty do biegania,Ogólne,Kwalifikujące się,1 494,77,"147,33","1,00","434,64",5,Średnia,Średnia,Poniżej średniej,"42,21%","45,30%"
2026-08-09,buty do biegania w terenie,Dopasowanie do wyrażenia,Search | Buty trailowe,Trail,Kwalifikujące się,399,19,"32,01","0,00","0,00",3,Poniżej średniej,Poniżej średniej,Średnia,"22,46%","58,21%"
2026-08-09,buty trailowe,Dopasowanie ścisłe,Search | Buty trailowe,Trail,Kwalifikujące się,473,27,"62,73","0,00","0,00",6,Średnia,Powyżej średniej,Średnia,"39,00%","32,42%"
2026-08-09,asics gel nimbus,Dopasowanie ścisłe,Search | Konkurencja,Asics,Kwalifikujące się,143,6,"19,02","0,00","0,00",4,Średnia,Poniżej średniej,Średnia,"15,19%","80,56%"
2026-08-09,hoka clifton,Dopasowanie ścisłe,Search | Konkurencja,Hoka,Kwalifikujące się,113,6,"22,49","0,00","0,00",4,Poniżej średniej,Średnia,Średnia,"19,61%","73,23%"
2026-08-09,nike pegasus,Dopasowanie ścisłe,Search | Konkurencja,Nike,Kwalifikujące się,303,7,"19,61","1,00","424,44",3,Poniżej średniej,Poniżej średniej,Średnia,"16,25%","77,06%"
2026-08-09,buty do biegania sklep,Dopasowanie przybliżone,Search | Konkurencja,Ogólne,Kwalifikujące się,200,10,"27,87","0,00","0,00",6,Średnia,Średnia,Średnia,"28,47%","52,76%"
2026-08-10,biegosfera,Dopasowanie ścisłe,Search | Brand,Brand,Kwalifikujące się,264,72,"53,17","4,00","1 103,69",10,Powyżej średniej,Powyżej średniej,Powyżej średniej,"87,39%","3,82%"
2026-08-10,buty do biegania damskie,Dopasowanie ścisłe,Search | Buty do biegania,Damskie,Kwalifikujące się,281,14,"24,90","0,00","0,00",7,Powyżej średniej,Średnia,Średnia,"52,56%","28,91%"
2026-08-10,buty do biegania męskie,Dopasowanie ścisłe,Search | Buty do biegania,Męskie,Kwalifikujące się,205,17,"34,43","2,00","516,68",7,Powyżej średniej,Średnia,Średnia,"52,17%","28,32%"
2026-08-10,buty do biegania,Dopasowanie do wyrażenia,Search | Buty do biegania,Ogólne,Kwalifikujące się,1 665,100,"200,49","1,00","343,35",5,Średnia,Średnia,Poniżej średniej,"42,15%","42,76%"
2026-08-10,buty do biegania w terenie,Dopasowanie do wyrażenia,Search | Buty trailowe,Trail,Kwalifikujące się,460,13,"23,20","1,00","258,04",3,Poniżej średniej,Poniżej średniej,Średnia,"25,80%","57,60%"
2026-08-10,buty trailowe,Dopasowanie ścisłe,Search | Buty trailowe,Trail,Kwalifikujące się,563,26,"58,95","3,00","862,13",6,Średnia,Powyżej średniej,Średnia,"37,93%","37,42%"
2026-08-10,asics gel nimbus,Dopasowanie ścisłe,Search | Konkurencja,Asics,Kwalifikujące się,184,12,"37,04","0,00","0,00",4,Średnia,Poniżej średniej,Średnia,"17,01%","77,00%"
2026-08-10,hoka clifton,Dopasowanie ścisłe,Search | Konkurencja,Hoka,Kwalifikujące się,139,7,"20,22","0,00","0,00",4,Poniżej średniej,Średnia,Średnia,"17,52%","76,78%"
2026-08-10,nike pegasus,Dopasowanie ścisłe,Search | Konkurencja,Nike,Kwalifikujące się,306,9,"25,73","0,00","0,00",3,Poniżej średniej,Poniżej średniej,Średnia,"16,06%","80,28%"
2026-08-10,buty do biegania sklep,Dopasowanie przybliżone,Search | Konkurencja,Ogólne,Kwalifikujące się,227,14,"35,69","0,00","0,00",6,Średnia,Średnia,Średnia,"30,71%","47,60%"
2026-08-11,biegosfera,Dopasowanie ścisłe,Search | Brand,Brand,Kwalifikujące się,270,63,"49,74","9,00","3 559,71",10,Powyżej średniej,Powyżej średniej,Powyżej średniej,"83,56%","3,50%"
2026-08-11,buty do biegania damskie,Dopasowanie ścisłe,Search | Buty do biegania,Damskie,Kwalifikujące się,315,23,"51,73","2,00","681,43",7,Powyżej średniej,Średnia,Średnia,"57,71%","31,90%"
2026-08-11,buty do biegania męskie,Dopasowanie ścisłe,Search | Buty do biegania,Męskie,Kwalifikujące się,229,14,"29,09","1,00","277,19",7,Powyżej średniej,Średnia,Średnia,"55,84%","30,11%"
2026-08-11,buty do biegania,Dopasowanie do wyrażenia,Search | Buty do biegania,Ogólne,Kwalifikujące się,1 768,73,"153,01","2,00","736,45",5,Średnia,Średnia,Poniżej średniej,"42,09%","47,34%"
2026-08-11,buty do biegania w terenie,Dopasowanie do wyrażenia,Search | Buty trailowe,Trail,Kwalifikujące się,458,12,"22,18","1,00","387,43",3,Poniżej średniej,Poniżej średniej,Średnia,"22,40%","57,77%"
2026-08-11,buty trailowe,Dopasowanie ścisłe,Search | Buty trailowe,Trail,Kwalifikujące się,648,39,"74,73","2,00","752,50",6,Średnia,Powyżej średniej,Średnia,"41,16%","36,87%"
2026-08-11,asics gel nimbus,Dopasowanie ścisłe,Search | Konkurencja,Asics,Kwalifikujące się,186,8,"27,14","0,00","0,00",4,Średnia,Poniżej średniej,Średnia,"19,72%","77,71%"
2026-08-11,hoka clifton,Dopasowanie ścisłe,Search | Konkurencja,Hoka,Kwalifikujące się,152,7,"24,44","0,00","0,00",4,Poniżej średniej,Średnia,Średnia,"18,06%","72,21%"
2026-08-11,nike pegasus,Dopasowanie ścisłe,Search | Konkurencja,Nike,Kwalifikujące się,298,20,"54,11","0,00","0,00",3,Poniżej średniej,Poniżej średniej,Średnia,"17,11%","82,87%"
2026-08-11,buty do biegania sklep,Dopasowanie przybliżone,Search | Konkurencja,Ogólne,Kwalifikujące się,237,7,"16,77","0,00","0,00",6,Średnia,Średnia,Średnia,"28,46%","52,20%"
2026-08-12,biegosfera,Dopasowanie ścisłe,Search | Brand,Brand,Kwalifikujące się,273,71,"64,13","4,00","1 357,97",10,Powyżej średniej,Powyżej średniej,Powyżej średniej,"84,42%","1,87%"
2026-08-12,buty do biegania damskie,Dopasowanie ścisłe,Search | Buty do biegania,Damskie,Kwalifikujące się,255,21,"45,16","1,00","389,33",7,Powyżej średniej,Średnia,Średnia,"55,03%","27,05%"
2026-08-12,buty do biegania męskie,Dopasowanie ścisłe,Search | Buty do biegania,Męskie,Kwalifikujące się,238,17,"43,93","2,00","809,46",7,Powyżej średniej,Średnia,Średnia,"54,66%","28,20%"
2026-08-12,buty do biegania,Dopasowanie do wyrażenia,Search | Buty do biegania,Ogólne,Kwalifikujące się,1 785,91,"158,37","4,00","1 518,90",5,Średnia,Średnia,Poniżej średniej,"46,27%","45,02%"
2026-08-12,buty do biegania w terenie,Dopasowanie do wyrażenia,Search | Buty trailowe,Trail,Kwalifikujące się,525,23,"41,47","0,00","0,00",3,Poniżej średniej,Poniżej średniej,Średnia,"27,21%","62,38%"
2026-08-12,buty trailowe,Dopasowanie ścisłe,Search | Buty trailowe,Trail,Kwalifikujące się,575,29,"61,49","2,00","608,79",6,Średnia,Powyżej średniej,Średnia,"38,90%","33,68%"
2026-08-12,asics gel nimbus,Dopasowanie ścisłe,Search | Konkurencja,Asics,Kwalifikujące się,189,12,"36,65","0,00","0,00",4,Średnia,Poniżej średniej,Średnia,"20,63%","78,02%"
2026-08-12,hoka clifton,Dopasowanie ścisłe,Search | Konkurencja,Hoka,Kwalifikujące się,160,13,"35,82","1,00","269,35",4,Poniżej średniej,Średnia,Średnia,"17,58%","72,28%"
2026-08-12,nike pegasus,Dopasowanie ścisłe,Search | Konkurencja,Nike,Kwalifikujące się,333,11,"27,86","0,00","0,00",3,Poniżej średniej,Poniżej średniej,Średnia,"17,94%","80,47%"
2026-08-12,buty do biegania sklep,Dopasowanie przybliżone,Search | Konkurencja,Ogólne,Kwalifikujące się,236,12,"32,26","0,00","0,00",6,Średnia,Średnia,Średnia,"27,33%","50,07%"
2026-08-13,biegosfera,Dopasowanie ścisłe,Search | Brand,Brand,Kwalifikujące się,265,72,"67,59","6,00","2 457,15",10,Powyżej średniej,Powyżej średniej,Powyżej średniej,"85,02%","2,61%"
2026-08-13,buty do biegania damskie,Dopasowanie ścisłe,Search | Buty do biegania,Damskie,Kwalifikujące się,278,17,"33,01","2,00","710,12",7,Powyżej średniej,Średnia,Średnia,"57,71%","32,69%"
2026-08-13,buty do biegania męskie,Dopasowanie ścisłe,Search | Buty do biegania,Męskie,Kwalifikujące się,202,14,"31,49","0,00","0,00",7,Powyżej średniej,Średnia,Średnia,"52,75%","27,91%"
2026-08-13,buty do biegania,Dopasowanie do wyrażenia,Search | Buty do biegania,Ogólne,Kwalifikujące się,1 737,90,"161,21","1,00","308,35",5,Średnia,Średnia,Poniżej średniej,"44,44%","47,00%"
2026-08-13,buty do biegania w terenie,Dopasowanie do wyrażenia,Search | Buty trailowe,Trail,Kwalifikujące się,492,23,"40,46","1,00","420,95",3,Poniżej średniej,Poniżej średniej,Średnia,"25,74%","61,38%"
2026-08-13,buty trailowe,Dopasowanie ścisłe,Search | Buty trailowe,Trail,Kwalifikujące się,596,33,"68,58","2,00","715,33",6,Średnia,Powyżej średniej,Średnia,"40,46%","33,26%"
2026-08-13,asics gel nimbus,Dopasowanie ścisłe,Search | Konkurencja,Asics,Kwalifikujące się,179,8,"28,06","0,00","0,00",4,Średnia,Poniżej średniej,Średnia,"19,91%","75,08%"
2026-08-13,hoka clifton,Dopasowanie ścisłe,Search | Konkurencja,Hoka,Kwalifikujące się,145,10,"37,21","0,00","0,00",4,Poniżej średniej,Średnia,Średnia,"21,19%","73,17%"
2026-08-13,nike pegasus,Dopasowanie ścisłe,Search | Konkurencja,Nike,Kwalifikujące się,311,9,"24,82","0,00","0,00",3,Poniżej średniej,Poniżej średniej,Średnia,"14,83%","82,85%"
2026-08-13,buty do biegania sklep,Dopasowanie przybliżone,Search | Konkurencja,Ogólne,Kwalifikujące się,242,9,"23,56","0,00","0,00",6,Średnia,Średnia,Średnia,"30,23%","47,34%"
2026-08-14,biegosfera,Dopasowanie ścisłe,Search | Brand,Brand,Kwalifikujące się,235,53,"44,33","5,00","1 308,87",10,Powyżej średniej,Powyżej średniej,Powyżej średniej,"84,57%","3,96%"
2026-08-14,buty do biegania damskie,Dopasowanie ścisłe,Search | Buty do biegania,Damskie,Kwalifikujące się,277,17,"39,27","0,00","0,00",7,Powyżej średniej,Średnia,Średnia,"52,34%","28,52%"
2026-08-14,buty do biegania męskie,Dopasowanie ścisłe,Search | Buty do biegania,Męskie,Kwalifikujące się,211,8,"18,71","3,00","769,20",7,Powyżej średniej,Średnia,Średnia,"52,11%","30,24%"
2026-08-14,buty do biegania,Dopasowanie do wyrażenia,Search | Buty do biegania,Ogólne,Kwalifikujące się,1 734,82,"149,10","3,00","1 083,54",5,Średnia,Średnia,Poniżej średniej,"44,29%","45,02%"
2026-08-14,buty do biegania w terenie,Dopasowanie do wyrażenia,Search | Buty trailowe,Trail,Kwalifikujące się,495,13,"25,38","0,00","0,00",3,Poniżej średniej,Poniżej średniej,Średnia,"23,78%","60,94%"
2026-08-14,buty trailowe,Dopasowanie ścisłe,Search | Buty trailowe,Trail,Kwalifikujące się,627,25,"56,99","2,00","659,16",6,Średnia,Powyżej średniej,Średnia,"38,04%","37,44%"
2026-08-14,asics gel nimbus,Dopasowanie ścisłe,Search | Konkurencja,Asics,Kwalifikujące się,179,8,"21,55","1,00","324,92",4,Średnia,Poniżej średniej,Średnia,"20,76%","77,96%"
2026-08-14,hoka clifton,Dopasowanie ścisłe,Search | Konkurencja,Hoka,Kwalifikujące się,145,5,"18,58","0,00","0,00",4,Poniżej średniej,Średnia,Średnia,"19,79%","77,16%"
2026-08-14,nike pegasus,Dopasowanie ścisłe,Search | Konkurencja,Nike,Kwalifikujące się,364,14,"42,15","0,00","0,00",3,Poniżej średniej,Poniżej średniej,Średnia,"13,74%","81,82%"
2026-08-14,buty do biegania sklep,Dopasowanie przybliżone,Search | Konkurencja,Ogólne,Kwalifikujące się,263,14,"31,23","0,00","0,00",6,Średnia,Średnia,Średnia,"28,72%","51,32%"
2026-08-15,biegosfera,Dopasowanie ścisłe,Search | Brand,Brand,Kwalifikujące się,205,55,"44,13","3,00","832,10",10,Powyżej średniej,Powyżej średniej,Powyżej średniej,"84,00%","3,62%"
2026-08-15,buty do biegania damskie,Dopasowanie ścisłe,Search | Buty do biegania,Damskie,Kwalifikujące się,229,16,"38,23","1,00","387,91",7,Powyżej średniej,Średnia,Średnia,"57,56%","27,33%"
2026-08-15,buty do biegania męskie,Dopasowanie ścisłe,Search | Buty do biegania,Męskie,Kwalifikujące się,188,12,"31,27","0,00","0,00",7,Powyżej średniej,Średnia,Średnia,"56,84%","30,25%"
2026-08-15,buty do biegania,Dopasowanie do wyrażenia,Search | Buty do biegania,Ogólne,Kwalifikujące się,1 551,60,"129,82","2,00","670,39",5,Średnia,Średnia,Poniżej średniej,"44,27%","44,10%"
2026-08-15,buty do biegania w terenie,Dopasowanie do wyrażenia,Search | Buty trailowe,Trail,Kwalifikujące się,411,5,"10,13","0,00","0,00",3,Poniżej średniej,Poniżej średniej,Średnia,"22,42%","58,55%"
2026-08-15,buty trailowe,Dopasowanie ścisłe,Search | Buty trailowe,Trail,Kwalifikujące się,503,28,"58,14","2,00","778,35",6,Średnia,Powyżej średniej,Średnia,"40,74%","32,59%"
2026-08-15,asics gel nimbus,Dopasowanie ścisłe,Search | Konkurencja,Asics,Kwalifikujące się,165,7,"23,93","0,00","0,00",4,Średnia,Poniżej średniej,Średnia,"19,02%","80,77%"
2026-08-15,hoka clifton,Dopasowanie ścisłe,Search | Konkurencja,Hoka,Kwalifikujące się,149,3,"9,15","0,00","0,00",4,Poniżej średniej,Średnia,Średnia,"22,88%","77,34%"
2026-08-15,nike pegasus,Dopasowanie ścisłe,Search | Konkurencja,Nike,Kwalifikujące się,271,6,"13,74","0,00","0,00",3,Poniżej średniej,Poniżej średniej,Średnia,"16,84%","78,07%"
2026-08-15,buty do biegania sklep,Dopasowanie przybliżone,Search | Konkurencja,Ogólne,Kwalifikujące się,225,7,"17,49","0,00","0,00",6,Średnia,Średnia,Średnia,"32,82%","48,22%"
2026-08-16,biegosfera,Dopasowanie ścisłe,Search | Brand,Brand,Kwalifikujące się,209,51,"44,52","4,00","1 386,96",10,Powyżej średniej,Powyżej średniej,Powyżej średniej,"87,21%","5,27%"
2026-08-16,buty do biegania damskie,Dopasowanie ścisłe,Search | Buty do biegania,Damskie,Kwalifikujące się,214,15,"31,03","2,00","559,74",7,Powyżej średniej,Średnia,Średnia,"55,73%","30,13%"
2026-08-16,buty do biegania męskie,Dopasowanie ścisłe,Search | Buty do biegania,Męskie,Kwalifikujące się,208,11,"26,91","0,00","0,00",7,Powyżej średniej,Średnia,Średnia,"53,20%","30,12%"
2026-08-16,buty do biegania,Dopasowanie do wyrażenia,Search | Buty do biegania,Ogólne,Kwalifikujące się,1 490,67,"133,72","1,00","384,38",5,Średnia,Średnia,Poniżej średniej,"43,74%","42,76%"
2026-08-16,buty do biegania w terenie,Dopasowanie do wyrażenia,Search | Buty trailowe,Trail,Kwalifikujące się,424,15,"27,53","0,00","0,00",3,Poniżej średniej,Poniżej średniej,Średnia,"22,77%","61,81%"
2026-08-16,buty trailowe,Dopasowanie ścisłe,Search | Buty trailowe,Trail,Kwalifikujące się,492,19,"39,76","2,00","663,66",6,Średnia,Powyżej średniej,Średnia,"42,53%","32,85%"
2026-08-16,asics gel nimbus,Dopasowanie ścisłe,Search | Konkurencja,Asics,Kwalifikujące się,184,9,"29,28","0,00","0,00",4,Średnia,Poniżej średniej,Średnia,"15,08%","76,58%"
2026-08-16,hoka clifton,Dopasowanie ścisłe,Search | Konkurencja,Hoka,Kwalifikujące się,125,5,"18,78","0,00","0,00",4,Poniżej średniej,Średnia,Średnia,"17,81%","73,13%"
2026-08-16,nike pegasus,Dopasowanie ścisłe,Search | Konkurencja,Nike,Kwalifikujące się,313,12,"31,78","0,00","0,00",3,Poniżej średniej,Poniżej średniej,Średnia,"15,50%","79,53%"
2026-08-16,buty do biegania sklep,Dopasowanie przybliżone,Search | Konkurencja,Ogólne,Kwalifikujące się,221,12,"33,87","0,00","0,00",6,Średnia,Średnia,Średnia,"29,58%","48,23%"
2026-08-17,biegosfera,Dopasowanie ścisłe,Search | Brand,Brand,Kwalifikujące się,283,86,"72,45","5,00","1 741,38",10,Powyżej średniej,Powyżej średniej,Powyżej średniej,"85,99%","1,74%"
2026-08-17,buty do biegania damskie,Dopasowanie ścisłe,Search | Buty do biegania,Damskie,Kwalifikujące się,295,19,"41,46","1,00","335,66",7,Powyżej średniej,Średnia,Średnia,"54,39%","29,78%"
2026-08-17,buty do biegania męskie,Dopasowanie ścisłe,Search | Buty do biegania,Męskie,Kwalifikujące się,233,15,"29,46","1,00","424,59",7,Powyżej średniej,Średnia,Średnia,"57,43%","28,48%"
2026-08-17,buty do biegania,Dopasowanie do wyrażenia,Search | Buty do biegania,Ogólne,Kwalifikujące się,1 780,82,"149,09","1,00","419,24",5,Średnia,Średnia,Poniżej średniej,"46,31%","43,86%"
2026-08-17,buty do biegania w terenie,Dopasowanie do wyrażenia,Search | Buty trailowe,Trail,Kwalifikujące się,480,19,"37,28","0,00","0,00",3,Poniżej średniej,Poniżej średniej,Średnia,"27,37%","59,36%"
2026-08-17,buty trailowe,Dopasowanie ścisłe,Search | Buty trailowe,Trail,Kwalifikujące się,614,33,"66,72","4,00","1 298,91",6,Średnia,Powyżej średniej,Średnia,"40,03%","37,26%"
2026-08-17,asics gel nimbus,Dopasowanie ścisłe,Search | Konkurencja,Asics,Kwalifikujące się,184,6,"18,45","0,00","0,00",4,Średnia,Poniżej średniej,Średnia,"19,04%","75,57%"
2026-08-17,hoka clifton,Dopasowanie ścisłe,Search | Konkurencja,Hoka,Kwalifikujące się,159,7,"19,19","0,00","0,00",4,Poniżej średniej,Średnia,Średnia,"17,82%","77,94%"
2026-08-17,nike pegasus,Dopasowanie ścisłe,Search | Konkurencja,Nike,Kwalifikujące się,375,12,"30,62","0,00","0,00",3,Poniżej średniej,Poniżej średniej,Średnia,"12,17%","78,81%"
2026-08-17,buty do biegania sklep,Dopasowanie przybliżone,Search | Konkurencja,Ogólne,Kwalifikujące się,260,10,"23,24","0,00","0,00",6,Średnia,Średnia,Średnia,"32,75%","47,09%"
2026-08-18,biegosfera,Dopasowanie ścisłe,Search | Brand,Brand,Kwalifikujące się,269,78,"75,23","6,00","1 909,75",10,Powyżej średniej,Powyżej średniej,Powyżej średniej,"82,97%","1,28%"
2026-08-18,buty do biegania damskie,Dopasowanie ścisłe,Search | Buty do biegania,Damskie,Kwalifikujące się,287,17,"31,36","0,00","0,00",7,Powyżej średniej,Średnia,Średnia,"52,52%","29,83%"
2026-08-18,buty do biegania męskie,Dopasowanie ścisłe,Search | Buty do biegania,Męskie,Kwalifikujące się,236,14,"30,58","1,00","407,01",7,Powyżej średniej,Średnia,Średnia,"55,55%","28,91%"
2026-08-18,buty do biegania,Dopasowanie do wyrażenia,Search | Buty do biegania,Ogólne,Kwalifikujące się,1 759,86,"165,98","4,00","1 369,83",5,Średnia,Średnia,Poniżej średniej,"42,65%","46,87%"
2026-08-18,buty do biegania w terenie,Dopasowanie do wyrażenia,Search | Buty trailowe,Trail,Kwalifikujące się,450,16,"29,75","1,00","300,06",3,Poniżej średniej,Poniżej średniej,Średnia,"26,83%","60,37%"
2026-08-18,buty trailowe,Dopasowanie ścisłe,Search | Buty trailowe,Trail,Kwalifikujące się,592,37,"67,72","0,00","0,00",6,Średnia,Powyżej średniej,Średnia,"37,83%","35,25%"
2026-08-18,asics gel nimbus,Dopasowanie ścisłe,Search | Konkurencja,Asics,Kwalifikujące się,206,12,"30,75","1,00","344,86",4,Średnia,Poniżej średniej,Średnia,"18,78%","77,57%"
2026-08-18,hoka clifton,Dopasowanie ścisłe,Search | Konkurencja,Hoka,Kwalifikujące się,140,6,"19,31","0,00","0,00",4,Poniżej średniej,Średnia,Średnia,"22,18%","74,34%"
2026-08-18,nike pegasus,Dopasowanie ścisłe,Search | Konkurencja,Nike,Kwalifikujące się,337,11,"31,62","1,00","325,84",3,Poniżej średniej,Poniżej średniej,Średnia,"15,07%","77,68%"
2026-08-18,buty do biegania sklep,Dopasowanie przybliżone,Search | Konkurencja,Ogólne,Kwalifikujące się,256,11,"30,85","1,00","386,58",6,Średnia,Średnia,Średnia,"30,38%","51,60%"
2026-08-19,biegosfera,Dopasowanie ścisłe,Search | Brand,Brand,Kwalifikujące się,277,74,"59,89","6,00","2 453,38",10,Powyżej średniej,Powyżej średniej,Powyżej średniej,"86,39%","1,54%"
2026-08-19,buty do biegania damskie,Dopasowanie ścisłe,Search | Buty do biegania,Damskie,Kwalifikujące się,292,15,"27,43","1,00","387,63",7,Powyżej średniej,Średnia,Średnia,"57,95%","31,32%"
2026-08-19,buty do biegania męskie,Dopasowanie ścisłe,Search | Buty do biegania,Męskie,Kwalifikujące się,238,15,"28,05","0,00","0,00",7,Powyżej średniej,Średnia,Średnia,"54,54%","29,49%"
2026-08-19,buty do biegania,Dopasowanie do wyrażenia,Search | Buty do biegania,Ogólne,Kwalifikujące się,1 812,75,"149,23","1,00","334,93",5,Średnia,Średnia,Poniżej średniej,"46,68%","43,05%"
2026-08-19,buty do biegania w terenie,Dopasowanie do wyrażenia,Search | Buty trailowe,Trail,Kwalifikujące się,475,18,"34,73","0,00","0,00",3,Poniżej średniej,Poniżej średniej,Średnia,"25,84%","61,31%"
2026-08-19,buty trailowe,Dopasowanie ścisłe,Search | Buty trailowe,Trail,Kwalifikujące się,591,39,"81,80","2,00","771,70",6,Średnia,Powyżej średniej,Średnia,"40,10%","37,24%"
2026-08-19,asics gel nimbus,Dopasowanie ścisłe,Search | Konkurencja,Asics,Kwalifikujące się,197,14,"36,23","1,00","295,46",4,Średnia,Poniżej średniej,Średnia,"17,81%","77,79%"
2026-08-19,hoka clifton,Dopasowanie ścisłe,Search | Konkurencja,Hoka,Kwalifikujące się,129,4,"14,09","0,00","0,00",4,Poniżej średniej,Średnia,Średnia,"18,71%","77,52%"
2026-08-19,nike pegasus,Dopasowanie ścisłe,Search | Konkurencja,Nike,Kwalifikujące się,331,15,"42,67","0,00","0,00",3,Poniżej średniej,Poniżej średniej,Średnia,"13,90%","81,17%"
2026-08-19,buty do biegania sklep,Dopasowanie przybliżone,Search | Konkurencja,Ogólne,Kwalifikujące się,250,9,"23,45","0,00","0,00",6,Średnia,Średnia,Średnia,"29,46%","52,61%"
2026-08-20,biegosfera,Dopasowanie ścisłe,Search | Brand,Brand,Kwalifikujące się,281,79,"58,39","5,00","1 917,61",10,Powyżej średniej,Powyżej średniej,Powyżej średniej,"87,69%","0,18%"
2026-08-20,buty do biegania damskie,Dopasowanie ścisłe,Search | Buty do biegania,Damskie,Kwalifikujące się,285,19,"43,01","2,00","623,41",7,Powyżej średniej,Średnia,Średnia,"57,97%","30,63%"
2026-08-20,buty do biegania męskie,Dopasowanie ścisłe,Search | Buty do biegania,Męskie,Kwalifikujące się,219,15,"29,86","2,00","639,75",7,Powyżej średniej,Średnia,Średnia,"52,44%","29,98%"
2026-08-20,buty do biegania,Dopasowanie do wyrażenia,Search | Buty do biegania,Ogólne,Kwalifikujące się,1 768,81,"155,89","0,00","0,00",5,Średnia,Średnia,Poniżej średniej,"42,30%","45,29%"
2026-08-20,buty do biegania w terenie,Dopasowanie do wyrażenia,Search | Buty trailowe,Trail,Kwalifikujące się,468,16,"27,39","0,00","0,00",3,Poniżej średniej,Poniżej średniej,Średnia,"23,11%","59,21%"
2026-08-20,buty trailowe,Dopasowanie ścisłe,Search | Buty trailowe,Trail,Kwalifikujące się,604,33,"74,23","1,00","402,81",6,Średnia,Powyżej średniej,Średnia,"38,83%","35,61%"
2026-08-20,asics gel nimbus,Dopasowanie ścisłe,Search | Konkurencja,Asics,Kwalifikujące się,203,12,"38,61","0,00","0,00",4,Średnia,Poniżej średniej,Średnia,"19,93%","80,62%"
2026-08-20,hoka clifton,Dopasowanie ścisłe,Search | Konkurencja,Hoka,Kwalifikujące się,160,10,"33,75","0,00","0,00",4,Poniżej średniej,Średnia,Średnia,"18,97%","75,42%"
2026-08-20,nike pegasus,Dopasowanie ścisłe,Search | Konkurencja,Nike,Kwalifikujące się,358,12,"28,84","0,00","0,00",3,Poniżej średniej,Poniżej średniej,Średnia,"12,04%","79,23%"
2026-08-20,buty do biegania sklep,Dopasowanie przybliżone,Search | Konkurencja,Ogólne,Kwalifikujące się,263,8,"21,49","0,00","0,00",6,Średnia,Średnia,Średnia,"32,76%","47,71%"
2026-08-21,biegosfera,Dopasowanie ścisłe,Search | Brand,Brand,Kwalifikujące się,275,73,"62,86","7,00","2 376,35",10,Powyżej średniej,Powyżej średniej,Powyżej średniej,"87,22%","3,92%"
2026-08-21,buty do biegania damskie,Dopasowanie ścisłe,Search | Buty do biegania,Damskie,Kwalifikujące się,288,19,"44,58","1,00","423,23",7,Powyżej średniej,Średnia,Średnia,"53,76%","31,67%"
2026-08-21,buty do biegania męskie,Dopasowanie ścisłe,Search | Buty do biegania,Męskie,Kwalifikujące się,209,17,"36,39","1,00","338,10",7,Powyżej średniej,Średnia,Średnia,"53,74%","32,37%"
2026-08-21,buty do biegania,Dopasowanie do wyrażenia,Search | Buty do biegania,Ogólne,Kwalifikujące się,1 704,76,"139,74","1,00","295,22",5,Średnia,Średnia,Poniżej średniej,"42,50%","42,71%"
2026-08-21,buty do biegania w terenie,Dopasowanie do wyrażenia,Search | Buty trailowe,Trail,Kwalifikujące się,457,9,"17,23","0,00","0,00",3,Poniżej średniej,Poniżej średniej,Średnia,"26,50%","59,70%"
2026-08-21,buty trailowe,Dopasowanie ścisłe,Search | Buty trailowe,Trail,Kwalifikujące się,585,38,"79,55","1,00","423,52",6,Średnia,Powyżej średniej,Średnia,"37,88%","35,08%"
2026-08-21,asics gel nimbus,Dopasowanie ścisłe,Search | Konkurencja,Asics,Kwalifikujące się,194,10,"29,26","0,00","0,00",4,Średnia,Poniżej średniej,Średnia,"16,78%","78,30%"
2026-08-21,hoka clifton,Dopasowanie ścisłe,Search | Konkurencja,Hoka,Kwalifikujące się,153,10,"35,96","0,00","0,00",4,Poniżej średniej,Średnia,Średnia,"21,46%","77,14%"
2026-08-21,nike pegasus,Dopasowanie ścisłe,Search | Konkurencja,Nike,Kwalifikujące się,345,21,"54,10","1,00","348,81",3,Poniżej średniej,Poniżej średniej,Średnia,"12,35%","80,55%"
2026-08-21,buty do biegania sklep,Dopasowanie przybliżone,Search | Konkurencja,Ogólne,Kwalifikujące się,249,7,"19,47","1,00","364,45",6,Średnia,Średnia,Średnia,"32,90%","49,76%"
2026-08-22,biegosfera,Dopasowanie ścisłe,Search | Brand,Brand,Kwalifikujące się,221,52,"43,10","5,00","1 776,09",10,Powyżej średniej,Powyżej średniej,Powyżej średniej,"86,62%","0,58%"
2026-08-22,buty do biegania damskie,Dopasowanie ścisłe,Search | Buty do biegania,Damskie,Kwalifikujące się,249,16,"33,41","1,00","305,76",7,Powyżej średniej,Średnia,Średnia,"57,24%","30,49%"
2026-08-22,buty do biegania męskie,Dopasowanie ścisłe,Search | Buty do biegania,Męskie,Kwalifikujące się,211,9,"18,88","0,00","0,00",7,Powyżej średniej,Średnia,Średnia,"57,33%","31,72%"
2026-08-22,buty do biegania,Dopasowanie do wyrażenia,Search | Buty do biegania,Ogólne,Kwalifikujące się,1 594,78,"141,32","3,00","958,57",5,Średnia,Średnia,Poniżej średniej,"47,22%","42,34%"
2026-08-22,buty do biegania w terenie,Dopasowanie do wyrażenia,Search | Buty trailowe,Trail,Kwalifikujące się,393,14,"25,36","0,00","0,00",3,Poniżej średniej,Poniżej średniej,Średnia,"26,29%","58,18%"
2026-08-22,buty trailowe,Dopasowanie ścisłe,Search | Buty trailowe,Trail,Kwalifikujące się,530,36,"75,87","1,00","297,60",6,Średnia,Powyżej średniej,Średnia,"38,59%","33,95%"
2026-08-22,asics gel nimbus,Dopasowanie ścisłe,Search | Konkurencja,Asics,Kwalifikujące się,171,6,"14,72","0,00","0,00",4,Średnia,Poniżej średniej,Średnia,"18,55%","78,77%"
2026-08-22,hoka clifton,Dopasowanie ścisłe,Search | Konkurencja,Hoka,Kwalifikujące się,133,7,"21,28","0,00","0,00",4,Poniżej średniej,Średnia,Średnia,"22,59%","72,08%"
2026-08-22,nike pegasus,Dopasowanie ścisłe,Search | Konkurencja,Nike,Kwalifikujące się,290,12,"32,13","0,00","0,00",3,Poniżej średniej,Poniżej średniej,Średnia,"13,16%","79,17%"
2026-08-22,buty do biegania sklep,Dopasowanie przybliżone,Search | Konkurencja,Ogólne,Kwalifikujące się,231,12,"33,26","1,00","372,72",6,Średnia,Średnia,Średnia,"31,91%","50,30%"
2026-08-23,biegosfera,Dopasowanie ścisłe,Search | Brand,Brand,Kwalifikujące się,200,44,"35,65","3,00","1 086,59",10,Powyżej średniej,Powyżej średniej,Powyżej średniej,"85,07%","4,56%"
2026-08-23,buty do biegania damskie,Dopasowanie ścisłe,Search | Buty do biegania,Damskie,Kwalifikujące się,243,16,"30,92","1,00","319,27",7,Powyżej średniej,Średnia,Średnia,"55,93%","28,74%"
2026-08-23,buty do biegania męskie,Dopasowanie ścisłe,Search | Buty do biegania,Męskie,Kwalifikujące się,197,15,"38,13","1,00","360,33",7,Powyżej średniej,Średnia,Średnia,"52,52%","29,77%"
2026-08-23,buty do biegania,Dopasowanie do wyrażenia,Search | Buty do biegania,Ogólne,Kwalifikujące się,1 478,67,"137,95","2,00","660,94",5,Średnia,Średnia,Poniżej średniej,"47,28%","45,59%"
2026-08-23,buty do biegania w terenie,Dopasowanie do wyrażenia,Search | Buty trailowe,Trail,Kwalifikujące się,432,18,"34,32","0,00","0,00",3,Poniżej średniej,Poniżej średniej,Średnia,"22,32%","59,64%"
2026-08-23,buty trailowe,Dopasowanie ścisłe,Search | Buty trailowe,Trail,Kwalifikujące się,544,26,"48,46","1,00","259,24",6,Średnia,Powyżej średniej,Średnia,"39,31%","35,49%"
2026-08-23,asics gel nimbus,Dopasowanie ścisłe,Search | Konkurencja,Asics,Kwalifikujące się,163,5,"13,76","0,00","0,00",4,Średnia,Poniżej średniej,Średnia,"18,52%","80,71%"
2026-08-23,hoka clifton,Dopasowanie ścisłe,Search | Konkurencja,Hoka,Kwalifikujące się,128,7,"20,96","0,00","0,00",4,Poniżej średniej,Średnia,Średnia,"19,03%","74,45%"
2026-08-23,nike pegasus,Dopasowanie ścisłe,Search | Konkurencja,Nike,Kwalifikujące się,298,17,"47,22","0,00","0,00",3,Poniżej średniej,Poniżej średniej,Średnia,"15,68%","82,32%"
2026-08-23,buty do biegania sklep,Dopasowanie przybliżone,Search | Konkurencja,Ogólne,Kwalifikujące się,232,9,"23,39","0,00","0,00",6,Średnia,Średnia,Średnia,"31,24%","49,83%"
2026-08-24,biegosfera,Dopasowanie ścisłe,Search | Brand,Brand,Kwalifikujące się,249,63,"58,83","5,00","1 783,52",10,Powyżej średniej,Powyżej średniej,Powyżej średniej,"86,89%","2,91%"
2026-08-24,buty do biegania damskie,Dopasowanie ścisłe,Search | Buty do biegania,Damskie,Kwalifikujące się,297,15,"30,24","1,00","384,98",7,Powyżej średniej,Średnia,Średnia,"57,78%","28,69%"
2026-08-24,buty do biegania męskie,Dopasowanie ścisłe,Search | Buty do biegania,Męskie,Kwalifikujące się,235,14,"29,28","0,00","0,00",7,Powyżej średniej,Średnia,Średnia,"52,76%","31,98%"
2026-08-24,buty do biegania,Dopasowanie do wyrażenia,Search | Buty do biegania,Ogólne,Kwalifikujące się,1 795,94,"183,16","5,00","1 815,50",5,Średnia,Średnia,Poniżej średniej,"43,78%","47,08%"
2026-08-24,buty do biegania w terenie,Dopasowanie do wyrażenia,Search | Buty trailowe,Trail,Kwalifikujące się,480,12,"22,07","0,00","0,00",3,Poniżej średniej,Poniżej średniej,Średnia,"25,66%","60,05%"
2026-08-24,buty trailowe,Dopasowanie ścisłe,Search | Buty trailowe,Trail,Kwalifikujące się,635,36,"79,77","0,00","0,00",6,Średnia,Powyżej średniej,Średnia,"37,52%","36,72%"
2026-08-24,asics gel nimbus,Dopasowanie ścisłe,Search | Konkurencja,Asics,Kwalifikujące się,148,6,"17,04","1,00","425,65",4,Średnia,Poniżej średniej,Średnia,"15,40%","80,79%"
2026-08-24,hoka clifton,Dopasowanie ścisłe,Search | Konkurencja,Hoka,Kwalifikujące się,169,8,"29,88","0,00","0,00",4,Poniżej średniej,Średnia,Średnia,"22,26%","73,82%"
2026-08-24,nike pegasus,Dopasowanie ścisłe,Search | Konkurencja,Nike,Kwalifikujące się,389,17,"42,82","0,00","0,00",3,Poniżej średniej,Poniżej średniej,Średnia,"12,77%","82,31%"
2026-08-24,buty do biegania sklep,Dopasowanie przybliżone,Search | Konkurencja,Ogólne,Kwalifikujące się,245,13,"28,47","0,00","0,00",6,Średnia,Średnia,Średnia,"29,88%","47,75%"
2026-08-25,biegosfera,Dopasowanie ścisłe,Search | Brand,Brand,Kwalifikujące się,272,85,"67,46","14,00","5 488,50",10,Powyżej średniej,Powyżej średniej,Powyżej średniej,"84,99%","1,48%"
2026-08-25,buty do biegania damskie,Dopasowanie ścisłe,Search | Buty do biegania,Damskie,Kwalifikujące się,274,13,"22,82","0,00","0,00",7,Powyżej średniej,Średnia,Średnia,"54,45%","30,84%"
2026-08-25,buty do biegania męskie,Dopasowanie ścisłe,Search | Buty do biegania,Męskie,Kwalifikujące się,232,24,"56,79","2,00","791,30",7,Powyżej średniej,Średnia,Średnia,"57,49%","31,81%"
2026-08-25,buty do biegania,Dopasowanie do wyrażenia,Search | Buty do biegania,Ogólne,Kwalifikujące się,1 827,87,"161,28","3,00","1 041,82",5,Średnia,Średnia,Poniżej średniej,"42,97%","44,86%"
2026-08-25,buty do biegania w terenie,Dopasowanie do wyrażenia,Search | Buty trailowe,Trail,Kwalifikujące się,501,12,"24,82","0,00","0,00",3,Poniżej średniej,Poniżej średniej,Średnia,"24,95%","62,94%"
2026-08-25,buty trailowe,Dopasowanie ścisłe,Search | Buty trailowe,Trail,Kwalifikujące się,612,45,"101,30","0,00","0,00",6,Średnia,Powyżej średniej,Średnia,"37,52%","35,06%"
2026-08-25,asics gel nimbus,Dopasowanie ścisłe,Search | Konkurencja,Asics,Kwalifikujące się,212,11,"36,59","0,00","0,00",4,Średnia,Poniżej średniej,Średnia,"20,49%","77,39%"
2026-08-25,hoka clifton,Dopasowanie ścisłe,Search | Konkurencja,Hoka,Kwalifikujące się,160,6,"23,06","2,00","546,78",4,Poniżej średniej,Średnia,Średnia,"18,57%","75,34%"
2026-08-25,nike pegasus,Dopasowanie ścisłe,Search | Konkurencja,Nike,Kwalifikujące się,334,14,"43,21","0,00","0,00",3,Poniżej średniej,Poniżej średniej,Średnia,"13,92%","82,56%"
2026-08-25,buty do biegania sklep,Dopasowanie przybliżone,Search | Konkurencja,Ogólne,Kwalifikujące się,247,11,"25,49","0,00","0,00",6,Średnia,Średnia,Średnia,"27,51%","48,24%"
2026-08-26,biegosfera,Dopasowanie ścisłe,Search | Brand,Brand,Kwalifikujące się,291,81,"64,88","10,00","3 548,24",10,Powyżej średniej,Powyżej średniej,Powyżej średniej,"82,50%","4,27%"
2026-08-26,buty do biegania damskie,Dopasowanie ścisłe,Search | Buty do biegania,Damskie,Kwalifikujące się,289,23,"51,90","2,00","533,39",7,Powyżej średniej,Średnia,Średnia,"53,76%","32,40%"
2026-08-26,buty do biegania męskie,Dopasowanie ścisłe,Search | Buty do biegania,Męskie,Kwalifikujące się,244,10,"24,30","1,00","352,92",7,Powyżej średniej,Średnia,Średnia,"57,36%","32,62%"
2026-08-26,buty do biegania,Dopasowanie do wyrażenia,Search | Buty do biegania,Ogólne,Kwalifikujące się,1 831,87,"164,75","1,00","397,17",5,Średnia,Średnia,Poniżej średniej,"43,54%","42,00%"
2026-08-26,buty do biegania w terenie,Dopasowanie do wyrażenia,Search | Buty trailowe,Trail,Kwalifikujące się,481,20,"40,67","0,00","0,00",3,Poniżej średniej,Poniżej średniej,Średnia,"24,33%","62,78%"
2026-08-26,buty trailowe,Dopasowanie ścisłe,Search | Buty trailowe,Trail,Kwalifikujące się,631,33,"61,07","1,00","276,80",6,Średnia,Powyżej średniej,Średnia,"41,58%","32,36%"
2026-08-26,asics gel nimbus,Dopasowanie ścisłe,Search | Konkurencja,Asics,Kwalifikujące się,191,9,"22,09","0,00","0,00",4,Średnia,Poniżej średniej,Średnia,"19,22%","80,50%"
2026-08-26,hoka clifton,Dopasowanie ścisłe,Search | Konkurencja,Hoka,Kwalifikujące się,155,10,"31,40","0,00","0,00",4,Poniżej średniej,Średnia,Średnia,"22,81%","76,30%"
2026-08-26,nike pegasus,Dopasowanie ścisłe,Search | Konkurencja,Nike,Kwalifikujące się,298,8,"21,74","0,00","0,00",3,Poniżej średniej,Poniżej średniej,Średnia,"17,18%","82,05%"
2026-08-26,buty do biegania sklep,Dopasowanie przybliżone,Search | Konkurencja,Ogólne,Kwalifikujące się,256,15,"34,58","0,00","0,00",6,Średnia,Średnia,Średnia,"29,15%","47,59%"
2026-08-27,biegosfera,Dopasowanie ścisłe,Search | Brand,Brand,Kwalifikujące się,260,73,"59,96","6,00","1 967,62",10,Powyżej średniej,Powyżej średniej,Powyżej średniej,"86,36%","0,82%"
2026-08-27,buty do biegania damskie,Dopasowanie ścisłe,Search | Buty do biegania,Damskie,Kwalifikujące się,308,15,"24,71","0,00","0,00",7,Powyżej średniej,Średnia,Średnia,"54,31%","32,97%"
2026-08-27,buty do biegania męskie,Dopasowanie ścisłe,Search | Buty do biegania,Męskie,Kwalifikujące się,254,17,"37,08","0,00","0,00",7,Powyżej średniej,Średnia,Średnia,"55,36%","30,13%"
2026-08-27,buty do biegania,Dopasowanie do wyrażenia,Search | Buty do biegania,Ogólne,Kwalifikujące się,1 816,73,"143,29","2,00","709,81",5,Średnia,Średnia,Poniżej średniej,"47,69%","43,70%"
2026-08-27,buty do biegania w terenie,Dopasowanie do wyrażenia,Search | Buty trailowe,Trail,Kwalifikujące się,502,12,"18,27","0,00","0,00",3,Poniżej średniej,Poniżej średniej,Średnia,"28,00%","62,47%"
2026-08-27,buty trailowe,Dopasowanie ścisłe,Search | Buty trailowe,Trail,Kwalifikujące się,632,46,"97,21","3,00","1 125,28",6,Średnia,Powyżej średniej,Średnia,"39,18%","33,96%"
2026-08-27,asics gel nimbus,Dopasowanie ścisłe,Search | Konkurencja,Asics,Kwalifikujące się,198,7,"18,04","0,00","0,00",4,Średnia,Poniżej średniej,Średnia,"15,76%","80,49%"
2026-08-27,hoka clifton,Dopasowanie ścisłe,Search | Konkurencja,Hoka,Kwalifikujące się,146,11,"30,40","0,00","0,00",4,Poniżej średniej,Średnia,Średnia,"18,11%","72,05%"
2026-08-27,nike pegasus,Dopasowanie ścisłe,Search | Konkurencja,Nike,Kwalifikujące się,355,14,"42,35","0,00","0,00",3,Poniżej średniej,Poniżej średniej,Średnia,"17,34%","80,59%"
2026-08-27,buty do biegania sklep,Dopasowanie przybliżone,Search | Konkurencja,Ogólne,Kwalifikujące się,258,9,"21,25","0,00","0,00",6,Średnia,Średnia,Średnia,"31,03%","51,40%"
2026-08-28,biegosfera,Dopasowanie ścisłe,Search | Brand,Brand,Kwalifikujące się,302,56,"48,33","3,00","963,58",10,Powyżej średniej,Powyżej średniej,Powyżej średniej,"82,26%","0,55%"
2026-08-28,buty do biegania damskie,Dopasowanie ścisłe,Search | Buty do biegania,Damskie,Kwalifikujące się,309,22,"43,00","3,00","879,68",7,Powyżej średniej,Średnia,Średnia,"55,00%","27,30%"
2026-08-28,buty do biegania męskie,Dopasowanie ścisłe,Search | Buty do biegania,Męskie,Kwalifikujące się,241,11,"26,80","0,00","0,00",7,Powyżej średniej,Średnia,Średnia,"55,03%","31,42%"
2026-08-28,buty do biegania,Dopasowanie do wyrażenia,Search | Buty do biegania,Ogólne,Kwalifikujące się,1 892,95,"190,28","5,00","2 053,70",5,Średnia,Średnia,Poniżej średniej,"45,94%","45,70%"
2026-08-28,buty do biegania w terenie,Dopasowanie do wyrażenia,Search | Buty trailowe,Trail,Kwalifikujące się,462,17,"30,76","0,00","0,00",3,Poniżej średniej,Poniżej średniej,Średnia,"22,28%","58,42%"
2026-08-28,buty trailowe,Dopasowanie ścisłe,Search | Buty trailowe,Trail,Kwalifikujące się,635,33,"77,92","1,00","354,91",6,Średnia,Powyżej średniej,Średnia,"42,38%","32,74%"
2026-08-28,asics gel nimbus,Dopasowanie ścisłe,Search | Konkurencja,Asics,Kwalifikujące się,216,11,"38,42","1,00","406,99",4,Średnia,Poniżej średniej,Średnia,"18,20%","75,30%"
2026-08-28,hoka clifton,Dopasowanie ścisłe,Search | Konkurencja,Hoka,Kwalifikujące się,144,9,"30,22","0,00","0,00",4,Poniżej średniej,Średnia,Średnia,"22,64%","73,03%"
2026-08-28,nike pegasus,Dopasowanie ścisłe,Search | Konkurencja,Nike,Kwalifikujące się,341,14,"39,15","0,00","0,00",3,Poniżej średniej,Poniżej średniej,Średnia,"14,46%","80,28%"
2026-08-28,buty do biegania sklep,Dopasowanie przybliżone,Search | Konkurencja,Ogólne,Kwalifikujące się,265,14,"33,99","1,00","297,07",6,Średnia,Średnia,Średnia,"31,31%","52,62%"
2026-08-29,biegosfera,Dopasowanie ścisłe,Search | Brand,Brand,Kwalifikujące się,252,67,"49,58","5,00","1 830,81",10,Powyżej średniej,Powyżej średniej,Powyżej średniej,"86,42%","2,08%"
2026-08-29,buty do biegania damskie,Dopasowanie ścisłe,Search | Buty do biegania,Damskie,Kwalifikujące się,272,17,"30,61","0,00","0,00",7,Powyżej średniej,Średnia,Średnia,"52,45%","31,24%"
2026-08-29,buty do biegania męskie,Dopasowanie ścisłe,Search | Buty do biegania,Męskie,Kwalifikujące się,203,21,"41,15","2,00","703,73",7,Powyżej średniej,Średnia,Średnia,"57,84%","27,10%"
2026-08-29,buty do biegania,Dopasowanie do wyrażenia,Search | Buty do biegania,Ogólne,Kwalifikujące się,1 565,83,"141,59","0,00","0,00",5,Średnia,Średnia,Poniżej średniej,"46,65%","43,06%"
2026-08-29,buty do biegania w terenie,Dopasowanie do wyrażenia,Search | Buty trailowe,Trail,Kwalifikujące się,460,12,"22,44","0,00","0,00",3,Poniżej średniej,Poniżej średniej,Średnia,"24,76%","60,14%"
2026-08-29,buty trailowe,Dopasowanie ścisłe,Search | Buty trailowe,Trail,Kwalifikujące się,586,28,"58,03","2,00","579,54",6,Średnia,Powyżej średniej,Średnia,"40,69%","37,94%"
2026-08-29,asics gel nimbus,Dopasowanie ścisłe,Search | Konkurencja,Asics,Kwalifikujące się,188,12,"32,01","0,00","0,00",4,Średnia,Poniżej średniej,Średnia,"19,12%","77,35%"
2026-08-29,hoka clifton,Dopasowanie ścisłe,Search | Konkurencja,Hoka,Kwalifikujące się,148,8,"26,67","0,00","0,00",4,Poniżej średniej,Średnia,Średnia,"21,29%","74,80%"
2026-08-29,nike pegasus,Dopasowanie ścisłe,Search | Konkurencja,Nike,Kwalifikujące się,290,15,"37,53","0,00","0,00",3,Poniżej średniej,Poniżej średniej,Średnia,"14,48%","79,19%"
2026-08-29,buty do biegania sklep,Dopasowanie przybliżone,Search | Konkurencja,Ogólne,Kwalifikujące się,245,9,"22,16","1,00","277,89",6,Średnia,Średnia,Średnia,"29,96%","48,69%"
2026-08-30,biegosfera,Dopasowanie ścisłe,Search | Brand,Brand,Kwalifikujące się,225,62,"54,50","7,00","2 256,87",10,Powyżej średniej,Powyżej średniej,Powyżej średniej,"83,45%","0,89%"
2026-08-30,buty do biegania damskie,Dopasowanie ścisłe,Search | Buty do biegania,Damskie,Kwalifikujące się,262,25,"49,53","2,00","703,13",7,Powyżej średniej,Średnia,Średnia,"54,64%","28,76%"
2026-08-30,buty do biegania męskie,Dopasowanie ścisłe,Search | Buty do biegania,Męskie,Kwalifikujące się,190,13,"27,67","1,00","326,18",7,Powyżej średniej,Średnia,Średnia,"57,02%","32,09%"
2026-08-30,buty do biegania,Dopasowanie do wyrażenia,Search | Buty do biegania,Ogólne,Kwalifikujące się,1 601,80,"159,77","1,00","408,29",5,Średnia,Średnia,Poniżej średniej,"44,06%","45,71%"
2026-08-30,buty do biegania w terenie,Dopasowanie do wyrażenia,Search | Buty trailowe,Trail,Kwalifikujące się,393,13,"23,81","0,00","0,00",3,Poniżej średniej,Poniżej średniej,Średnia,"27,41%","59,15%"
2026-08-30,buty trailowe,Dopasowanie ścisłe,Search | Buty trailowe,Trail,Kwalifikujące się,533,25,"55,29","2,00","605,53",6,Średnia,Powyżej średniej,Średnia,"40,33%","34,66%"
2026-08-30,asics gel nimbus,Dopasowanie ścisłe,Search | Konkurencja,Asics,Kwalifikujące się,180,10,"32,88","0,00","0,00",4,Średnia,Poniżej średniej,Średnia,"18,90%","80,76%"
2026-08-30,hoka clifton,Dopasowanie ścisłe,Search | Konkurencja,Hoka,Kwalifikujące się,127,5,"17,64","0,00","0,00",4,Poniżej średniej,Średnia,Średnia,"17,83%","77,79%"
2026-08-30,nike pegasus,Dopasowanie ścisłe,Search | Konkurencja,Nike,Kwalifikujące się,313,17,"53,60","2,00","648,50",3,Poniżej średniej,Poniżej średniej,Średnia,"15,99%","81,78%"
2026-08-30,buty do biegania sklep,Dopasowanie przybliżone,Search | Konkurencja,Ogólne,Kwalifikujące się,239,15,"33,97","1,00","362,32",6,Średnia,Średnia,Średnia,"30,81%","52,22%"
2026-08-31,biegosfera,Dopasowanie ścisłe,Search | Brand,Brand,Kwalifikujące się,282,76,"64,86","5,00","1 779,59",10,Powyżej średniej,Powyżej średniej,Powyżej średniej,"83,96%","4,25%"
2026-08-31,buty do biegania damskie,Dopasowanie ścisłe,Search | Buty do biegania,Damskie,Kwalifikujące się,302,13,"26,18","2,00","876,44",7,Powyżej średniej,Średnia,Średnia,"53,58%","30,05%"
2026-08-31,buty do biegania męskie,Dopasowanie ścisłe,Search | Buty do biegania,Męskie,Kwalifikujące się,236,11,"24,43","0,00","0,00",7,Powyżej średniej,Średnia,Średnia,"56,09%","28,21%"
2026-08-31,buty do biegania,Dopasowanie do wyrażenia,Search | Buty do biegania,Ogólne,Kwalifikujące się,1 885,78,"150,37","3,00","1 159,60",5,Średnia,Średnia,Poniżej średniej,"42,37%","46,75%"
2026-08-31,buty do biegania w terenie,Dopasowanie do wyrażenia,Search | Buty trailowe,Trail,Kwalifikujące się,479,16,"25,93","1,00","417,40",3,Poniżej średniej,Poniżej średniej,Średnia,"26,85%","60,99%"
2026-08-31,buty trailowe,Dopasowanie ścisłe,Search | Buty trailowe,Trail,Kwalifikujące się,637,39,"81,62","2,00","728,56",6,Średnia,Powyżej średniej,Średnia,"38,93%","35,95%"
2026-08-31,asics gel nimbus,Dopasowanie ścisłe,Search | Konkurencja,Asics,Kwalifikujące się,199,12,"42,22","0,00","0,00",4,Średnia,Poniżej średniej,Średnia,"15,50%","78,98%"
2026-08-31,hoka clifton,Dopasowanie ścisłe,Search | Konkurencja,Hoka,Kwalifikujące się,144,3,"10,22","0,00","0,00",4,Poniżej średniej,Średnia,Średnia,"20,46%","75,70%"
2026-08-31,nike pegasus,Dopasowanie ścisłe,Search | Konkurencja,Nike,Kwalifikujące się,358,20,"53,88","0,00","0,00",3,Poniżej średniej,Poniżej średniej,Średnia,"14,68%","78,35%"
2026-08-31,buty do biegania sklep,Dopasowanie przybliżone,Search | Konkurencja,Ogólne,Kwalifikujące się,291,6,"14,70","0,00","0,00",6,Średnia,Średnia,Średnia,"31,36%","49,78%"
2026-09-01,biegosfera,Dopasowanie ścisłe,Search | Brand,Brand,Kwalifikujące się,265,74,"68,34","8,00","2 467,26",10,Powyżej średniej,Powyżej średniej,Powyżej średniej,"86,47%","2,19%"
2026-09-01,buty do biegania damskie,Dopasowanie ścisłe,Search | Buty do biegania,Damskie,Kwalifikujące się,323,19,"37,77","0,00","0,00",7,Powyżej średniej,Średnia,Średnia,"52,53%","30,25%"
2026-09-01,buty do biegania męskie,Dopasowanie ścisłe,Search | Buty do biegania,Męskie,Kwalifikujące się,254,15,"38,58","2,00","517,87",7,Powyżej średniej,Średnia,Średnia,"55,74%","32,53%"
2026-09-01,buty do biegania,Dopasowanie do wyrażenia,Search | Buty do biegania,Ogólne,Kwalifikujące się,1 904,89,"166,73","3,00","1 159,67",5,Średnia,Średnia,Poniżej średniej,"47,33%","42,34%"
2026-09-01,buty do biegania w terenie,Dopasowanie do wyrażenia,Search | Buty trailowe,Trail,Kwalifikujące się,419,17,"33,93","1,00","310,77",3,Poniżej średniej,Poniżej średniej,Średnia,"26,63%","58,57%"
2026-09-01,buty trailowe,Dopasowanie ścisłe,Search | Buty trailowe,Trail,Kwalifikujące się,906,53,"111,58","1,00","289,45",6,Średnia,Powyżej średniej,Średnia,"41,18%","34,28%"
2026-09-01,asics gel nimbus,Dopasowanie ścisłe,Search | Konkurencja,Asics,Kwalifikujące się,205,9,"23,83","1,00","341,30",4,Średnia,Poniżej średniej,Średnia,"16,93%","77,93%"
2026-09-01,hoka clifton,Dopasowanie ścisłe,Search | Konkurencja,Hoka,Kwalifikujące się,137,3,"9,31","0,00","0,00",4,Poniżej średniej,Średnia,Średnia,"20,18%","76,17%"
2026-09-01,nike pegasus,Dopasowanie ścisłe,Search | Konkurencja,Nike,Kwalifikujące się,360,12,"32,22","0,00","0,00",3,Poniżej średniej,Poniżej średniej,Średnia,"15,83%","81,07%"
2026-09-01,buty do biegania sklep,Dopasowanie przybliżone,Search | Konkurencja,Ogólne,Kwalifikujące się,260,7,"19,03","0,00","0,00",6,Średnia,Średnia,Średnia,"29,30%","51,06%"
2026-09-02,biegosfera,Dopasowanie ścisłe,Search | Brand,Brand,Kwalifikujące się,272,67,"63,64","2,00","642,20",10,Powyżej średniej,Powyżej średniej,Powyżej średniej,"84,07%","3,65%"
2026-09-02,buty do biegania damskie,Dopasowanie ścisłe,Search | Buty do biegania,Damskie,Kwalifikujące się,331,27,"56,61","1,00","266,10",7,Powyżej średniej,Średnia,Średnia,"54,76%","30,38%"
2026-09-02,buty do biegania męskie,Dopasowanie ścisłe,Search | Buty do biegania,Męskie,Kwalifikujące się,249,18,"45,55","1,00","322,82",7,Powyżej średniej,Średnia,Średnia,"52,11%","29,99%"
2026-09-02,buty do biegania,Dopasowanie do wyrażenia,Search | Buty do biegania,Ogólne,Kwalifikujące się,1 895,100,"190,76","3,00","1 149,88",5,Średnia,Średnia,Poniżej średniej,"43,32%","44,31%"
2026-09-02,buty do biegania w terenie,Dopasowanie do wyrażenia,Search | Buty trailowe,Trail,Kwalifikujące się,523,10,"23,34","1,00","314,82",3,Poniżej średniej,Poniżej średniej,Średnia,"22,44%","60,94%"
2026-09-02,buty trailowe,Dopasowanie ścisłe,Search | Buty trailowe,Trail,Kwalifikujące się,909,57,"125,32","0,00","0,00",6,Średnia,Powyżej średniej,Średnia,"42,36%","34,13%"
2026-09-02,asics gel nimbus,Dopasowanie ścisłe,Search | Konkurencja,Asics,Kwalifikujące się,230,6,"19,96","0,00","0,00",4,Średnia,Poniżej średniej,Średnia,"15,63%","78,72%"
2026-09-02,hoka clifton,Dopasowanie ścisłe,Search | Konkurencja,Hoka,Kwalifikujące się,154,5,"15,40","1,00","425,45",4,Poniżej średniej,Średnia,Średnia,"17,76%","77,35%"
2026-09-02,nike pegasus,Dopasowanie ścisłe,Search | Konkurencja,Nike,Kwalifikujące się,380,12,"30,26","0,00","0,00",3,Poniżej średniej,Poniżej średniej,Średnia,"12,73%","79,17%"
2026-09-02,buty do biegania sklep,Dopasowanie przybliżone,Search | Konkurencja,Ogólne,Kwalifikujące się,276,9,"19,05","0,00","0,00",6,Średnia,Średnia,Średnia,"29,97%","47,71%"
2026-09-03,biegosfera,Dopasowanie ścisłe,Search | Brand,Brand,Kwalifikujące się,316,79,"65,47","4,00","1 514,55",10,Powyżej średniej,Powyżej średniej,Powyżej średniej,"83,91%","1,65%"
2026-09-03,buty do biegania damskie,Dopasowanie ścisłe,Search | Buty do biegania,Damskie,Kwalifikujące się,308,20,"32,61","2,00","766,56",7,Powyżej średniej,Średnia,Średnia,"56,28%","32,92%"
2026-09-03,buty do biegania męskie,Dopasowanie ścisłe,Search | Buty do biegania,Męskie,Kwalifikujące się,228,13,"26,64","1,00","255,72",7,Powyżej średniej,Średnia,Średnia,"54,18%","31,74%"
2026-09-03,buty do biegania,Dopasowanie do wyrażenia,Search | Buty do biegania,Ogólne,Kwalifikujące się,1 962,93,"170,68","2,00","827,43",5,Średnia,Średnia,Poniżej średniej,"42,84%","45,48%"
2026-09-03,buty do biegania w terenie,Dopasowanie do wyrażenia,Search | Buty trailowe,Trail,Kwalifikujące się,529,17,"35,17","0,00","0,00",3,Poniżej średniej,Poniżej średniej,Średnia,"24,60%","58,73%"
2026-09-03,buty trailowe,Dopasowanie ścisłe,Search | Buty trailowe,Trail,Kwalifikujące się,814,42,"82,26","0,00","0,00",6,Średnia,Powyżej średniej,Średnia,"41,93%","36,48%"
2026-09-03,asics gel nimbus,Dopasowanie ścisłe,Search | Konkurencja,Asics,Kwalifikujące się,233,12,"31,50","0,00","0,00",4,Średnia,Poniżej średniej,Średnia,"15,80%","76,75%"
2026-09-03,hoka clifton,Dopasowanie ścisłe,Search | Konkurencja,Hoka,Kwalifikujące się,158,11,"32,03","0,00","0,00",4,Poniżej średniej,Średnia,Średnia,"21,92%","77,95%"
2026-09-03,nike pegasus,Dopasowanie ścisłe,Search | Konkurencja,Nike,Kwalifikujące się,374,17,"43,68","0,00","0,00",3,Poniżej średniej,Poniżej średniej,Średnia,"15,67%","82,23%"
2026-09-03,buty do biegania sklep,Dopasowanie przybliżone,Search | Konkurencja,Ogólne,Kwalifikujące się,285,12,"30,49","0,00","0,00",6,Średnia,Średnia,Średnia,"32,91%","51,44%"
2026-09-04,biegosfera,Dopasowanie ścisłe,Search | Brand,Brand,Kwalifikujące się,311,67,"59,18","4,00","1 117,30",10,Powyżej średniej,Powyżej średniej,Powyżej średniej,"85,87%","1,33%"
2026-09-04,buty do biegania damskie,Dopasowanie ścisłe,Search | Buty do biegania,Damskie,Kwalifikujące się,306,18,"31,23","2,00","732,72",7,Powyżej średniej,Średnia,Średnia,"54,22%","30,74%"
2026-09-04,buty do biegania męskie,Dopasowanie ścisłe,Search | Buty do biegania,Męskie,Kwalifikujące się,240,18,"42,86","3,00","1 168,76",7,Powyżej średniej,Średnia,Średnia,"57,56%","28,81%"
2026-09-04,buty do biegania,Dopasowanie do wyrażenia,Search | Buty do biegania,Ogólne,Kwalifikujące się,1 917,86,"169,63","3,00","1 063,57",5,Średnia,Średnia,Poniżej średniej,"44,37%","42,13%"
2026-09-04,buty do biegania w terenie,Dopasowanie do wyrażenia,Search | Buty trailowe,Trail,Kwalifikujące się,522,21,"38,04","0,00","0,00",3,Poniżej średniej,Poniżej średniej,Średnia,"26,18%","59,66%"
2026-09-04,buty trailowe,Dopasowanie ścisłe,Search | Buty trailowe,Trail,Kwalifikujące się,872,60,"124,31","1,00","292,22",6,Średnia,Powyżej średniej,Średnia,"41,79%","33,40%"
2026-09-04,asics gel nimbus,Dopasowanie ścisłe,Search | Konkurencja,Asics,Kwalifikujące się,224,12,"41,35","0,00","0,00",4,Średnia,Poniżej średniej,Średnia,"18,96%","79,04%"
2026-09-04,hoka clifton,Dopasowanie ścisłe,Search | Konkurencja,Hoka,Kwalifikujące się,153,5,"15,18","0,00","0,00",4,Poniżej średniej,Średnia,Średnia,"19,79%","73,13%"
2026-09-04,nike pegasus,Dopasowanie ścisłe,Search | Konkurencja,Nike,Kwalifikujące się,354,6,"15,60","0,00","0,00",3,Poniżej średniej,Poniżej średniej,Średnia,"14,42%","81,47%"
2026-09-04,buty do biegania sklep,Dopasowanie przybliżone,Search | Konkurencja,Ogólne,Kwalifikujące się,281,10,"22,04","0,00","0,00",6,Średnia,Średnia,Średnia,"28,14%","47,54%"
2026-09-05,biegosfera,Dopasowanie ścisłe,Search | Brand,Brand,Kwalifikujące się,228,61,"57,20","5,00","1 891,19",10,Powyżej średniej,Powyżej średniej,Powyżej średniej,"84,78%","1,41%"
2026-09-05,buty do biegania damskie,Dopasowanie ścisłe,Search | Buty do biegania,Damskie,Kwalifikujące się,289,17,"28,49","1,00","417,12",7,Powyżej średniej,Średnia,Średnia,"56,80%","31,90%"
2026-09-05,buty do biegania męskie,Dopasowanie ścisłe,Search | Buty do biegania,Męskie,Kwalifikujące się,199,15,"38,62","1,00","292,49",7,Powyżej średniej,Średnia,Średnia,"57,67%","32,04%"
2026-09-05,buty do biegania,Dopasowanie do wyrażenia,Search | Buty do biegania,Ogólne,Kwalifikujące się,1 694,89,"176,04","3,00","964,57",5,Średnia,Średnia,Poniżej średniej,"45,88%","43,12%"
2026-09-05,buty do biegania w terenie,Dopasowanie do wyrażenia,Search | Buty trailowe,Trail,Kwalifikujące się,441,13,"23,76","0,00","0,00",3,Poniżej średniej,Poniżej średniej,Średnia,"26,94%","61,37%"
2026-09-05,buty trailowe,Dopasowanie ścisłe,Search | Buty trailowe,Trail,Kwalifikujące się,684,48,"93,13","0,00","0,00",6,Średnia,Powyżej średniej,Średnia,"41,48%","36,18%"
2026-09-05,asics gel nimbus,Dopasowanie ścisłe,Search | Konkurencja,Asics,Kwalifikujące się,159,7,"24,63","0,00","0,00",4,Średnia,Poniżej średniej,Średnia,"19,98%","76,79%"
2026-09-05,hoka clifton,Dopasowanie ścisłe,Search | Konkurencja,Hoka,Kwalifikujące się,143,6,"21,92","0,00","0,00",4,Poniżej średniej,Średnia,Średnia,"21,03%","75,10%"
2026-09-05,nike pegasus,Dopasowanie ścisłe,Search | Konkurencja,Nike,Kwalifikujące się,309,13,"38,58","1,00","365,78",3,Poniżej średniej,Poniżej średniej,Średnia,"14,03%","78,96%"
2026-09-05,buty do biegania sklep,Dopasowanie przybliżone,Search | Konkurencja,Ogólne,Kwalifikujące się,219,7,"20,04","0,00","0,00",6,Średnia,Średnia,Średnia,"27,93%","49,95%"
2026-09-06,biegosfera,Dopasowanie ścisłe,Search | Brand,Brand,Kwalifikujące się,241,73,"63,71","3,00","1 163,88",10,Powyżej średniej,Powyżej średniej,Powyżej średniej,"84,21%","2,53%"
2026-09-06,buty do biegania damskie,Dopasowanie ścisłe,Search | Buty do biegania,Damskie,Kwalifikujące się,278,18,"40,73","0,00","0,00",7,Powyżej średniej,Średnia,Średnia,"57,11%","31,09%"
2026-09-06,buty do biegania męskie,Dopasowanie ścisłe,Search | Buty do biegania,Męskie,Kwalifikujące się,198,16,"32,83","0,00","0,00",7,Powyżej średniej,Średnia,Średnia,"56,08%","32,90%"
2026-09-06,buty do biegania,Dopasowanie do wyrażenia,Search | Buty do biegania,Ogólne,Kwalifikujące się,1 679,85,"171,34","1,00","274,76",5,Średnia,Średnia,Poniżej średniej,"43,31%","45,05%"
2026-09-06,buty do biegania w terenie,Dopasowanie do wyrażenia,Search | Buty trailowe,Trail,Kwalifikujące się,447,14,"25,00","0,00","0,00",3,Poniżej średniej,Poniżej średniej,Średnia,"22,56%","59,36%"
2026-09-06,buty trailowe,Dopasowanie ścisłe,Search | Buty trailowe,Trail,Kwalifikujące się,751,45,"88,18","0,00","0,00",6,Średnia,Powyżej średniej,Średnia,"42,70%","32,52%"
2026-09-06,asics gel nimbus,Dopasowanie ścisłe,Search | Konkurencja,Asics,Kwalifikujące się,173,4,"14,15","1,00","277,38",4,Średnia,Poniżej średniej,Średnia,"19,55%","80,19%"
2026-09-06,hoka clifton,Dopasowanie ścisłe,Search | Konkurencja,Hoka,Kwalifikujące się,130,2,"6,78","0,00","0,00",4,Poniżej średniej,Średnia,Średnia,"20,05%","76,79%"
2026-09-06,nike pegasus,Dopasowanie ścisłe,Search | Konkurencja,Nike,Kwalifikujące się,275,6,"15,24","0,00","0,00",3,Poniżej średniej,Poniżej średniej,Średnia,"14,65%","79,12%"
2026-09-06,buty do biegania sklep,Dopasowanie przybliżone,Search | Konkurencja,Ogólne,Kwalifikujące się,228,12,"33,25","1,00","267,53",6,Średnia,Średnia,Średnia,"30,03%","48,17%"
2026-09-07,biegosfera,Dopasowanie ścisłe,Search | Brand,Brand,Kwalifikujące się,271,68,"61,35","4,00","1 143,26",10,Powyżej średniej,Powyżej średniej,Powyżej średniej,"83,84%","1,83%"
2026-09-07,buty do biegania damskie,Dopasowanie ścisłe,Search | Buty do biegania,Damskie,Kwalifikujące się,310,26,"51,68","2,00","837,78",7,Powyżej średniej,Średnia,Średnia,"57,93%","29,01%"
2026-09-07,buty do biegania męskie,Dopasowanie ścisłe,Search | Buty do biegania,Męskie,Kwalifikujące się,257,19,"41,91","1,00","410,03",7,Powyżej średniej,Średnia,Średnia,"53,37%","32,64%"
2026-09-07,buty do biegania,Dopasowanie do wyrażenia,Search | Buty do biegania,Ogólne,Kwalifikujące się,1 866,86,"163,43","3,00","1 048,57",5,Średnia,Średnia,Poniżej średniej,"42,83%","47,79%"
2026-09-07,buty do biegania w terenie,Dopasowanie do wyrażenia,Search | Buty trailowe,Trail,Kwalifikujące się,504,11,"18,74","0,00","0,00",3,Poniżej średniej,Poniżej średniej,Średnia,"27,12%","60,88%"
2026-09-07,buty trailowe,Dopasowanie ścisłe,Search | Buty trailowe,Trail,Kwalifikujące się,831,40,"80,64","0,00","0,00",6,Średnia,Powyżej średniej,Średnia,"39,57%","33,18%"
2026-09-07,asics gel nimbus,Dopasowanie ścisłe,Search | Konkurencja,Asics,Kwalifikujące się,198,4,"13,93","0,00","0,00",4,Średnia,Poniżej średniej,Średnia,"15,64%","75,62%"
2026-09-07,hoka clifton,Dopasowanie ścisłe,Search | Konkurencja,Hoka,Kwalifikujące się,188,5,"19,13","0,00","0,00",4,Poniżej średniej,Średnia,Średnia,"19,09%","74,44%"
2026-09-07,nike pegasus,Dopasowanie ścisłe,Search | Konkurencja,Nike,Kwalifikujące się,395,11,"26,02","0,00","0,00",3,Poniżej średniej,Poniżej średniej,Średnia,"17,54%","80,22%"
2026-09-07,buty do biegania sklep,Dopasowanie przybliżone,Search | Konkurencja,Ogólne,Kwalifikujące się,262,6,"15,20","0,00","0,00",6,Średnia,Średnia,Średnia,"32,94%","51,33%"
2026-09-08,biegosfera,Dopasowanie ścisłe,Search | Brand,Brand,Kwalifikujące się,302,78,"66,68","3,00","1 078,16",10,Powyżej średniej,Powyżej średniej,Powyżej średniej,"82,88%","3,32%"
2026-09-08,buty do biegania damskie,Dopasowanie ścisłe,Search | Buty do biegania,Damskie,Kwalifikujące się,327,20,"38,15","0,00","0,00",7,Powyżej średniej,Średnia,Średnia,"52,96%","27,24%"
2026-09-08,buty do biegania męskie,Dopasowanie ścisłe,Search | Buty do biegania,Męskie,Kwalifikujące się,266,26,"60,76","2,00","602,03",7,Powyżej średniej,Średnia,Średnia,"57,66%","29,03%"
2026-09-08,buty do biegania,Dopasowanie do wyrażenia,Search | Buty do biegania,Ogólne,Kwalifikujące się,1 953,106,"222,95","3,00","1 031,56",5,Średnia,Średnia,Poniżej średniej,"43,14%","42,61%"
2026-09-08,buty do biegania w terenie,Dopasowanie do wyrażenia,Search | Buty trailowe,Trail,Kwalifikujące się,516,21,"36,87","0,00","0,00",3,Poniżej średniej,Poniżej średniej,Średnia,"25,91%","59,77%"
2026-09-08,buty trailowe,Dopasowanie ścisłe,Search | Buty trailowe,Trail,Kwalifikujące się,851,48,"95,75","0,00","0,00",6,Średnia,Powyżej średniej,Średnia,"37,07%","36,29%"
2026-09-08,asics gel nimbus,Dopasowanie ścisłe,Search | Konkurencja,Asics,Kwalifikujące się,201,5,"14,10","0,00","0,00",4,Średnia,Poniżej średniej,Średnia,"16,54%","79,68%"
2026-09-08,hoka clifton,Dopasowanie ścisłe,Search | Konkurencja,Hoka,Kwalifikujące się,160,5,"14,33","0,00","0,00",4,Poniżej średniej,Średnia,Średnia,"19,93%","75,21%"
2026-09-08,nike pegasus,Dopasowanie ścisłe,Search | Konkurencja,Nike,Kwalifikujące się,360,5,"14,62","1,00","346,18",3,Poniżej średniej,Poniżej średniej,Średnia,"14,74%","81,06%"
2026-09-08,buty do biegania sklep,Dopasowanie przybliżone,Search | Konkurencja,Ogólne,Kwalifikujące się,265,7,"16,88","0,00","0,00",6,Średnia,Średnia,Średnia,"32,94%","51,79%"
2026-09-09,biegosfera,Dopasowanie ścisłe,Search | Brand,Brand,Kwalifikujące się,304,78,"63,08","8,00","2 654,13",10,Powyżej średniej,Powyżej średniej,Powyżej średniej,"82,41%","2,97%"
2026-09-09,buty do biegania damskie,Dopasowanie ścisłe,Search | Buty do biegania,Damskie,Kwalifikujące się,294,12,"22,78","0,00","0,00",7,Powyżej średniej,Średnia,Średnia,"53,41%","27,61%"
2026-09-09,buty do biegania męskie,Dopasowanie ścisłe,Search | Buty do biegania,Męskie,Kwalifikujące się,254,19,"45,40","0,00","0,00",7,Powyżej średniej,Średnia,Średnia,"53,17%","28,49%"
2026-09-09,buty do biegania,Dopasowanie do wyrażenia,Search | Buty do biegania,Ogólne,Kwalifikujące się,1 910,104,"214,17","4,00","1 701,55",5,Średnia,Średnia,Poniżej średniej,"47,76%","46,47%"
2026-09-09,buty do biegania w terenie,Dopasowanie do wyrażenia,Search | Buty trailowe,Trail,Kwalifikujące się,498,16,"28,24","0,00","0,00",3,Poniżej średniej,Poniżej średniej,Średnia,"27,12%","61,19%"
2026-09-09,buty trailowe,Dopasowanie ścisłe,Search | Buty trailowe,Trail,Kwalifikujące się,792,56,"105,11","2,00","726,12",6,Średnia,Powyżej średniej,Średnia,"38,89%","34,35%"
2026-09-09,asics gel nimbus,Dopasowanie ścisłe,Search | Konkurencja,Asics,Kwalifikujące się,213,7,"18,57","0,00","0,00",4,Średnia,Poniżej średniej,Średnia,"17,64%","76,76%"
2026-09-09,hoka clifton,Dopasowanie ścisłe,Search | Konkurencja,Hoka,Kwalifikujące się,164,7,"25,40","0,00","0,00",4,Poniżej średniej,Średnia,Średnia,"19,53%","76,63%"
2026-09-09,nike pegasus,Dopasowanie ścisłe,Search | Konkurencja,Nike,Kwalifikujące się,374,16,"46,99","1,00","265,31",3,Poniżej średniej,Poniżej średniej,Średnia,"12,45%","78,66%"
2026-09-09,buty do biegania sklep,Dopasowanie przybliżone,Search | Konkurencja,Ogólne,Kwalifikujące się,264,9,"22,27","0,00","0,00",6,Średnia,Średnia,Średnia,"29,87%","51,06%"
2026-09-10,biegosfera,Dopasowanie ścisłe,Search | Brand,Brand,Kwalifikujące się,287,73,"70,20","2,00","712,97",10,Powyżej średniej,Powyżej średniej,Powyżej średniej,"85,88%","4,35%"
2026-09-10,buty do biegania damskie,Dopasowanie ścisłe,Search | Buty do biegania,Damskie,Kwalifikujące się,302,24,"50,19","1,00","264,76",7,Powyżej średniej,Średnia,Średnia,"52,63%","28,08%"
2026-09-10,buty do biegania męskie,Dopasowanie ścisłe,Search | Buty do biegania,Męskie,Kwalifikujące się,255,14,"32,39","0,00","0,00",7,Powyżej średniej,Średnia,Średnia,"53,85%","28,69%"
2026-09-10,buty do biegania,Dopasowanie do wyrażenia,Search | Buty do biegania,Ogólne,Kwalifikujące się,1 895,88,"166,31","2,00","736,39",5,Średnia,Średnia,Poniżej średniej,"46,53%","47,96%"
2026-09-10,buty do biegania w terenie,Dopasowanie do wyrażenia,Search | Buty trailowe,Trail,Kwalifikujące się,528,19,"33,12","0,00","0,00",3,Poniżej średniej,Poniżej średniej,Średnia,"26,10%","57,20%"
2026-09-10,buty trailowe,Dopasowanie ścisłe,Search | Buty trailowe,Trail,Kwalifikujące się,931,49,"106,52","0,00","0,00",6,Średnia,Powyżej średniej,Średnia,"38,79%","36,82%"
2026-09-10,asics gel nimbus,Dopasowanie ścisłe,Search | Konkurencja,Asics,Kwalifikujące się,208,6,"15,84","0,00","0,00",4,Średnia,Poniżej średniej,Średnia,"20,55%","78,57%"
2026-09-10,hoka clifton,Dopasowanie ścisłe,Search | Konkurencja,Hoka,Kwalifikujące się,174,7,"27,20","0,00","0,00",4,Poniżej średniej,Średnia,Średnia,"19,09%","74,13%"
2026-09-10,nike pegasus,Dopasowanie ścisłe,Search | Konkurencja,Nike,Kwalifikujące się,382,8,"20,89","0,00","0,00",3,Poniżej średniej,Poniżej średniej,Średnia,"15,80%","82,19%"
2026-09-10,buty do biegania sklep,Dopasowanie przybliżone,Search | Konkurencja,Ogólne,Kwalifikujące się,255,12,"32,68","1,00","417,83",6,Średnia,Średnia,Średnia,"29,04%","48,14%"
2026-09-11,biegosfera,Dopasowanie ścisłe,Search | Brand,Brand,Kwalifikujące się,247,82,"69,50","5,00","1 787,93",10,Powyżej średniej,Powyżej średniej,Powyżej średniej,"82,02%","0,82%"
2026-09-11,buty do biegania damskie,Dopasowanie ścisłe,Search | Buty do biegania,Damskie,Kwalifikujące się,312,22,"47,97","1,00","403,24",7,Powyżej średniej,Średnia,Średnia,"57,11%","30,75%"
2026-09-11,buty do biegania męskie,Dopasowanie ścisłe,Search | Buty do biegania,Męskie,Kwalifikujące się,272,18,"35,33","2,00","843,51",7,Powyżej średniej,Średnia,Średnia,"57,94%","27,42%"
2026-09-11,buty do biegania,Dopasowanie do wyrażenia,Search | Buty do biegania,Ogólne,Kwalifikujące się,1 824,93,"174,11","3,00","963,05",5,Średnia,Średnia,Poniżej średniej,"44,20%","46,77%"
2026-09-11,buty do biegania w terenie,Dopasowanie do wyrażenia,Search | Buty trailowe,Trail,Kwalifikujące się,482,12,"20,20","0,00","0,00",3,Poniżej średniej,Poniżej średniej,Średnia,"25,97%","57,40%"
2026-09-11,buty trailowe,Dopasowanie ścisłe,Search | Buty trailowe,Trail,Kwalifikujące się,877,48,"101,67","0,00","0,00",6,Średnia,Powyżej średniej,Średnia,"39,41%","35,83%"
2026-09-11,asics gel nimbus,Dopasowanie ścisłe,Search | Konkurencja,Asics,Kwalifikujące się,220,3,"10,49","0,00","0,00",4,Średnia,Poniżej średniej,Średnia,"19,13%","77,71%"
2026-09-11,hoka clifton,Dopasowanie ścisłe,Search | Konkurencja,Hoka,Kwalifikujące się,164,6,"22,82","0,00","0,00",4,Poniżej średniej,Średnia,Średnia,"18,13%","77,80%"
2026-09-11,nike pegasus,Dopasowanie ścisłe,Search | Konkurencja,Nike,Kwalifikujące się,366,11,"29,05","0,00","0,00",3,Poniżej średniej,Poniżej średniej,Średnia,"14,80%","81,30%"
2026-09-11,buty do biegania sklep,Dopasowanie przybliżone,Search | Konkurencja,Ogólne,Kwalifikujące się,274,10,"24,07","1,00","275,14",6,Średnia,Średnia,Średnia,"30,21%","47,48%"
2026-09-12,biegosfera,Dopasowanie ścisłe,Search | Brand,Brand,Kwalifikujące się,235,64,"57,25","8,00","3 324,67",10,Powyżej średniej,Powyżej średniej,Powyżej średniej,"83,42%","0,38%"
2026-09-12,buty do biegania damskie,Dopasowanie ścisłe,Search | Buty do biegania,Damskie,Kwalifikujące się,246,15,"32,38","0,00","0,00",7,Powyżej średniej,Średnia,Średnia,"53,14%","28,20%"
2026-09-12,buty do biegania męskie,Dopasowanie ścisłe,Search | Buty do biegania,Męskie,Kwalifikujące się,217,15,"30,76","1,00","296,27",7,Powyżej średniej,Średnia,Średnia,"54,49%","28,93%"
2026-09-12,buty do biegania,Dopasowanie do wyrażenia,Search | Buty do biegania,Ogólne,Kwalifikujące się,1 610,89,"159,54","2,00","561,33",5,Średnia,Średnia,Poniżej średniej,"44,18%","46,90%"
2026-09-12,buty do biegania w terenie,Dopasowanie do wyrażenia,Search | Buty trailowe,Trail,Kwalifikujące się,479,14,"25,49","0,00","0,00",3,Poniżej średniej,Poniżej średniej,Średnia,"22,13%","57,62%"
2026-09-12,buty trailowe,Dopasowanie ścisłe,Search | Buty trailowe,Trail,Kwalifikujące się,770,41,"84,89","3,00","1 082,36",6,Średnia,Powyżej średniej,Średnia,"41,85%","35,20%"
2026-09-12,asics gel nimbus,Dopasowanie ścisłe,Search | Konkurencja,Asics,Kwalifikujące się,147,6,"16,72","0,00","0,00",4,Średnia,Poniżej średniej,Średnia,"17,63%","76,60%"
2026-09-12,hoka clifton,Dopasowanie ścisłe,Search | Konkurencja,Hoka,Kwalifikujące się,159,2,"6,57","0,00","0,00",4,Poniżej średniej,Średnia,Średnia,"20,25%","73,33%"
2026-09-12,nike pegasus,Dopasowanie ścisłe,Search | Konkurencja,Nike,Kwalifikujące się,338,6,"19,64","0,00","0,00",3,Poniżej średniej,Poniżej średniej,Średnia,"17,15%","81,94%"
2026-09-12,buty do biegania sklep,Dopasowanie przybliżone,Search | Konkurencja,Ogólne,Kwalifikujące się,256,5,"12,48","0,00","0,00",6,Średnia,Średnia,Średnia,"28,93%","47,15%"
2026-09-13,biegosfera,Dopasowanie ścisłe,Search | Brand,Brand,Kwalifikujące się,236,67,"53,28","5,00","1 702,40",10,Powyżej średniej,Powyżej średniej,Powyżej średniej,"87,33%","1,79%"
2026-09-13,buty do biegania damskie,Dopasowanie ścisłe,Search | Buty do biegania,Damskie,Kwalifikujące się,274,15,"26,93","0,00","0,00",7,Powyżej średniej,Średnia,Średnia,"55,94%","32,15%"
2026-09-13,buty do biegania męskie,Dopasowanie ścisłe,Search | Buty do biegania,Męskie,Kwalifikujące się,226,13,"32,51","0,00","0,00",7,Powyżej średniej,Średnia,Średnia,"56,79%","32,18%"
2026-09-13,buty do biegania,Dopasowanie do wyrażenia,Search | Buty do biegania,Ogólne,Kwalifikujące się,1 713,95,"181,26","2,00","804,77",5,Średnia,Średnia,Poniżej średniej,"44,93%","47,05%"
2026-09-13,buty do biegania w terenie,Dopasowanie do wyrażenia,Search | Buty trailowe,Trail,Kwalifikujące się,441,19,"33,38","0,00","0,00",3,Poniżej średniej,Poniżej średniej,Średnia,"24,77%","58,58%"
2026-09-13,buty trailowe,Dopasowanie ścisłe,Search | Buty trailowe,Trail,Kwalifikujące się,832,60,"129,05","2,00","756,23",6,Średnia,Powyżej średniej,Średnia,"39,89%","34,01%"
2026-09-13,asics gel nimbus,Dopasowanie ścisłe,Search | Konkurencja,Asics,Kwalifikujące się,183,8,"26,53","0,00","0,00",4,Średnia,Poniżej średniej,Średnia,"19,60%","79,99%"
2026-09-13,hoka clifton,Dopasowanie ścisłe,Search | Konkurencja,Hoka,Kwalifikujące się,142,3,"10,95","1,00","362,77",4,Poniżej średniej,Średnia,Średnia,"17,85%","72,99%"
2026-09-13,nike pegasus,Dopasowanie ścisłe,Search | Konkurencja,Nike,Kwalifikujące się,302,13,"35,89","0,00","0,00",3,Poniżej średniej,Poniżej średniej,Średnia,"14,30%","79,78%"
2026-09-13,buty do biegania sklep,Dopasowanie przybliżone,Search | Konkurencja,Ogólne,Kwalifikujące się,255,10,"21,59","0,00","0,00",6,Średnia,Średnia,Średnia,"32,74%","52,65%"
2026-09-14,biegosfera,Dopasowanie ścisłe,Search | Brand,Brand,Kwalifikujące się,295,70,"63,12","6,00","2 221,31",10,Powyżej średniej,Powyżej średniej,Powyżej średniej,"87,80%","4,38%"
2026-09-14,buty do biegania damskie,Dopasowanie ścisłe,Search | Buty do biegania,Damskie,Kwalifikujące się,319,28,"54,36","1,00","364,80",7,Powyżej średniej,Średnia,Średnia,"56,06%","28,62%"
2026-09-14,buty do biegania męskie,Dopasowanie ścisłe,Search | Buty do biegania,Męskie,Kwalifikujące się,248,21,"56,44","0,00","0,00",7,Powyżej średniej,Średnia,Średnia,"54,24%","27,02%"
2026-09-14,buty do biegania,Dopasowanie do wyrażenia,Search | Buty do biegania,Ogólne,Kwalifikujące się,1 929,93,"180,64","1,00","323,43",5,Średnia,Średnia,Poniżej średniej,"47,00%","43,66%"
2026-09-14,buty do biegania w terenie,Dopasowanie do wyrażenia,Search | Buty trailowe,Trail,Kwalifikujące się,526,15,"31,98","0,00","0,00",3,Poniżej średniej,Poniżej średniej,Średnia,"22,48%","58,89%"
2026-09-14,buty trailowe,Dopasowanie ścisłe,Search | Buty trailowe,Trail,Kwalifikujące się,931,61,"117,33","0,00","0,00",6,Średnia,Powyżej średniej,Średnia,"38,94%","36,34%"
2026-09-14,asics gel nimbus,Dopasowanie ścisłe,Search | Konkurencja,Asics,Kwalifikujące się,224,6,"20,94","0,00","0,00",4,Średnia,Poniżej średniej,Średnia,"15,03%","76,38%"
2026-09-14,hoka clifton,Dopasowanie ścisłe,Search | Konkurencja,Hoka,Kwalifikujące się,171,2,"7,77","0,00","0,00",4,Poniżej średniej,Średnia,Średnia,"22,38%","77,13%"
2026-09-14,nike pegasus,Dopasowanie ścisłe,Search | Konkurencja,Nike,Kwalifikujące się,365,10,"25,79","0,00","0,00",3,Poniżej średniej,Poniżej średniej,Średnia,"15,77%","80,35%"
2026-09-14,buty do biegania sklep,Dopasowanie przybliżone,Search | Konkurencja,Ogólne,Kwalifikujące się,288,7,"20,43","1,00","437,71",6,Średnia,Średnia,Średnia,"28,34%","52,25%"
2026-09-15,biegosfera,Dopasowanie ścisłe,Search | Brand,Brand,Kwalifikujące się,293,82,"68,35","5,00","2 030,08",10,Powyżej średniej,Powyżej średniej,Powyżej średniej,"86,56%","3,08%"
2026-09-15,buty do biegania damskie,Dopasowanie ścisłe,Search | Buty do biegania,Damskie,Kwalifikujące się,331,28,"57,21","1,00","287,91",7,Powyżej średniej,Średnia,Średnia,"52,97%","28,30%"
2026-09-15,buty do biegania męskie,Dopasowanie ścisłe,Search | Buty do biegania,Męskie,Kwalifikujące się,261,15,"38,18","0,00","0,00",7,Powyżej średniej,Średnia,Średnia,"54,28%","28,99%"
2026-09-15,buty do biegania,Dopasowanie do wyrażenia,Search | Buty do biegania,Ogólne,Kwalifikujące się,1 990,101,"198,58","7,00","2 460,71",5,Średnia,Średnia,Poniżej średniej,"42,37%","44,44%"
2026-09-15,buty do biegania w terenie,Dopasowanie do wyrażenia,Search | Buty trailowe,Trail,Kwalifikujące się,543,18,"32,05","0,00","0,00",3,Poniżej średniej,Poniżej średniej,Średnia,"24,69%","58,72%"
2026-09-15,buty trailowe,Dopasowanie ścisłe,Search | Buty trailowe,Trail,Kwalifikujące się,812,60,"113,68","0,00","0,00",6,Średnia,Powyżej średniej,Średnia,"39,31%","33,99%"
2026-09-15,asics gel nimbus,Dopasowanie ścisłe,Search | Konkurencja,Asics,Kwalifikujące się,202,7,"22,47","0,00","0,00",4,Średnia,Poniżej średniej,Średnia,"17,26%","78,71%"
2026-09-15,hoka clifton,Dopasowanie ścisłe,Search | Konkurencja,Hoka,Kwalifikujące się,175,4,"13,85","0,00","0,00",4,Poniżej średniej,Średnia,Średnia,"19,98%","73,19%"
2026-09-15,nike pegasus,Dopasowanie ścisłe,Search | Konkurencja,Nike,Kwalifikujące się,375,9,"27,47","0,00","0,00",3,Poniżej średniej,Poniżej średniej,Średnia,"16,77%","80,08%"
2026-09-15,buty do biegania sklep,Dopasowanie przybliżone,Search | Konkurencja,Ogólne,Kwalifikujące się,263,17,"43,16","0,00","0,00",6,Średnia,Średnia,Średnia,"29,75%","51,28%"
2026-09-16,biegosfera,Dopasowanie ścisłe,Search | Brand,Brand,Kwalifikujące się,305,74,"57,51","7,00","2 461,34",10,Powyżej średniej,Powyżej średniej,Powyżej średniej,"86,51%","5,09%"
2026-09-16,buty do biegania damskie,Dopasowanie ścisłe,Search | Buty do biegania,Damskie,Kwalifikujące się,342,23,"41,80","3,00","993,28",7,Powyżej średniej,Średnia,Średnia,"56,87%","31,01%"
2026-09-16,buty do biegania męskie,Dopasowanie ścisłe,Search | Buty do biegania,Męskie,Kwalifikujące się,266,26,"53,53","0,00","0,00",7,Powyżej średniej,Średnia,Średnia,"56,33%","27,94%"
2026-09-16,buty do biegania,Dopasowanie do wyrażenia,Search | Buty do biegania,Ogólne,Kwalifikujące się,2 024,89,"188,22","5,00","2 107,12",5,Średnia,Średnia,Poniżej średniej,"46,20%","43,53%"
2026-09-16,buty do biegania w terenie,Dopasowanie do wyrażenia,Search | Buty trailowe,Trail,Kwalifikujące się,485,16,"30,08","0,00","0,00",3,Poniżej średniej,Poniżej średniej,Średnia,"23,55%","57,72%"
2026-09-16,buty trailowe,Dopasowanie ścisłe,Search | Buty trailowe,Trail,Kwalifikujące się,840,44,"92,15","1,00","420,77",6,Średnia,Powyżej średniej,Średnia,"39,38%","32,12%"
2026-09-16,asics gel nimbus,Dopasowanie ścisłe,Search | Konkurencja,Asics,Kwalifikujące się,210,3,"9,60","0,00","0,00",4,Średnia,Poniżej średniej,Średnia,"18,94%","79,49%"
2026-09-16,hoka clifton,Dopasowanie ścisłe,Search | Konkurencja,Hoka,Kwalifikujące się,151,5,"16,51","0,00","0,00",4,Poniżej średniej,Średnia,Średnia,"21,65%","72,77%"
2026-09-16,nike pegasus,Dopasowanie ścisłe,Search | Konkurencja,Nike,Kwalifikujące się,378,17,"36,98","0,00","0,00",3,Poniżej średniej,Poniżej średniej,Średnia,"15,85%","82,03%"
2026-09-16,buty do biegania sklep,Dopasowanie przybliżone,Search | Konkurencja,Ogólne,Kwalifikujące się,273,7,"18,51","1,00","357,92",6,Średnia,Średnia,Średnia,"27,22%","48,16%"
2026-09-17,biegosfera,Dopasowanie ścisłe,Search | Brand,Brand,Kwalifikujące się,259,69,"65,57","1,00","264,03",10,Powyżej średniej,Powyżej średniej,Powyżej średniej,"83,61%","2,77%"
2026-09-17,buty do biegania damskie,Dopasowanie ścisłe,Search | Buty do biegania,Damskie,Kwalifikujące się,328,25,"52,43","0,00","0,00",7,Powyżej średniej,Średnia,Średnia,"53,03%","30,23%"
2026-09-17,buty do biegania męskie,Dopasowanie ścisłe,Search | Buty do biegania,Męskie,Kwalifikujące się,239,16,"31,21","1,00","288,36",7,Powyżej średniej,Średnia,Średnia,"54,06%","30,93%"
2026-09-17,buty do biegania,Dopasowanie do wyrażenia,Search | Buty do biegania,Ogólne,Kwalifikujące się,2 001,86,"156,81","1,00","276,93",5,Średnia,Średnia,Poniżej średniej,"45,19%","46,12%"
2026-09-17,buty do biegania w terenie,Dopasowanie do wyrażenia,Search | Buty trailowe,Trail,Kwalifikujące się,532,20,"37,50","1,00","392,39",3,Poniżej średniej,Poniżej średniej,Średnia,"23,48%","61,24%"
2026-09-17,buty trailowe,Dopasowanie ścisłe,Search | Buty trailowe,Trail,Kwalifikujące się,927,56,"111,72","1,00","399,98",6,Średnia,Powyżej średniej,Średnia,"41,41%","36,33%"
2026-09-17,asics gel nimbus,Dopasowanie ścisłe,Search | Konkurencja,Asics,Kwalifikujące się,199,6,"19,70","0,00","0,00",4,Średnia,Poniżej średniej,Średnia,"15,41%","80,68%"
2026-09-17,hoka clifton,Dopasowanie ścisłe,Search | Konkurencja,Hoka,Kwalifikujące się,203,6,"16,65","0,00","0,00",4,Poniżej średniej,Średnia,Średnia,"20,46%","73,63%"
2026-09-17,nike pegasus,Dopasowanie ścisłe,Search | Konkurencja,Nike,Kwalifikujące się,374,10,"26,85","0,00","0,00",3,Poniżej średniej,Poniżej średniej,Średnia,"14,60%","80,11%"
2026-09-17,buty do biegania sklep,Dopasowanie przybliżone,Search | Konkurencja,Ogólne,Kwalifikujące się,280,14,"31,58","0,00","0,00",6,Średnia,Średnia,Średnia,"30,11%","48,49%"
2026-09-18,biegosfera,Dopasowanie ścisłe,Search | Brand,Brand,Kwalifikujące się,307,91,"78,30","6,00","2 179,63",10,Powyżej średniej,Powyżej średniej,Powyżej średniej,"83,59%","2,18%"
2026-09-18,buty do biegania damskie,Dopasowanie ścisłe,Search | Buty do biegania,Damskie,Kwalifikujące się,343,24,"47,92","1,00","312,20",7,Powyżej średniej,Średnia,Średnia,"56,69%","29,62%"
2026-09-18,buty do biegania męskie,Dopasowanie ścisłe,Search | Buty do biegania,Męskie,Kwalifikujące się,268,15,"31,08","1,00","335,53",7,Powyżej średniej,Średnia,Średnia,"52,23%","29,71%"
2026-09-18,buty do biegania,Dopasowanie do wyrażenia,Search | Buty do biegania,Ogólne,Kwalifikujące się,1 936,92,"187,00","3,00","963,68",5,Średnia,Średnia,Poniżej średniej,"43,21%","42,07%"
2026-09-18,buty do biegania w terenie,Dopasowanie do wyrażenia,Search | Buty trailowe,Trail,Kwalifikujące się,547,19,"38,60","1,00","264,27",3,Poniżej średniej,Poniżej średniej,Średnia,"27,86%","58,76%"
2026-09-18,buty trailowe,Dopasowanie ścisłe,Search | Buty trailowe,Trail,Kwalifikujące się,908,46,"93,07","1,00","367,63",6,Średnia,Powyżej średniej,Średnia,"40,22%","34,15%"
2026-09-18,asics gel nimbus,Dopasowanie ścisłe,Search | Konkurencja,Asics,Kwalifikujące się,226,4,"10,60","0,00","0,00",4,Średnia,Poniżej średniej,Średnia,"15,32%","80,41%"
2026-09-18,hoka clifton,Dopasowanie ścisłe,Search | Konkurencja,Hoka,Kwalifikujące się,186,5,"15,46","0,00","0,00",4,Poniżej średniej,Średnia,Średnia,"22,61%","73,12%"
2026-09-18,nike pegasus,Dopasowanie ścisłe,Search | Konkurencja,Nike,Kwalifikujące się,398,13,"37,10","0,00","0,00",3,Poniżej średniej,Poniżej średniej,Średnia,"14,51%","79,24%"
2026-09-18,buty do biegania sklep,Dopasowanie przybliżone,Search | Konkurencja,Ogólne,Kwalifikujące się,278,10,"20,83","0,00","0,00",6,Średnia,Średnia,Średnia,"28,00%","50,97%"
2026-09-19,biegosfera,Dopasowanie ścisłe,Search | Brand,Brand,Kwalifikujące się,248,71,"62,34","4,00","1 559,12",10,Powyżej średniej,Powyżej średniej,Powyżej średniej,"86,69%","4,56%"
2026-09-19,buty do biegania damskie,Dopasowanie ścisłe,Search | Buty do biegania,Damskie,Kwalifikujące się,269,21,"39,68","1,00","434,96",7,Powyżej średniej,Średnia,Średnia,"56,05%","27,10%"
2026-09-19,buty do biegania męskie,Dopasowanie ścisłe,Search | Buty do biegania,Męskie,Kwalifikujące się,237,16,"31,88","0,00","0,00",7,Powyżej średniej,Średnia,Średnia,"53,38%","30,09%"
2026-09-19,buty do biegania,Dopasowanie do wyrażenia,Search | Buty do biegania,Ogólne,Kwalifikujące się,1 696,70,"121,74","1,00","267,77",5,Średnia,Średnia,Poniżej średniej,"46,22%","44,32%"
2026-09-19,buty do biegania w terenie,Dopasowanie do wyrażenia,Search | Buty trailowe,Trail,Kwalifikujące się,448,11,"18,48","0,00","0,00",3,Poniżej średniej,Poniżej średniej,Średnia,"24,70%","62,04%"
2026-09-19,buty trailowe,Dopasowanie ścisłe,Search | Buty trailowe,Trail,Kwalifikujące się,773,43,"84,96","0,00","0,00",6,Średnia,Powyżej średniej,Średnia,"37,14%","33,61%"
2026-09-19,asics gel nimbus,Dopasowanie ścisłe,Search | Konkurencja,Asics,Kwalifikujące się,181,4,"10,03","0,00","0,00",4,Średnia,Poniżej średniej,Średnia,"16,74%","80,96%"
2026-09-19,hoka clifton,Dopasowanie ścisłe,Search | Konkurencja,Hoka,Kwalifikujące się,145,3,"11,67","0,00","0,00",4,Poniżej średniej,Średnia,Średnia,"18,37%","72,28%"
2026-09-19,nike pegasus,Dopasowanie ścisłe,Search | Konkurencja,Nike,Kwalifikujące się,325,11,"33,99","0,00","0,00",3,Poniżej średniej,Poniżej średniej,Średnia,"14,50%","80,90%"
2026-09-19,buty do biegania sklep,Dopasowanie przybliżone,Search | Konkurencja,Ogólne,Kwalifikujące się,249,9,"25,10","0,00","0,00",6,Średnia,Średnia,Średnia,"27,92%","52,04%"
2026-09-20,biegosfera,Dopasowanie ścisłe,Search | Brand,Brand,Kwalifikujące się,267,75,"58,43","5,00","1 900,38",10,Powyżej średniej,Powyżej średniej,Powyżej średniej,"83,18%","4,23%"
2026-09-20,buty do biegania damskie,Dopasowanie ścisłe,Search | Buty do biegania,Damskie,Kwalifikujące się,266,21,"46,36","1,00","290,67",7,Powyżej średniej,Średnia,Średnia,"52,97%","32,29%"
2026-09-20,buty do biegania męskie,Dopasowanie ścisłe,Search | Buty do biegania,Męskie,Kwalifikujące się,211,16,"38,82","1,00","402,45",7,Powyżej średniej,Średnia,Średnia,"53,21%","31,39%"
2026-09-20,buty do biegania,Dopasowanie do wyrażenia,Search | Buty do biegania,Ogólne,Kwalifikujące się,1 716,102,"234,59","3,00","1 203,69",5,Średnia,Średnia,Poniżej średniej,"47,03%","43,53%"
2026-09-20,buty do biegania w terenie,Dopasowanie do wyrażenia,Search | Buty trailowe,Trail,Kwalifikujące się,434,15,"25,85","0,00","0,00",3,Poniżej średniej,Poniżej średniej,Średnia,"22,56%","60,52%"
2026-09-20,buty trailowe,Dopasowanie ścisłe,Search | Buty trailowe,Trail,Kwalifikujące się,748,37,"78,34","1,00","364,36",6,Średnia,Powyżej średniej,Średnia,"39,99%","34,88%"
2026-09-20,asics gel nimbus,Dopasowanie ścisłe,Search | Konkurencja,Asics,Kwalifikujące się,167,2,"6,14","1,00","335,39",4,Średnia,Poniżej średniej,Średnia,"19,69%","77,78%"
2026-09-20,hoka clifton,Dopasowanie ścisłe,Search | Konkurencja,Hoka,Kwalifikujące się,139,7,"22,12","0,00","0,00",4,Poniżej średniej,Średnia,Średnia,"19,98%","74,92%"
2026-09-20,nike pegasus,Dopasowanie ścisłe,Search | Konkurencja,Nike,Kwalifikujące się,323,17,"40,64","0,00","0,00",3,Poniżej średniej,Poniżej średniej,Średnia,"14,73%","79,43%"
2026-09-20,buty do biegania sklep,Dopasowanie przybliżone,Search | Konkurencja,Ogólne,Kwalifikujące się,254,4,"8,96","0,00","0,00",6,Średnia,Średnia,Średnia,"27,97%","48,77%"
2026-09-21,biegosfera,Dopasowanie ścisłe,Search | Brand,Brand,Kwalifikujące się,306,83,"80,60","4,00","1 547,71",10,Powyżej średniej,Powyżej średniej,Powyżej średniej,"83,59%","1,49%"
2026-09-21,buty do biegania damskie,Dopasowanie ścisłe,Search | Buty do biegania,Damskie,Kwalifikujące się,298,19,"35,01","1,00","301,00",7,Powyżej średniej,Średnia,Średnia,"56,70%","27,68%"
2026-09-21,buty do biegania męskie,Dopasowanie ścisłe,Search | Buty do biegania,Męskie,Kwalifikujące się,251,16,"40,90","0,00","0,00",7,Powyżej średniej,Średnia,Średnia,"53,23%","30,16%"
2026-09-21,buty do biegania,Dopasowanie do wyrażenia,Search | Buty do biegania,Ogólne,Kwalifikujące się,1 996,110,"232,49","1,00","327,93",5,Średnia,Średnia,Poniżej średniej,"43,88%","43,44%"
2026-09-21,buty do biegania w terenie,Dopasowanie do wyrażenia,Search | Buty trailowe,Trail,Kwalifikujące się,575,21,"33,14","0,00","0,00",3,Poniżej średniej,Poniżej średniej,Średnia,"24,24%","60,01%"
2026-09-21,buty trailowe,Dopasowanie ścisłe,Search | Buty trailowe,Trail,Kwalifikujące się,929,45,"93,70","0,00","0,00",6,Średnia,Powyżej średniej,Średnia,"41,05%","37,83%"
2026-09-21,asics gel nimbus,Dopasowanie ścisłe,Search | Konkurencja,Asics,Kwalifikujące się,224,9,"27,36","0,00","0,00",4,Średnia,Poniżej średniej,Średnia,"20,12%","77,58%"
2026-09-21,hoka clifton,Dopasowanie ścisłe,Search | Konkurencja,Hoka,Kwalifikujące się,167,3,"9,64","0,00","0,00",4,Poniżej średniej,Średnia,Średnia,"19,71%","74,49%"
2026-09-21,nike pegasus,Dopasowanie ścisłe,Search | Konkurencja,Nike,Kwalifikujące się,401,17,"47,19","1,00","274,03",3,Poniżej średniej,Poniżej średniej,Średnia,"13,43%","82,71%"
2026-09-21,buty do biegania sklep,Dopasowanie przybliżone,Search | Konkurencja,Ogólne,Kwalifikujące się,295,6,"13,89","0,00","0,00",6,Średnia,Średnia,Średnia,"27,41%","48,23%"
2026-09-22,biegosfera,Dopasowanie ścisłe,Search | Brand,Brand,Kwalifikujące się,320,92,"72,49","6,00","1 837,12",10,Powyżej średniej,Powyżej średniej,Powyżej średniej,"85,97%","3,54%"
2026-09-22,buty do biegania damskie,Dopasowanie ścisłe,Search | Buty do biegania,Damskie,Kwalifikujące się,337,22,"48,73","1,00","401,07",7,Powyżej średniej,Średnia,Średnia,"53,67%","32,62%"
2026-09-22,buty do biegania męskie,Dopasowanie ścisłe,Search | Buty do biegania,Męskie,Kwalifikujące się,258,23,"41,90","1,00","288,37",7,Powyżej średniej,Średnia,Średnia,"54,46%","30,58%"
2026-09-22,buty do biegania,Dopasowanie do wyrażenia,Search | Buty do biegania,Ogólne,Kwalifikujące się,2 004,125,"229,81","3,00","1 172,47",5,Średnia,Średnia,Poniżej średniej,"42,55%","47,35%"
2026-09-22,buty do biegania w terenie,Dopasowanie do wyrażenia,Search | Buty trailowe,Trail,Kwalifikujące się,553,17,"33,53","0,00","0,00",3,Poniżej średniej,Poniżej średniej,Średnia,"22,62%","59,36%"
2026-09-22,buty trailowe,Dopasowanie ścisłe,Search | Buty trailowe,Trail,Kwalifikujące się,904,55,"102,38","2,00","682,45",6,Średnia,Powyżej średniej,Średnia,"42,31%","37,67%"
2026-09-22,asics gel nimbus,Dopasowanie ścisłe,Search | Konkurencja,Asics,Kwalifikujące się,221,5,"14,04","0,00","0,00",4,Średnia,Poniżej średniej,Średnia,"20,42%","79,97%"
2026-09-22,hoka clifton,Dopasowanie ścisłe,Search | Konkurencja,Hoka,Kwalifikujące się,163,5,"15,99","1,00","341,74",4,Poniżej średniej,Średnia,Średnia,"18,40%","72,19%"
2026-09-22,nike pegasus,Dopasowanie ścisłe,Search | Konkurencja,Nike,Kwalifikujące się,387,17,"46,50","0,00","0,00",3,Poniżej średniej,Poniżej średniej,Średnia,"14,71%","77,38%"
2026-09-22,buty do biegania sklep,Dopasowanie przybliżone,Search | Konkurencja,Ogólne,Kwalifikujące się,293,13,"29,76","0,00","0,00",6,Średnia,Średnia,Średnia,"32,76%","47,05%"
2026-09-23,biegosfera,Dopasowanie ścisłe,Search | Brand,Brand,Kwalifikujące się,316,88,"81,34","5,00","1 568,33",10,Powyżej średniej,Powyżej średniej,Powyżej średniej,"83,95%","1,22%"
2026-09-23,buty do biegania damskie,Dopasowanie ścisłe,Search | Buty do biegania,Damskie,Kwalifikujące się,327,26,"49,26","1,00","292,40",7,Powyżej średniej,Średnia,Średnia,"52,08%","29,99%"
2026-09-23,buty do biegania męskie,Dopasowanie ścisłe,Search | Buty do biegania,Męskie,Kwalifikujące się,244,19,"38,71","1,00","313,70",7,Powyżej średniej,Średnia,Średnia,"52,46%","32,40%"
2026-09-23,buty do biegania,Dopasowanie do wyrażenia,Search | Buty do biegania,Ogólne,Kwalifikujące się,2 026,106,"190,94","3,00","859,93",5,Średnia,Średnia,Poniżej średniej,"46,13%","44,22%"
2026-09-23,buty do biegania w terenie,Dopasowanie do wyrażenia,Search | Buty trailowe,Trail,Kwalifikujące się,502,12,"21,66","0,00","0,00",3,Poniżej średniej,Poniżej średniej,Średnia,"27,05%","61,78%"
2026-09-23,buty trailowe,Dopasowanie ścisłe,Search | Buty trailowe,Trail,Kwalifikujące się,897,42,"85,98","0,00","0,00",6,Średnia,Powyżej średniej,Średnia,"38,96%","37,08%"
2026-09-23,asics gel nimbus,Dopasowanie ścisłe,Search | Konkurencja,Asics,Kwalifikujące się,195,7,"18,61","1,00","427,17",4,Średnia,Poniżej średniej,Średnia,"20,58%","78,72%"
2026-09-23,hoka clifton,Dopasowanie ścisłe,Search | Konkurencja,Hoka,Kwalifikujące się,198,8,"28,97","0,00","0,00",4,Poniżej średniej,Średnia,Średnia,"19,11%","77,40%"
2026-09-23,nike pegasus,Dopasowanie ścisłe,Search | Konkurencja,Nike,Kwalifikujące się,404,10,"30,42","1,00","377,51",3,Poniżej średniej,Poniżej średniej,Średnia,"17,66%","79,08%"
2026-09-23,buty do biegania sklep,Dopasowanie przybliżone,Search | Konkurencja,Ogólne,Kwalifikujące się,279,11,"28,29","0,00","0,00",6,Średnia,Średnia,Średnia,"27,52%","52,21%"
2026-09-24,biegosfera,Dopasowanie ścisłe,Search | Brand,Brand,Kwalifikujące się,303,82,"70,14","6,00","1 693,55",10,Powyżej średniej,Powyżej średniej,Powyżej średniej,"85,99%","1,39%"
2026-09-24,buty do biegania damskie,Dopasowanie ścisłe,Search | Buty do biegania,Damskie,Kwalifikujące się,322,29,"53,10","0,00","0,00",7,Powyżej średniej,Średnia,Średnia,"55,40%","28,85%"
2026-09-24,buty do biegania męskie,Dopasowanie ścisłe,Search | Buty do biegania,Męskie,Kwalifikujące się,269,19,"46,96","0,00","0,00",7,Powyżej średniej,Średnia,Średnia,"57,52%","29,05%"
2026-09-24,buty do biegania,Dopasowanie do wyrażenia,Search | Buty do biegania,Ogólne,Kwalifikujące się,2 009,118,"218,78","4,00","1 275,50",5,Średnia,Średnia,Poniżej średniej,"43,18%","42,26%"
2026-09-24,buty do biegania w terenie,Dopasowanie do wyrażenia,Search | Buty trailowe,Trail,Kwalifikujące się,520,17,"29,29","0,00","0,00",3,Poniżej średniej,Poniżej średniej,Średnia,"24,06%","62,94%"
2026-09-24,buty trailowe,Dopasowanie ścisłe,Search | Buty trailowe,Trail,Kwalifikujące się,858,52,"95,99","1,00","295,48",6,Średnia,Powyżej średniej,Średnia,"38,31%","34,75%"
2026-09-24,asics gel nimbus,Dopasowanie ścisłe,Search | Konkurencja,Asics,Kwalifikujące się,223,13,"46,42","0,00","0,00",4,Średnia,Poniżej średniej,Średnia,"20,83%","75,04%"
2026-09-24,hoka clifton,Dopasowanie ścisłe,Search | Konkurencja,Hoka,Kwalifikujące się,181,7,"28,35","0,00","0,00",4,Poniżej średniej,Średnia,Średnia,"18,77%","76,93%"
2026-09-24,nike pegasus,Dopasowanie ścisłe,Search | Konkurencja,Nike,Kwalifikujące się,383,10,"22,47","0,00","0,00",3,Poniżej średniej,Poniżej średniej,Średnia,"12,57%","82,57%"
2026-09-24,buty do biegania sklep,Dopasowanie przybliżone,Search | Konkurencja,Ogólne,Kwalifikujące się,302,7,"17,94","0,00","0,00",6,Średnia,Średnia,Średnia,"32,01%","47,86%"
2026-09-25,biegosfera,Dopasowanie ścisłe,Search | Brand,Brand,Kwalifikujące się,322,75,"72,98","3,00","1 157,44",10,Powyżej średniej,Powyżej średniej,Powyżej średniej,"85,55%","3,33%"
2026-09-25,buty do biegania damskie,Dopasowanie ścisłe,Search | Buty do biegania,Damskie,Kwalifikujące się,340,27,"59,38","0,00","0,00",7,Powyżej średniej,Średnia,Średnia,"56,16%","28,84%"
2026-09-25,buty do biegania męskie,Dopasowanie ścisłe,Search | Buty do biegania,Męskie,Kwalifikujące się,239,11,"22,70","0,00","0,00",7,Powyżej średniej,Średnia,Średnia,"54,30%","28,44%"
2026-09-25,buty do biegania,Dopasowanie do wyrażenia,Search | Buty do biegania,Ogólne,Kwalifikujące się,2 029,105,"193,33","4,00","1 512,47",5,Średnia,Średnia,Poniżej średniej,"43,75%","43,05%"
2026-09-25,buty do biegania w terenie,Dopasowanie do wyrażenia,Search | Buty trailowe,Trail,Kwalifikujące się,566,22,"38,62","0,00","0,00",3,Poniżej średniej,Poniżej średniej,Średnia,"27,43%","62,32%"
2026-09-25,buty trailowe,Dopasowanie ścisłe,Search | Buty trailowe,Trail,Kwalifikujące się,897,56,"116,63","1,00","280,98",6,Średnia,Powyżej średniej,Średnia,"39,16%","36,16%"
2026-09-25,asics gel nimbus,Dopasowanie ścisłe,Search | Konkurencja,Asics,Kwalifikujące się,210,14,"37,63","2,00","754,23",4,Średnia,Poniżej średniej,Średnia,"17,94%","76,68%"
2026-09-25,hoka clifton,Dopasowanie ścisłe,Search | Konkurencja,Hoka,Kwalifikujące się,190,7,"28,56","0,00","0,00",4,Poniżej średniej,Średnia,Średnia,"19,10%","77,79%"
2026-09-25,nike pegasus,Dopasowanie ścisłe,Search | Konkurencja,Nike,Kwalifikujące się,417,11,"36,84","0,00","0,00",3,Poniżej średniej,Poniżej średniej,Średnia,"14,05%","80,47%"
2026-09-25,buty do biegania sklep,Dopasowanie przybliżone,Search | Konkurencja,Ogólne,Kwalifikujące się,288,5,"13,22","1,00","435,70",6,Średnia,Średnia,Średnia,"32,67%","48,79%"
2026-09-26,biegosfera,Dopasowanie ścisłe,Search | Brand,Brand,Kwalifikujące się,255,61,"47,47","5,00","1 844,89",10,Powyżej średniej,Powyżej średniej,Powyżej średniej,"86,85%","0,68%"
2026-09-26,buty do biegania damskie,Dopasowanie ścisłe,Search | Buty do biegania,Damskie,Kwalifikujące się,268,23,"53,15","2,00","586,94",7,Powyżej średniej,Średnia,Średnia,"56,40%","31,84%"
2026-09-26,buty do biegania męskie,Dopasowanie ścisłe,Search | Buty do biegania,Męskie,Kwalifikujące się,223,18,"37,14","0,00","0,00",7,Powyżej średniej,Średnia,Średnia,"57,02%","32,85%"
2026-09-26,buty do biegania,Dopasowanie do wyrażenia,Search | Buty do biegania,Ogólne,Kwalifikujące się,1 696,86,"167,13","4,00","1 347,67",5,Średnia,Średnia,Poniżej średniej,"46,27%","47,86%"
2026-09-26,buty do biegania w terenie,Dopasowanie do wyrażenia,Search | Buty trailowe,Trail,Kwalifikujące się,454,13,"24,59","0,00","0,00",3,Poniżej średniej,Poniżej średniej,Średnia,"23,67%","60,13%"
2026-09-26,buty trailowe,Dopasowanie ścisłe,Search | Buty trailowe,Trail,Kwalifikujące się,833,40,"82,64","1,00","290,19",6,Średnia,Powyżej średniej,Średnia,"38,28%","32,50%"
2026-09-26,asics gel nimbus,Dopasowanie ścisłe,Search | Konkurencja,Asics,Kwalifikujące się,190,8,"24,40","0,00","0,00",4,Średnia,Poniżej średniej,Średnia,"17,63%","79,32%"
2026-09-26,hoka clifton,Dopasowanie ścisłe,Search | Konkurencja,Hoka,Kwalifikujące się,127,2,"7,09","0,00","0,00",4,Poniżej średniej,Średnia,Średnia,"21,67%","72,10%"
2026-09-26,nike pegasus,Dopasowanie ścisłe,Search | Konkurencja,Nike,Kwalifikujące się,317,16,"38,54","0,00","0,00",3,Poniżej średniej,Poniżej średniej,Średnia,"17,65%","78,48%"
2026-09-26,buty do biegania sklep,Dopasowanie przybliżone,Search | Konkurencja,Ogólne,Kwalifikujące się,219,7,"17,92","0,00","0,00",6,Średnia,Średnia,Średnia,"28,75%","51,99%"
2026-09-27,biegosfera,Dopasowanie ścisłe,Search | Brand,Brand,Kwalifikujące się,277,75,"74,54","5,00","1 583,96",10,Powyżej średniej,Powyżej średniej,Powyżej średniej,"87,37%","4,42%"
2026-09-27,buty do biegania damskie,Dopasowanie ścisłe,Search | Buty do biegania,Damskie,Kwalifikujące się,263,19,"39,65","1,00","417,95",7,Powyżej średniej,Średnia,Średnia,"54,00%","29,78%"
2026-09-27,buty do biegania męskie,Dopasowanie ścisłe,Search | Buty do biegania,Męskie,Kwalifikujące się,202,22,"40,33","1,00","369,27",7,Powyżej średniej,Średnia,Średnia,"57,01%","29,14%"
2026-09-27,buty do biegania,Dopasowanie do wyrażenia,Search | Buty do biegania,Ogólne,Kwalifikujące się,1 684,90,"146,92","4,00","1 418,14",5,Średnia,Średnia,Poniżej średniej,"46,83%","46,69%"
2026-09-27,buty do biegania w terenie,Dopasowanie do wyrażenia,Search | Buty trailowe,Trail,Kwalifikujące się,505,17,"29,90","0,00","0,00",3,Poniżej średniej,Poniżej średniej,Średnia,"24,81%","62,38%"
2026-09-27,buty trailowe,Dopasowanie ścisłe,Search | Buty trailowe,Trail,Kwalifikujące się,771,49,"96,74","1,00","266,52",6,Średnia,Powyżej średniej,Średnia,"39,31%","36,50%"
2026-09-27,asics gel nimbus,Dopasowanie ścisłe,Search | Konkurencja,Asics,Kwalifikujące się,180,6,"19,17","0,00","0,00",4,Średnia,Poniżej średniej,Średnia,"18,84%","76,99%"
2026-09-27,hoka clifton,Dopasowanie ścisłe,Search | Konkurencja,Hoka,Kwalifikujące się,140,4,"14,18","0,00","0,00",4,Poniżej średniej,Średnia,Średnia,"20,19%","75,64%"
2026-09-27,nike pegasus,Dopasowanie ścisłe,Search | Konkurencja,Nike,Kwalifikujące się,333,8,"22,64","0,00","0,00",3,Poniżej średniej,Poniżej średniej,Średnia,"15,22%","77,66%"
2026-09-27,buty do biegania sklep,Dopasowanie przybliżone,Search | Konkurencja,Ogólne,Kwalifikujące się,242,9,"18,73","1,00","386,49",6,Średnia,Średnia,Średnia,"32,95%","52,80%"
2026-09-28,biegosfera,Dopasowanie ścisłe,Search | Brand,Brand,Kwalifikujące się,283,59,"52,53","8,00","3 388,39",10,Powyżej średniej,Powyżej średniej,Powyżej średniej,"82,22%","5,67%"
2026-09-28,buty do biegania damskie,Dopasowanie ścisłe,Search | Buty do biegania,Damskie,Kwalifikujące się,323,27,"56,14","2,00","676,95",7,Powyżej średniej,Średnia,Średnia,"55,19%","27,75%"
2026-09-28,buty do biegania męskie,Dopasowanie ścisłe,Search | Buty do biegania,Męskie,Kwalifikujące się,263,13,"30,63","1,00","280,32",7,Powyżej średniej,Średnia,Średnia,"56,92%","29,60%"
2026-09-28,buty do biegania,Dopasowanie do wyrażenia,Search | Buty do biegania,Ogólne,Kwalifikujące się,2 063,106,"202,29","3,00","1 199,70",5,Średnia,Średnia,Poniżej średniej,"46,28%","46,96%"
2026-09-28,buty do biegania w terenie,Dopasowanie do wyrażenia,Search | Buty trailowe,Trail,Kwalifikujące się,575,25,"48,94","0,00","0,00",3,Poniżej średniej,Poniżej średniej,Średnia,"25,23%","57,30%"
2026-09-28,buty trailowe,Dopasowanie ścisłe,Search | Buty trailowe,Trail,Kwalifikujące się,931,65,"130,91","2,00","734,54",6,Średnia,Powyżej średniej,Średnia,"41,93%","36,16%"
2026-09-28,asics gel nimbus,Dopasowanie ścisłe,Search | Konkurencja,Asics,Kwalifikujące się,237,13,"46,17","0,00","0,00",4,Średnia,Poniżej średniej,Średnia,"20,46%","76,62%"
2026-09-28,hoka clifton,Dopasowanie ścisłe,Search | Konkurencja,Hoka,Kwalifikujące się,170,10,"38,03","0,00","0,00",4,Poniżej średniej,Średnia,Średnia,"21,71%","77,24%"
2026-09-28,nike pegasus,Dopasowanie ścisłe,Search | Konkurencja,Nike,Kwalifikujące się,406,13,"38,59","0,00","0,00",3,Poniżej średniej,Poniżej średniej,Średnia,"14,13%","79,46%"
2026-09-28,buty do biegania sklep,Dopasowanie przybliżone,Search | Konkurencja,Ogólne,Kwalifikujące się,293,10,"25,42","0,00","0,00",6,Średnia,Średnia,Średnia,"29,00%","47,03%"
2026-09-29,biegosfera,Dopasowanie ścisłe,Search | Brand,Brand,Kwalifikujące się,287,61,"54,07","6,00","2 116,98",10,Powyżej średniej,Powyżej średniej,Powyżej średniej,"83,39%","1,99%"
2026-09-29,buty do biegania damskie,Dopasowanie ścisłe,Search | Buty do biegania,Damskie,Kwalifikujące się,332,27,"47,15","1,00","411,63",7,Powyżej średniej,Średnia,Średnia,"52,65%","31,59%"
2026-09-29,buty do biegania męskie,Dopasowanie ścisłe,Search | Buty do biegania,Męskie,Kwalifikujące się,250,17,"32,27","0,00","0,00",7,Powyżej średniej,Średnia,Średnia,"54,56%","30,41%"
2026-09-29,buty do biegania,Dopasowanie do wyrażenia,Search | Buty do biegania,Ogólne,Kwalifikujące się,2 123,102,"195,06","0,00","0,00",5,Średnia,Średnia,Poniżej średniej,"43,71%","44,16%"
2026-09-29,buty do biegania w terenie,Dopasowanie do wyrażenia,Search | Buty trailowe,Trail,Kwalifikujące się,565,16,"32,41","0,00","0,00",3,Poniżej średniej,Poniżej średniej,Średnia,"26,52%","59,82%"
2026-09-29,buty trailowe,Dopasowanie ścisłe,Search | Buty trailowe,Trail,Kwalifikujące się,970,46,"100,45","1,00","423,38",6,Średnia,Powyżej średniej,Średnia,"40,58%","34,54%"
2026-09-29,asics gel nimbus,Dopasowanie ścisłe,Search | Konkurencja,Asics,Kwalifikujące się,193,4,"11,18","0,00","0,00",4,Średnia,Poniżej średniej,Średnia,"18,34%","80,38%"
2026-09-29,hoka clifton,Dopasowanie ścisłe,Search | Konkurencja,Hoka,Kwalifikujące się,169,5,"18,62","0,00","0,00",4,Poniżej średniej,Średnia,Średnia,"18,60%","75,11%"
2026-09-29,nike pegasus,Dopasowanie ścisłe,Search | Konkurencja,Nike,Kwalifikujące się,409,14,"37,95","1,00","404,84",3,Poniżej średniej,Poniżej średniej,Średnia,"16,12%","77,52%"
2026-09-29,buty do biegania sklep,Dopasowanie przybliżone,Search | Konkurencja,Ogólne,Kwalifikujące się,327,7,"15,91","0,00","0,00",6,Średnia,Średnia,Średnia,"32,77%","49,99%"
2026-09-30,biegosfera,Dopasowanie ścisłe,Search | Brand,Brand,Kwalifikujące się,310,83,"79,58","6,00","2 456,16",10,Powyżej średniej,Powyżej średniej,Powyżej średniej,"83,47%","4,56%"
2026-09-30,buty do biegania damskie,Dopasowanie ścisłe,Search | Buty do biegania,Damskie,Kwalifikujące się,318,21,"38,97","0,00","0,00",7,Powyżej średniej,Średnia,Średnia,"56,89%","30,78%"
2026-09-30,buty do biegania męskie,Dopasowanie ścisłe,Search | Buty do biegania,Męskie,Kwalifikujące się,257,17,"35,41","0,00","0,00",7,Powyżej średniej,Średnia,Średnia,"57,50%","27,53%"
2026-09-30,buty do biegania,Dopasowanie do wyrażenia,Search | Buty do biegania,Ogólne,Kwalifikujące się,2 011,105,"190,02","3,00","1 202,62",5,Średnia,Średnia,Poniżej średniej,"45,17%","46,46%"
2026-09-30,buty do biegania w terenie,Dopasowanie do wyrażenia,Search | Buty trailowe,Trail,Kwalifikujące się,533,15,"26,09","0,00","0,00",3,Poniżej średniej,Poniżej średniej,Średnia,"27,50%","60,85%"
2026-09-30,buty trailowe,Dopasowanie ścisłe,Search | Buty trailowe,Trail,Kwalifikujące się,927,52,"110,13","0,00","0,00",6,Średnia,Powyżej średniej,Średnia,"40,61%","34,33%"
2026-09-30,asics gel nimbus,Dopasowanie ścisłe,Search | Konkurencja,Asics,Kwalifikujące się,236,10,"27,29","0,00","0,00",4,Średnia,Poniżej średniej,Średnia,"18,43%","78,33%"
2026-09-30,hoka clifton,Dopasowanie ścisłe,Search | Konkurencja,Hoka,Kwalifikujące się,159,4,"11,39","0,00","0,00",4,Poniżej średniej,Średnia,Średnia,"22,43%","76,96%"
2026-09-30,nike pegasus,Dopasowanie ścisłe,Search | Konkurencja,Nike,Kwalifikujące się,413,13,"37,42","0,00","0,00",3,Poniżej średniej,Poniżej średniej,Średnia,"16,42%","82,54%"
2026-09-30,buty do biegania sklep,Dopasowanie przybliżone,Search | Konkurencja,Ogólne,Kwalifikujące się,307,10,"23,26","1,00","346,29",6,Średnia,Średnia,Średnia,"27,40%","51,62%"
